time_s,pos_x,pos_y,cte_m,speed_ms,heading_err_deg
0.03333333333333333,43.202999114990234,-64.46299743652344,2.8054202904684202,0.0,42.7002772912644
0.06666666666666667,43.20245361328125,-64.46244049072266,2.8053368722732333,0.023387703298132275,42.70640380887051
0.1,43.201377868652344,-64.46135711669922,2.80516373786715,0.04580210915614937,42.748962075974205
0.13333333333333333,43.19979476928711,-64.45974731445312,2.804920041023638,0.06773404007262943,42.80322337939152
0.16666666666666666,43.19771957397461,-64.4576416015625,2.8046005267126435,0.08869281891162126,42.86274136323717
0.19999999999999998,43.195167541503906,-64.45504760742188,2.8042145758904464,0.10916733852122593,42.881835452078285
0.2333333333333333,43.19215393066406,-64.45198822021484,2.8037624788832556,0.1288314027670009,42.96854107871353
0.26666666666666666,43.188697814941406,-64.44847106933594,2.803257341037831,0.14793098922823597,43.085165018978515
0.3,43.184810638427734,-64.44451904296875,2.8026970789377805,0.1663002955194269,43.158135837665135
0.3333333333333333,43.180511474609375,-64.44013214111328,2.802100135906225,0.18426867797850227,43.26655617833196
0.36666666666666664,43.175811767578125,-64.4353256225586,2.8014697046960313,0.20167022615280203,43.37422026757798
0.39999999999999997,43.17072677612305,-64.43012237548828,2.800807301890798,0.2182609134857633,43.507555631715796
0.4333333333333333,43.1652717590332,-64.42453002929688,2.8001241771277408,0.2343680708576171,43.64511922376562
0.4666666666666666,43.15945816040039,-64.4185562133789,2.799428783057492,0.25007191988844846,43.79417895304824
0.49999999999999994,43.153297424316406,-64.4122085571289,2.7987297191352343,0.2653726965386682,43.95803076722279
0.5333333333333333,43.14680480957031,-64.40550994873047,2.798028848046346,0.2798622172518654,44.117034643502386
0.5666666666666667,43.139991760253906,-64.39845275878906,2.797344668836746,0.29427778334624977,44.31044291415881
0.6,43.132869720458984,-64.39105987548828,2.796676173338499,0.30796161596127364,44.475398644966994
0.6333333333333333,43.12544631958008,-64.38333892822266,2.7960292393191666,0.32132213829544554,44.6802885602683
0.6666666666666666,43.117740631103516,-64.37528991699219,2.7954234505092614,0.3342869949869964,44.85556148504345
0.7,43.10975646972656,-64.3669204711914,2.794861878606926,0.3470086602880401,45.086252129095044
0.7333333333333333,43.101505279541016,-64.3582534790039,2.7943433374479927,0.35899721969762666,45.339660351989664
0.7666666666666666,43.092994689941406,-64.34927368164062,2.793888809095842,0.37116062077854506,45.550528802199786
0.7999999999999999,43.0842399597168,-64.33999633789062,2.7935049369458023,0.38267867398800487,45.778385739115784
0.8333333333333333,43.07524108886719,-64.33042907714844,2.7931919039863202,0.3940316474716927,46.0051913134004
0.8666666666666666,43.06595993041992,-64.32170867919922,2.7921620153379787,0.3820559098671159,46.0051913134004
0.8999999999999999,43.0564079284668,-64.31379699707031,2.7904435734345325,0.37209126552396055,46.27029038608902
0.9333333333333332,43.04658889770508,-64.3066635131836,2.788054728393973,0.36410158158883305,46.653048052667955
0.9666666666666666,43.0365104675293,-64.30027770996094,2.785016995213434,0.35793562807567303,46.8539822132757
0.9999999999999999,43.02619552612305,-64.29461669921875,2.7813582712367553,0.3529880351425239,46.988871510007215
1.0333333333333332,43.01564407348633,-64.28964233398438,2.7771005460885343,0.3499567344785494,47.1953993498122
1.0666666666666667,43.00487518310547,-64.28533172607422,2.7722696656368275,0.34798750915953935,47.34043315153962
1.1,42.993892669677734,-64.28165435791016,2.7668859717595353,0.34745470787425464,47.421682282339006
1.1333333333333335,42.98270797729492,-64.2785873413086,2.7609703961122998,0.34792749399718836,47.60248079534501
1.166666666666667,42.97132873535156,-64.2761001586914,2.754546710841919,0.34943654948942304,47.67778326180047
1.2000000000000004,42.95976638793945,-64.27417755126953,2.747631052257832,0.35163314303299836,47.78323673205826
1.2333333333333338,42.948020935058594,-64.2728042602539,2.7402315564057833,0.35476391083518594,47.88615889770994
1.2666666666666673,42.93611145019531,-64.27194213867188,2.732386258237768,0.3582194508926565,47.9839017220877
1.3000000000000007,42.924034118652344,-64.2715835571289,2.7240956787297166,0.3624796078810106,48.012136827511455
1.3333333333333341,42.91180419921875,-64.2717056274414,2.715384776305487,0.366915858831489,48.08926999086132
1.3666666666666676,42.89942169189453,-64.27229309082031,2.706262494906693,0.37189305017746466,48.12652620302684
1.400000000000001,42.886898040771484,-64.2733154296875,2.6967568762770475,0.3769592985854573,48.15376952754852
1.4333333333333345,42.87424087524414,-64.27477264404297,2.6868716438567053,0.3822232091042182,48.19659560251885
1.466666666666668,42.8614501953125,-64.27664947509766,2.6766161606160637,0.38782932989829727,48.201558270968874
1.5000000000000013,42.848533630371094,-64.27891540527344,2.666016242018917,0.39341438776736803,48.19657658829378
1.5333333333333348,42.83550262451172,-64.28156280517578,2.6550840203418113,0.39891635207772036,48.190447603768796
1.5666666666666682,42.822357177734375,-64.28458404541016,2.643823738893599,0.4046450261362484,48.18369342689597
1.6000000000000016,42.80910873413086,-64.28794860839844,2.632264222306348,0.41006997916926513,48.14696806253143
1.633333333333335,42.79576110839844,-64.29166412353516,2.620401453182172,0.41565339993989836,48.11262537312608
1.6666666666666685,42.782318115234375,-64.29570007324219,2.6082592039409036,0.4210732237058598,48.06243038053115
1.700000000000002,42.76877975463867,-64.30005645751953,2.5958365289503273,0.42666000800644227,48.021500892716666
1.7333333333333354,42.755157470703125,-64.30471801757812,2.58315147443157,0.43193412185248986,47.99345707507965
1.7666666666666688,42.741455078125,-64.30967712402344,2.5702113462841267,0.4371652653069495,47.882013947579736
1.8000000000000023,42.72767639160156,-64.3149185180664,2.5570291174772257,0.4422578121891617,47.80706692763879
1.8333333333333357,42.71382522583008,-64.3204345703125,2.5436122167437167,0.4472733650126046,47.723893002924626
1.8666666666666691,42.69990539550781,-64.32621002197266,2.529973761807086,0.4521125592941656,47.67391441500504
1.9000000000000026,42.685916900634766,-64.3322525024414,2.5161074123499447,0.4571330256343722,47.59192534506571
1.933333333333336,42.671875,-64.33853912353516,2.5020396899798123,0.46154839442003515,47.46476841102052
1.9666666666666694,42.657772064208984,-64.34506225585938,2.4877705383554245,0.4661541031893845,47.34357807862934
2.0000000000000027,42.64362335205078,-64.35182189941406,2.473309526705483,0.47041572364229267,47.24715916943274
2.033333333333336,42.629425048828125,-64.35880279541016,2.4586649092420063,0.47464960863745764,47.12851600711983
2.066666666666669,42.61518478393555,-64.36599731445312,2.443846913546362,0.4786351675581202,46.98750836023518
2.1000000000000023,42.60090255737305,-64.37339782714844,2.4288607403615425,0.48257085009608264,46.83844990885434
2.1333333333333355,42.58658218383789,-64.38101196289062,2.41370265468198,0.4865627864501915,46.713003992746785
2.1666666666666687,42.572227478027344,-64.3888168334961,2.398391899855265,0.4901797891263087,46.59822518251416
2.200000000000002,42.55784225463867,-64.39681243896484,2.382930521565752,0.4937387192417742,46.43334188153605
2.233333333333335,42.54343032836914,-64.40499114990234,2.3673263295242153,0.49712718519291255,46.24928947673854
2.2666666666666684,42.52899169921875,-64.4133529663086,2.351578882214703,0.5005542795930401,46.105269471369844
2.3000000000000016,42.51453399658203,-64.42189025878906,2.3356984990773055,0.5037057430543822,45.96602337075902
2.333333333333335,42.500057220458984,-64.43058776855469,2.3196963830293447,0.5066570346259549,45.79173606146812
2.366666666666668,42.485565185546875,-64.43946075439453,2.3035629697983087,0.5097784403513729,45.57444748554427
2.4000000000000012,42.471065521240234,-64.44847869873047,2.2873260888169673,0.5122569926767245,45.42965755559668
2.4333333333333345,42.45655822753906,-64.45765686035156,2.270973686877882,0.5150050476912643,45.230997391724955
2.4666666666666677,42.442047119140625,-64.46697998046875,2.2545195235166804,0.5174394187763807,45.044167533168526
2.500000000000001,42.427528381347656,-64.47644805908203,2.23796080676029,0.5199946478142132,44.825469943230836
2.533333333333334,42.41301345825195,-64.4860610961914,2.221304481422967,0.5222873992797042,44.620753688882175
2.5666666666666673,42.398494720458984,-64.49581146240234,2.2045512139278824,0.5246685139338302,44.41620933884932
2.6000000000000005,42.38397979736328,-64.50569915771484,2.1877055157579846,0.5268819222181659,44.234967264267844
2.6333333333333337,42.36947250366211,-64.51571655273438,2.170775361252185,0.5288939365869604,44.00859039368722
2.666666666666667,42.3549690246582,-64.52586364746094,2.153758014419449,0.5310207068899703,43.8115382380144
2.7,42.34047317504883,-64.53614044189453,2.136655555330438,0.5330740509114702,43.58752378717772
2.7333333333333334,42.325992584228516,-64.5465316772461,2.119484330628477,0.5346950106118373,43.3745561865971
2.7666666666666666,42.311519622802734,-64.55705261230469,2.1022273520557873,0.5367876845135041,43.14419732592798
2.8,42.29706573486328,-64.56768798828125,2.0849033608677754,0.5383525692854082,42.92123708816001
2.833333333333333,42.282623291015625,-64.57843780517578,2.067507305510406,0.5401189431993549,42.67490937059837
2.8666666666666663,42.2681999206543,-64.58930206298828,2.0500436295458155,0.5417186902413976,42.49359667551641
2.8999999999999995,42.2537956237793,-64.60028076171875,2.0325120190383297,0.5433360238837269,42.2320926245931
2.9333333333333327,42.23941421508789,-64.61136627197266,2.01492052408724,0.5447404043990535,41.95965557489306
2.966666666666666,42.22505569458008,-64.62255096435547,1.9972748721392728,0.546020154741814,41.73920711525648
2.999999999999999,42.210723876953125,-64.63384246826172,1.9795710950721017,0.547365646767673,41.517270909656084
3.0333333333333323,42.19641876220703,-64.64523315429688,1.961814924772125,0.5485851188515518,41.2724959181643
3.0666666666666655,42.18214416503906,-64.65673065185547,1.9440023425547506,0.5498735463503274,40.99753422207418
3.0999999999999988,42.16790008544922,-64.66831970214844,1.926145151440813,0.5508900988847831,40.78784512334584
3.133333333333332,42.153690338134766,-64.68000030517578,1.9082453900301284,0.5518315551331763,40.47151647627032
3.166666666666665,42.13951110839844,-64.6917724609375,1.8903004723455923,0.5528750188554062,40.27143500210412
3.1999999999999984,42.125370025634766,-64.70364379882812,1.8723086218310074,0.5539034180596524,40.00800541516989
3.2333333333333316,42.11125946044922,-64.71560668945312,1.8542710397442463,0.5549747037164419,39.75052245697261
3.266666666666665,42.097190856933594,-64.72765350341797,1.8362004200348239,0.5556493484429451,39.50960068226743
3.299999999999998,42.08315658569336,-64.73979187011719,1.8180857987748447,0.5566602588942875,39.233035507424184
3.3333333333333313,42.06916427612305,-64.75201416015625,1.7999375660632613,0.557361813205195,38.99244732388021
3.3666666666666645,42.055213928222656,-64.76432037353516,1.7817554333188745,0.5580766836575364,38.72818258639731
3.3999999999999977,42.04130554199219,-64.7767105102539,1.7635391130920084,0.5588048191459061,38.45992463773409
3.433333333333331,42.02743911743164,-64.7891845703125,1.7452883190673802,0.5595461678850704,38.1636989689864
3.466666666666664,42.01362228393555,-64.8017349243164,1.7270134210153576,0.5599773621620159,37.94635227378104
3.4999999999999973,41.999847412109375,-64.81436157226562,1.708709659338301,0.5605902238131489,37.6945452895905
3.5333333333333306,41.98612594604492,-64.82707214355469,1.6903772598051952,0.5611181053103267,37.43411825005336
3.5666666666666638,41.972450256347656,-64.83985137939453,1.6720238548554232,0.5615158248986575,37.16843656701247
3.599999999999997,41.958824157714844,-64.85270690917969,1.6536451971295831,0.5619979439529621,36.88875586151042
3.63333333333333,41.945247650146484,-64.86563873291016,1.6352409948435953,0.5624928981548751,36.589506727002785
3.6666666666666634,41.931724548339844,-64.8786392211914,1.616819390579154,0.5627595225505446,36.322165300623446
3.6999999999999966,41.91825485229492,-64.89171600341797,1.5983738578554858,0.5631975234757096,36.04632571939136
3.73333333333333,41.90483856201172,-64.90486145019531,1.5799103412832107,0.563488823620516,35.82790992224864
3.766666666666663,41.8914794921875,-64.91807556152344,1.5614307384429,0.563710684912385,35.53353475483403
3.7999999999999963,41.878173828125,-64.93135833740234,1.5429325780740615,0.564026194492793,35.27572511270742
3.8333333333333295,41.864925384521484,-64.94470977783203,1.5244177454556718,0.5642729813811088,35.016683742548224
3.8666666666666627,41.85173034667969,-64.9581298828125,1.5058837841674246,0.5646126257886273,34.752645868804535
3.899999999999996,41.83859634399414,-64.97161102294922,1.487341019100936,0.5646404602371509,34.465300078832655
3.933333333333329,41.82551956176758,-64.98516082763672,1.4687807057451576,0.5649243280504956,34.21551063709743
3.9666666666666623,41.812503814697266,-64.998779296875,1.450204684351052,0.5651416977830649,33.98826842875693
3.9999999999999956,41.79954528808594,-65.012451171875,1.43162316511067,0.5651187664172124,33.66524639181611
4.033333333333329,41.786651611328125,-65.02619171142578,1.413027478830712,0.5652825795417582,33.433757793666636
4.066666666666662,41.77381896972656,-65.03999328613281,1.3944215195290255,0.5653707981326287,33.15997069877087
4.099999999999995,41.76104736328125,-65.05384826660156,1.3758113552117501,0.5653025503967345,32.8891866456623
4.133333333333328,41.74834060668945,-65.0677719116211,1.3571860991531328,0.5655056130064331,32.619793660316866
4.166666666666662,41.735694885253906,-65.08175659179688,1.3385496943253565,0.5656297333237574,32.36813768486712
4.199999999999995,41.72311019897461,-65.09579467773438,1.3199082368031643,0.5655952324615745,32.0822925603035
4.233333333333328,41.710594177246094,-65.10989379882812,1.301259241876666,0.5655903234430477,31.854476933628767
4.266666666666661,41.698143005371094,-65.1240463256836,1.282606707148986,0.5655025443886169,31.567027475221888
4.2999999999999945,41.68575668334961,-65.13825988769531,1.2639439444988978,0.5655985205539303,31.326665215973303
4.333333333333328,41.67343521118164,-65.15252685546875,1.2452770664287733,0.5655338550881808,31.05642068268504
4.366666666666661,41.66118240356445,-65.1668472290039,1.2266078505374813,0.5654060075920581,30.792447113010297
4.399999999999994,41.64899444580078,-65.18122863769531,1.2079275141052206,0.5655387761758466,30.526359424915274
4.433333333333327,41.63687515258789,-65.1956558227539,1.1892506827208416,0.5652599782625998,30.270754205930768
4.466666666666661,41.62482452392578,-65.21013641357422,1.170570632397206,0.5651678029502686,29.99010756612327
4.499999999999994,41.61284255981445,-65.22467041015625,1.1518870656208944,0.5650876644826767,29.758551649674324
4.533333333333327,41.600929260253906,-65.2392578125,1.133199685259221,0.5650195679814924,29.51839007923145
4.56666666666666,41.589080810546875,-65.25389099121094,1.1145126548704554,0.5648576030130559,29.248674238639165
4.599999999999993,41.57730484008789,-65.2685775756836,1.0958232571488715,0.5647409311808436,29.013312442022645
4.633333333333327,41.56559753417969,-65.28331756591797,1.0771291731378858,0.5647083241496856,28.757956552786283
4.66666666666666,41.553958892822266,-65.29810333251953,1.0584366082809356,0.564507909579941,28.53496844925656
4.699999999999993,41.54239273071289,-65.31293487548828,1.039747281532961,0.5642479025187401,28.270934578253847
4.733333333333326,41.5308952331543,-65.32781219482422,1.0210589190067862,0.5640694750294472,28.02661753840335
4.7666666666666595,41.519466400146484,-65.34274291992188,1.002364725150095,0.5640835915677942,27.801032586152395
4.799999999999993,41.50811004638672,-65.35771179199219,0.9836794419871395,0.5636758923325461,27.532881478392046
4.833333333333326,41.496822357177734,-65.37273406982422,0.9649877583789577,0.5637132986254838,27.28486813947933
4.866666666666659,41.4856071472168,-65.3877944946289,0.9463044353606054,0.5633272554998581,27.008967596082726
4.899999999999992,41.47446060180664,-65.40290069580078,0.9276207001903325,0.5632037904553285,26.817013151361838
4.933333333333326,41.46338653564453,-65.41804504394531,0.9089447918961487,0.5628388755913976,26.585236876433967
4.966666666666659,41.45238494873047,-65.43323516845703,0.8902698740994163,0.5626698122151845,26.344403477811902
4.999999999999992,41.44145584106445,-65.44847106933594,0.8715956592566287,0.5625124558358651,26.106249523334558
5.033333333333325,41.43059539794922,-65.46373748779297,0.852933106179177,0.5620600336689877,25.86162230010164
5.066666666666658,41.4198112487793,-65.47904968261719,0.8342726441254171,0.56185858121823,25.62291785518972
5.099999999999992,41.40909194946289,-65.4944076538086,0.8156082283297819,0.5618661684562388,25.41960712779781
5.133333333333325,41.3984489440918,-65.50979614257812,0.7969585471327274,0.5613120655617585,25.192690200875628
5.166666666666658,41.38787841796875,-65.52522277832031,0.7783148244918006,0.5610217478459618,24.95362385701425
5.199999999999991,41.377376556396484,-65.54068756103516,0.7596749025020134,0.5608063309292465,24.739889218064206
5.2333333333333245,41.366947174072266,-65.55619049072266,0.7410404258848228,0.5605368499075379,24.4979452657876
5.266666666666658,41.356590270996094,-65.57172393798828,0.7224177679611875,0.5600875670418458,24.328468967469732
5.299999999999991,41.34630584716797,-65.58729553222656,0.7038000459024277,0.5598388415770749,24.092096562680243
5.333333333333324,41.336090087890625,-65.6029052734375,0.6851851280253228,0.5596634546373096,23.870408164128456
5.366666666666657,41.325950622558594,-65.61853790283203,0.6665898129954511,0.5589893318352359,23.655351198123483
5.399999999999991,41.315879821777344,-65.63420867919922,0.6479968213653383,0.5588334584591595,23.475677452384943
5.433333333333324,41.30588150024414,-65.64990997314453,0.6294144340873187,0.5584329490051408,23.22166623288897
5.466666666666657,41.295955657958984,-65.6656494140625,0.6108357391064213,0.558235712698518,23.038715200380416
5.49999999999999,41.28609848022461,-65.68141174316406,0.5922719987598354,0.5577216818752164,22.851267376638486
5.5333333333333234,41.27631378173828,-65.69720458984375,0.5737181629098952,0.5573498879921136,22.615886395333415
5.566666666666657,41.2666015625,-65.71302032470703,0.5551806888535384,0.5567927842727897,22.420641682368665
5.59999999999999,41.2569580078125,-65.72887420654297,0.5366441381767705,0.5566950194233867,22.24844382505931
5.633333333333323,41.24739074707031,-65.74474334716797,0.5181320311309026,0.5559009732466069,22.009897062455284
5.666666666666656,41.23788833618164,-65.7606430053711,0.4996252888121422,0.5556846671503678,22.009897062455284
5.6999999999999895,41.22846221923828,-65.77656555175781,0.48113586187006335,0.5551047177428664,21.6256867263666
5.733333333333323,41.2191047668457,-65.79251861572266,0.46265319342580197,0.5548476805675464,21.469548854396812
5.766666666666656,41.209815979003906,-65.80848693847656,0.44419052487510896,0.5542039516536761,21.266254262952074
5.799999999999989,41.200599670410156,-65.82447814941406,0.42574274865950756,0.5537086365667098,21.089480062713406
5.833333333333322,41.19145202636719,-65.84049224853516,0.40730787098141397,0.5532790308491453,20.87794220584339
5.866666666666656,41.182376861572266,-65.85652923583984,0.38888749718872806,0.5528012482611881,20.72336677672976
5.899999999999989,41.173370361328125,-65.8725814819336,0.3704863940279698,0.5521888138778397,20.506559328942153
5.933333333333322,41.16443634033203,-65.8886489868164,0.35210618204207056,0.5515281496769342,20.36143914671438
5.966666666666655,41.15556716918945,-65.90473937988281,0.333736389867224,0.5511865847505865,20.172126486117122
5.9999999999999885,41.14677047729492,-65.92083740234375,0.31539392659904864,0.5503410796007727,20.00555478433919
6.033333333333322,41.13804244995117,-65.93695831298828,0.2970633721859602,0.5499599978089205,19.833765508598493
6.066666666666655,41.1293830871582,-65.95308685302734,0.2787581126900689,0.5491838772166426,19.680021105763522
6.099999999999988,41.12079620361328,-65.96923065185547,0.26047305974022433,0.5485627846065737,19.50416622411002
6.133333333333321,41.112274169921875,-65.98538208007812,0.24221135560340606,0.5478542896447669,19.375116734711533
6.1666666666666545,41.10382080078125,-66.00154113769531,0.2239747278201986,0.5470988334962257,19.177399304589507
6.199999999999988,41.095436096191406,-66.01771545410156,0.20575641941299413,0.5465533862685249,19.01699676918231
6.233333333333321,41.087120056152344,-66.03389739990234,0.1875632638423377,0.5458119663837001,18.836366295149347
6.266666666666654,41.07887268066406,-66.05007934570312,0.1694021910718369,0.5448734854163046,18.72743513384305
6.299999999999987,41.0706901550293,-66.06627655029297,0.15125825273225824,0.5444013648586554,18.54655635799686
6.333333333333321,41.06257247924805,-66.08247375488281,0.13314553485037778,0.5435268962556254,18.415676727509062
6.366666666666654,41.05452346801758,-66.09867858886719,0.11506014478788414,0.5428120334189639,18.269114827355185
6.399999999999987,41.04637145996094,-66.11451721191406,0.09725029232786199,0.5344019964772588,18.269114827355185
6.43333333333332,41.03812026977539,-66.12999725341797,0.07970909293660947,0.5262532109133897,17.96772068243945
6.4666666666666535,41.029781341552734,-66.14512634277344,0.06243433800481278,0.5182512535108176,17.83098788050498
6.499999999999987,41.02134704589844,-66.15992736816406,0.04540387858816487,0.5110645029917608,17.66799507810924
6.53333333333332,41.01283264160156,-66.17440795898438,0.028629167885562624,0.5039487393895989,17.54192657501855
6.566666666666653,41.004234313964844,-66.18858337402344,0.012176566159704359,0.4973793991614818,17.407310114358026
6.599999999999986,40.99556350708008,-66.20245361328125,0.0012062613826581763,0.49072373713900963,17.298827597677047
6.6333333333333195,40.98681640625,-66.21603393554688,0.0028396217476333724,0.48460626615099106,17.171655166378077
6.666666666666653,40.97800064086914,-66.22933959960938,0.006637111285621071,0.4788345996845011,17.034736804779982
6.699999999999986,40.969120025634766,-66.24237060546875,0.01018879466453726,0.47308053921427695,16.89325259397734
6.733333333333319,40.960174560546875,-66.25514221191406,0.013505884095174022,0.46778387012524925,16.78615310310402
6.766666666666652,40.951171875,-66.26766204833984,0.01659916054940533,0.4626177537295861,16.78615310310402
6.799999999999986,40.94211959838867,-66.27994537353516,0.019485011104503205,0.4577569341163686,16.55233815942212
6.833333333333319,40.93301010131836,-66.29198455810547,0.022152654788567972,0.4529154576660796,16.41421900751472
6.866666666666652,40.92385482788086,-66.30380249023438,0.024626672217523734,0.4484799843548706,16.327443935506565
6.899999999999985,40.91465377807617,-66.3154067993164,0.026912669496758895,0.44428299101100815,16.210443139134924
6.9333333333333185,40.9054069519043,-66.32678985595703,0.029005040520859345,0.43996590261393487,16.103438083180535
6.966666666666652,40.896121978759766,-66.33797454833984,0.030925778472500776,0.4360931815490004,15.988860477303138
6.999999999999985,40.88679885864258,-66.34896087646484,0.03267488335168399,0.4322707218291623,15.905863408045045
7.033333333333318,40.877437591552734,-66.35975646972656,0.03425796126378134,0.4286727654748702,15.764972359766588
7.066666666666651,40.868045806884766,-66.37036895751953,0.035685793180686876,0.4251440517811148,15.764972359766588
7.0999999999999845,40.85862350463867,-66.38080596923828,0.03696398520777375,0.4218292236328125,15.57874786923909
7.133333333333318,40.84917068481445,-66.39106750488281,0.03809253734505239,0.41855635793978274,15.57874786923909
7.166666666666651,40.839691162109375,-66.40116882324219,0.03908524923654724,0.41558174284030375,15.43635686693127
7.199999999999984,40.83018493652344,-66.41110229492188,0.039936514776848994,0.4124778370430316,15.317528073467491
7.233333333333317,40.82065963745117,-66.42089080810547,0.04066832714864459,0.40974587427495074,15.228133459245752
7.266666666666651,40.81111145019531,-66.4305191040039,0.041266886707887925,0.4067981878066093,15.11747751174321
7.299999999999984,40.80154037475586,-66.44001007080078,0.04174901177073539,0.40437055064183136,15.049764817148123
7.333333333333317,40.79195785522461,-66.4493637084961,0.04212246463695469,0.4017258976363894,14.979701121617259
7.36666666666665,40.78235626220703,-66.45858001708984,0.04238207044003054,0.3992716359990922,14.89776041769951
7.3999999999999835,40.77273941040039,-66.46765899658203,0.04253041661320974,0.396762569506504,14.832970893149353
7.433333333333317,40.76311111450195,-66.47662353515625,0.042586908905901104,0.3946648329670024,14.832970893149353
7.46666666666665,40.75347137451172,-66.48545837402344,0.042540335107352716,0.39227677524885624,14.6517418129057
7.499999999999983,40.74382400512695,-66.49417877197266,0.042404494861553656,0.3901350648108505,14.569782716124621
7.533333333333316,40.73416519165039,-66.50277709960938,0.04217119462988799,0.3879452594517017,14.512537902963562
7.5666666666666496,40.7244987487793,-66.51127624511719,0.041859840161748464,0.3861450931046253,14.46238846801495
7.599999999999983,40.71485137939453,-66.5196533203125,0.04147172517376893,0.3833045947893525,14.362158810944202
7.633333333333316,40.70521926879883,-66.52790832519531,0.04100426223268171,0.38056588671188485,14.341069275874496
7.666666666666649,40.69560623168945,-66.53606414794922,0.04047685708789961,0.37819986056769006,14.247774180177233
7.699999999999982,40.68600845336914,-66.54410552978516,0.039875710095403055,0.3756368638266026,14.196703798155564
7.733333333333316,40.676414489746094,-66.55204772949219,0.03920427116619633,0.3736447601238944,14.13356007723508
7.766666666666649,40.66682434082031,-66.55989837646484,0.038468146405646164,0.3718107756334478,14.09698580684357
7.799999999999982,40.65724182128906,-66.56765747070312,0.03766992324703711,0.36989917757246404,14.013358702380149
7.833333333333315,40.64766311645508,-66.57533264160156,0.036812620362463376,0.3682307037105078,13.993277929065595
7.8666666666666485,40.638092041015625,-66.58292388916016,0.035898825185203896,0.36648229439797303,13.993277929065595
7.899999999999982,40.62852478027344,-66.5904312133789,0.03492595028198457,0.36483305158796836,13.912263597897937
7.933333333333315,40.61896896362305,-66.59785461425781,0.03389917051933754,0.363013031747272,13.872393734222674
7.966666666666648,40.60942077636719,-66.6052017211914,0.032821504569366666,0.3614319772100347,13.820405929793537
7.999999999999981,40.599884033203125,-66.61247253417969,0.03169553986533562,0.35976766463798127,13.80060554354843
8.033333333333315,40.590354919433594,-66.61967468261719,0.030524295079385207,0.3583398613238672,13.746527285775935
8.066666666666649,40.58083724975586,-66.6268081665039,0.029310357644737325,0.3568268005782166,13.721389527916031
8.099999999999982,40.57133102416992,-66.63386535644531,0.02804812145604453,0.3551830926210262,13.699780819698184
8.133333333333315,40.56183624267578,-66.64086151123047,0.026748798724053124,0.3538182466456556,13.652649790259986
8.166666666666648,40.55235290527344,-66.64778900146484,0.025406783343379504,0.3523229034715847,13.652649790259986
8.199999999999982,40.542884826660156,-66.65465545654297,0.024030268852659693,0.3508752572788001,13.588811847150689
8.233333333333315,40.53342819213867,-66.66146087646484,0.02261666781865171,0.3495246902686344,13.570565919896096
8.266666666666648,40.523983001708984,-66.66820526123047,0.021165980241349927,0.3481788524707804,13.540450719383935
8.299999999999981,40.51455307006836,-66.67489624023438,0.0196863996593751,0.34687682208504117,13.535455871229283
8.333333333333314,40.5051383972168,-66.68152618408203,0.01817231996737014,0.3454460859418162,13.520662059728522
8.366666666666648,40.49573516845703,-66.68810272216797,0.016626759837434092,0.3442446918600821,13.502863987106922
8.39999999999998,40.486183166503906,-66.69432830810547,0.014722408963069504,0.34205086671419416,13.482123413124283
8.433333333333314,40.47648239135742,-66.7002182006836,0.012470479555017852,0.3404648083459593,13.475780794995476
8.466666666666647,40.466644287109375,-66.70578002929688,0.00988434001841517,0.3390427840952478,13.469937182803914
8.49999999999998,40.456668853759766,-66.71102142333984,0.00696959645865469,0.33805818112205255,13.455343725517865
8.533333333333314,40.446563720703125,-66.71595764160156,0.0037426359530092364,0.3373899351459126,13.458304710409166
8.566666666666647,40.436336517333984,-66.7206039428711,0.00021984557875083229,0.33699469404859794,13.458574273281032
8.59999999999998,40.42599105834961,-66.72496032714844,0.003596187230878544,0.3367579917572052,13.425469371154882
8.633333333333313,40.415531158447266,-66.72904205322266,0.007691662831859289,0.336842684855716,13.428957317486738
8.666666666666647,40.404964447021484,-66.73286437988281,0.012050194146919381,0.33710386278921445,13.4227182961781
8.69999999999998,40.394290924072266,-66.73641967773438,0.016677387281426346,0.33750231327317126,13.46478251170128
8.733333333333313,40.383522033691406,-66.73973846435547,0.021543055514119884,0.3380606605391772,13.436641844043443
8.766666666666646,40.37266159057617,-66.74281311035156,0.026650217517104658,0.33861837722498667,13.44505775298907
8.79999999999998,40.3617057800293,-66.74565887451172,0.031990248512877156,0.3395811280899199,13.457626660947435
8.833333333333313,40.35066604614258,-66.74828338623047,0.037549780096306155,0.3404223956297237,13.454704116550793
8.866666666666646,40.33954620361328,-66.75068664550781,0.043326224834128804,0.3412973743342432,13.471002606897688
8.899999999999979,40.32834243774414,-66.75289154052734,0.04930535184345236,0.34255997800079724,13.471002606897688
8.933333333333312,40.31707000732422,-66.75489044189453,0.05548241749664994,0.3434486349120516,13.480130441081899
8.966666666666645,40.305721282958984,-66.75669860839844,0.061851384449460006,0.34475601480107876,13.49823966369755
8.999999999999979,40.294307708740234,-66.75831604003906,0.06840449040212931,0.34582825998334576,13.51883006391409
9.033333333333312,40.28282928466797,-66.75975799560547,0.07513052314387621,0.34705923058525795,13.510339593303458
9.066666666666645,40.271324157714844,-66.76103210449219,0.08199800223680576,0.3472638329807254,13.532628794676404
9.099999999999978,40.259796142578125,-66.76214599609375,0.08899873414228678,0.34745114583665326,13.54237974254142
9.133333333333312,40.24824142456055,-66.76310729980469,0.09612970018816318,0.34783911792862815,13.594015671996592
9.166666666666645,40.23666763305664,-66.76392364501953,0.10338011940257706,0.34807637431621485,13.600476186332129
9.199999999999978,40.22507095336914,-66.76459503173828,0.11075257921875996,0.3484829492393137,13.589703751483235
9.233333333333311,40.21345901489258,-66.76512908935547,0.1182362986648395,0.34872639626181695,13.640935971751436
9.266666666666644,40.20183181762695,-66.7655258178711,0.12583127774079964,0.3490189089318525,13.65700247631266
9.299999999999978,40.190189361572266,-66.76579284667969,0.1335319103412672,0.34936553727142833,13.672558650508114
9.33333333333331,40.17853546142578,-66.76594543457031,0.14132439682222342,0.349646971272074,13.6853243617871
9.366666666666644,40.1668701171875,-66.7659683227539,0.14921994939443947,0.3499610007699355,13.6853243617871
9.399999999999977,40.155311584472656,-66.76614379882812,0.15693093172791753,0.34679593904119294,13.74023232049288
9.43333333333331,40.143863677978516,-66.76647186279297,0.16445475638942125,0.3435781863815782,13.825273098420094
9.466666666666644,40.13234329223633,-66.76665496826172,0.17213425828497947,0.3456552237929218,13.80921098817423
9.499999999999977,40.120758056640625,-66.7667007446289,0.17995865644272865,0.34755978098071943,13.828530840788735
9.53333333333331,40.10910415649414,-66.76660919189453,0.18793053829591158,0.3496277927663361,13.84962696407335
9.566666666666643,40.09739303588867,-66.76639556884766,0.19603092933400862,0.3513920639083811,13.918484275503218
9.599999999999977,40.08562469482422,-66.76605987548828,0.20425982955700936,0.3531938381352936,13.913045228133457
9.63333333333331,40.07379913330078,-66.7656021118164,0.21261723896492424,0.3550325444681157,13.999219435528401
9.666666666666643,40.06192398071289,-66.76502990722656,0.22109237658585917,0.35666791328978736,13.999219435528401
9.699999999999976,40.04999923706055,-66.76434326171875,0.22968524241981417,0.35833489071643654,14.003715841321954
9.73333333333331,40.038028717041016,-66.7635498046875,0.23838764292814843,0.359903641602297,14.066974223406625
9.766666666666643,40.0260124206543,-66.76265716552734,0.2471939720054984,0.36148217822092293,14.1094043037677
9.799999999999976,40.01395797729492,-66.76165771484375,0.2561046608907324,0.3628741596421333,14.121039831690213
9.833333333333309,40.001861572265625,-66.76055908203125,0.26511669091170964,0.36438579530567644,14.121039831690213
9.866666666666642,39.98988723754883,-66.75965881347656,0.2739001643286481,0.36024388661350165,14.192918395090814
9.899999999999975,39.97802734375,-66.7589340209961,0.28247707432420904,0.3564606072952568,14.22717276075478
9.933333333333309,39.966278076171875,-66.75839233398438,0.2908444022262669,0.35285243671673816,14.28743602227115
9.966666666666642,39.95463562011719,-66.75801849365234,0.29901594767882034,0.34945369596166037,14.34990253040074
9.999999999999975,39.94309997558594,-66.75780487060547,0.3069973167872579,0.34612867058618935,14.34990253040074
10.033333333333308,39.93166732788086,-66.75775146484375,0.3147910969848479,0.342983173277395,14.39288531103062
10.066666666666642,39.92033386230469,-66.75785064697266,0.3224054818102056,0.340016986568128,14.436396924184223
10.099999999999975,39.90909957885742,-66.75810241699219,0.3298404712633519,0.33711312855570763,14.463784605909831
10.133333333333308,39.89795684814453,-66.75849151611328,0.337112452421533,0.33448566677726077,14.491220126985812
10.166666666666641,39.886905670166016,-66.75901794433594,0.34422142528476424,0.3319112761684874,14.534193230459685
10.199999999999974,39.875946044921875,-66.75967407226562,0.35117299595842355,0.3293774436978167,14.575949152531868
10.233333333333308,39.86507034301758,-66.76045227050781,0.35797794541439537,0.327105236848546,14.624970207310682
10.26666666666664,39.854278564453125,-66.7613525390625,0.3646362736526998,0.32487793284443645,14.651688520452241
10.299999999999974,39.843570709228516,-66.76237487792969,0.3711479806733159,0.32269646146727554,14.689919146688721
10.333333333333307,39.832942962646484,-66.76351165771484,0.3775212600148701,0.32065111745109376,14.750400212027355
10.36666666666664,39.822391510009766,-66.7647476196289,0.38376991132141247,0.3187078272307395,14.779714341999101
10.399999999999974,39.81191635131836,-66.76609802246094,0.3898827223821502,0.3168553040064372,14.833953813727385
10.433333333333307,39.801513671875,-66.76753997802734,0.39587909894649687,0.3150642441012682,14.881511240229774
10.46666666666664,39.79118347167969,-66.76908111572266,0.4017534349090689,0.3133358060037709,14.88371725378369
10.499999999999973,39.780921936035156,-66.77071380615234,0.40751392380849744,0.31171832259407,14.88371725378369
10.533333333333307,39.770729064941406,-66.7724380493164,0.41316056564477693,0.3101304113761798,14.963541697368793
10.56666666666664,39.76060104370117,-66.77424621582031,0.41870155395655384,0.30864486438889355,15.009315764502801
10.599999999999973,39.75054168701172,-66.77613830566406,0.42413430131057567,0.3070726215152053,15.045916036323733
10.633333333333306,39.740543365478516,-66.77810668945312,0.4294695886787261,0.3057071660921961,15.080450871201485
10.66666666666664,39.73060607910156,-66.78015899658203,0.4347018099556215,0.3044100237837838,15.118154558864225
10.699999999999973,39.720726013183594,-66.78227233886719,0.4398503708906595,0.303106790326237,15.215124599307977
10.733333333333306,39.71091079711914,-66.78446197509766,0.4448988844065736,0.3016946732912467,15.200501222406995
10.766666666666639,39.701148986816406,-66.7867202758789,0.44986071890850954,0.3005887165624299,15.272149684765882
10.799999999999972,39.691444396972656,-66.7890396118164,0.45473889306858317,0.2993368418750943,15.309306385596576
10.833333333333306,39.681793212890625,-66.79141998291016,0.4595359943200575,0.2982119525711412,15.339043238731742
10.866666666666639,39.67219543457031,-66.79385375976562,0.4642576287683208,0.29704638799566035,15.342826864617189
10.899999999999972,39.66265106201172,-66.79635620117188,0.4688925842025962,0.29600934862949296,15.404759078835031
10.933333333333305,39.65315628051758,-66.79890441894531,0.47346026637228145,0.29492348244604777,15.419763452235907
10.966666666666638,39.64371109008789,-66.80150604248047,0.47795506917200814,0.2939082519164192,15.490148711080863
10.999999999999972,39.63431167602539,-66.80416107177734,0.48237958003501896,0.29301595307598627,15.51201418480066
11.033333333333305,39.624961853027344,-66.8068618774414,0.48673681763345006,0.2919626469205513,15.514622634297647
11.066666666666638,39.615657806396484,-66.80960845947266,0.4910293694005385,0.2910293746466702,15.576211821610048
11.099999999999971,39.60639953613281,-66.8124008178711,0.49525723533631477,0.2901061018497608,15.594790086479033
11.133333333333304,39.59718704223633,-66.81523132324219,0.49942602154613686,0.2891256197636197,15.658563846623798
11.166666666666638,39.588016510009766,-66.81809997558594,0.5035383154632523,0.2882621113309055,15.640281525162564
11.19999999999997,39.578887939453125,-66.82101440429688,0.5075885109823033,0.28747560871634426,15.709153619914
11.233333333333304,39.569801330566406,-66.82395935058594,0.5115878203140312,0.2865575906080543,15.752659358665367
11.266666666666637,39.56075668334961,-66.82694244384766,0.5155306373530677,0.285716712524803,15.761969637006999
11.29999999999997,39.55175018310547,-66.8299560546875,0.5194251556380489,0.28491929953507183,15.816902153411432
11.333333333333304,39.54278564453125,-66.83300018310547,0.5232687877357071,0.2840188421678512,15.856209383864684
11.366666666666637,39.53385543823242,-66.83607482910156,0.5270667085125726,0.2833404829649875,15.852991503470994
11.39999999999997,39.52496337890625,-66.83917999267578,0.5308163305353629,0.28255916883819865,15.91558961681613
11.433333333333303,39.516109466552734,-66.8423080444336,0.5345232599094861,0.28170698356086493,15.915647437316133
11.466666666666637,39.507293701171875,-66.84546661376953,0.5381818905295388,0.28093567155178956,15.967039213204483
11.49999999999997,39.498512268066406,-66.84864807128906,0.5418004159341777,0.2801994207719995,15.985633775956218
11.533333333333303,39.48976516723633,-66.85185241699219,0.5453788361233869,0.27946671337570805,16.02686952175387
11.566666666666636,39.48105239868164,-66.8550796508789,0.5489171510971719,0.2787375773060091,16.06749217070683
11.59999999999997,39.47237014770508,-66.85832977294922,0.5524179482887802,0.27811921534255346,16.068434771927322
11.633333333333303,39.46372604370117,-66.8615951538086,0.5558816589370948,0.27720916573664844,16.098481448399067
11.666666666666636,39.45511245727539,-66.86488342285156,0.559307851803233,0.2765970462098514,16.15186294468102
11.699999999999969,39.446529388427734,-66.8681869506836,0.5627021329925981,0.27590601711914703,16.17884812879861
11.733333333333302,39.4379768371582,-66.87150573730469,0.5660645025051494,0.27521705991613293,16.15966502116154
11.766666666666636,39.42945861816406,-66.87484741210938,0.5693867668022918,0.27450712340334493,16.242930137566308
11.799999999999969,39.42097091674805,-66.8781967163086,0.572682725528024,0.27373896790867064,16.249423420406014
11.833333333333302,39.412513732910156,-66.88156127929688,0.5759467725769633,0.27305643796290796,16.267650602610516
11.866666666666635,39.40408706665039,-66.88493347167969,0.5791845140545028,0.27229092373443875,16.268111945434935
11.899999999999968,39.39569091796875,-66.88832092285156,0.5823903438552437,0.27161208425518857,16.351144889449134
11.933333333333302,39.38732147216797,-66.8917236328125,0.5855668494124489,0.2710414217078828,16.331559555327427
11.966666666666635,39.37898254394531,-66.89513397216797,0.5887170493982495,0.27028008542966075,16.39565731552924
11.999999999999968,39.370670318603516,-66.89855194091797,0.591843531245898,0.2696257414600989,16.437945006582158
12.033333333333301,39.36238479614258,-66.90198516845703,0.5949406888500107,0.26905991973370774,16.44322166404128
12.066666666666634,39.3541259765625,-66.9054183959961,0.5980197344213445,0.2683200271543909,16.440771624374452
12.099999999999968,39.34589385986328,-66.90886688232422,0.6010694557491377,0.26775702226895776,16.52459320027058
12.1333333333333,39.33768844604492,-66.91232299804688,0.6040954589387836,0.2671070883316713,16.497869420848083
12.166666666666634,39.32950973510742,-66.91577911376953,0.6071033500956609,0.26636899901981176,16.531136156735855
12.199999999999967,39.32135772705078,-66.91924285888672,0.6100875231143861,0.26572069741203175,16.53181196265813
12.2333333333333,39.313228607177734,-66.92271423339844,0.6130505654281964,0.26517867150259017,16.600646475027315
12.266666666666634,39.30512619018555,-66.92619323730469,0.6159898896038544,0.2645323540996306,16.604586527511483
12.299999999999967,39.29704666137695,-66.92967224121094,0.618913689180002,0.2639015508740697,16.644704570827997
12.3333333333333,39.28899383544922,-66.93315124511719,0.6218193767233697,0.26316596710419143,16.633961408806254
12.366666666666633,39.28096389770508,-66.93663787841797,0.6247039335618386,0.262626846978754,16.683640046108675
12.399999999999967,39.27295684814453,-66.94012451171875,0.6275729658007912,0.2619971545556432,16.69733378095367
12.4333333333333,39.264976501464844,-66.94361877441406,0.6304182799015863,0.26135459517801995,16.698126719156214
12.466666666666633,39.25701904296875,-66.94711303710938,0.6332480694028603,0.2607257481546778,16.746355320818495
12.499999999999966,39.24908447265625,-66.95059967041016,0.6360679404100018,0.26000503079038834,16.705907654342997
12.5333333333333,39.241172790527344,-66.9541015625,0.6388610746068552,0.25956148806398127,16.76741052412667
12.566666666666633,39.23328399658203,-66.95759582519531,0.6416442903095655,0.25884096956607655,16.77936423918764
12.599999999999966,39.22541809082031,-66.96109008789062,0.6444119814127701,0.25821330467751563,16.804793174735774
12.633333333333299,39.21757507324219,-66.96458435058594,0.6471641479164483,0.2575859407327335,16.822119671823096
12.666666666666632,39.209754943847656,-66.96807861328125,0.6499007898206103,0.25695887993598865,16.80890829802444
12.699999999999966,39.20195770263672,-66.97157287597656,0.6526219071252513,0.2563321245120385,16.847278360855704
12.733333333333299,39.19417953491211,-66.97506713867188,0.6553300872636182,0.2558100632156734,16.847278360855704
12.766666666666632,39.186424255371094,-66.97855377197266,0.6580283489078629,0.25508993566989474,16.8984791393698
12.799999999999965,39.178688049316406,-66.98204803466797,0.6607080672804507,0.2546622867917283,16.929192227752754
12.833333333333298,39.17097473144531,-66.98553466796875,0.6633778671589005,0.2539423082497005,16.939477058364663
12.866666666666632,39.16328048706055,-66.98902130126953,0.6660347298710816,0.2534210085686518,16.937414839332774
12.899999999999965,39.155609130859375,-66.99250030517578,0.6686816740891303,0.252701121347858,16.941167559520864
12.933333333333298,39.14795684814453,-66.99597930908203,0.6713156811409103,0.2521801122904804,16.96499675635572
12.966666666666631,39.14032745361328,-66.99945831298828,0.6739341635931743,0.25155519510408275,16.930361852972343
12.999999999999964,39.13271713256836,-67.0029296875,0.6765453149845582,0.25093960362336637,16.990199095631553
13.033333333333298,39.125125885009766,-67.00640106201172,0.679143529209663,0.25041911358125113,17.01548880163373
13.066666666666631,39.117557525634766,-67.00987243652344,0.6817262188352573,0.24979482413930215,17.01548880163373
13.099999999999964,39.11000442504883,-67.01333618164062,0.684304164833224,0.24928331839157766,17.040323543643552
13.133333333333297,39.102474212646484,-67.01679229736328,0.6868721923370477,0.24856377701009258,17.036077866375454
13.16666666666663,39.094966888427734,-67.02024841308594,0.6894246952413504,0.24793988693318353,17.048619545155436
13.199999999999964,39.08747482299805,-67.02369689941406,0.6919724545180255,0.24742835755463685,17.06222883039465
13.233333333333297,39.08000564575195,-67.02714538574219,0.6945046891951796,0.24680478119344992,17.06308361252543
13.26666666666663,39.07255172729492,-67.03057861328125,0.6970377863500792,0.2461973934247547,17.08032811967056
13.299999999999963,39.065120697021484,-67.03401947021484,0.6995497528000846,0.24566997501930166,17.10614591030849
13.333333333333297,39.05770492553711,-67.03744506835938,0.702062581727846,0.24506233986611814,17.132963348874117
13.36666666666663,39.05031204223633,-67.0408706665039,0.7045598860560759,0.2444391571170781,17.092327175430004
13.399999999999963,39.04293441772461,-67.04429626464844,0.7070468406513002,0.2440238911978832,17.144076309465007
13.433333333333296,39.03557586669922,-67.0477066040039,0.7095320702910279,0.243312184120448,17.166661267251122
13.46666666666663,39.028236389160156,-67.05111694335938,0.7120043627644768,0.24279314355903,17.196622173684748
13.499999999999963,39.02091598510742,-67.05452728271484,0.7144637180716674,0.2422743424576238,17.168153663908832
13.533333333333296,39.013614654541016,-67.05792236328125,0.716921348423356,0.24156241446693405,17.19168298431667
13.56666666666663,39.00632858276367,-67.06131744384766,0.7193686290420293,0.24114740843993132,17.223753945458657
13.599999999999962,38.999061584472656,-67.064697265625,0.7218141847052003,0.24043546632601434,17.230156229826985
13.633333333333296,38.99181365966797,-67.06808471679688,0.7242411970967297,0.24001357352161873,17.21615058912803
13.666666666666629,38.98458480834961,-67.07145690917969,0.7266664845327522,0.23930143243340657,17.18694236152319
13.699999999999962,38.97737503051758,-67.07482147216797,0.7290844409078897,0.23868611698300585,17.237595750536205
13.733333333333295,38.970184326171875,-67.07818603515625,0.7314894601167635,0.23816771775470172,17.25538497403061
13.766666666666628,38.9630126953125,-67.08153533935547,0.7338927543701256,0.2374555011404026,17.2484041502508
13.799999999999962,38.95585632324219,-67.08488464355469,0.7362856988904819,0.23704081894240883,17.24773897057029
13.833333333333295,38.9487190246582,-67.08822631835938,0.7386713123499582,0.23642554730719295,17.27590959817786
13.866666666666628,38.94159698486328,-67.09156036376953,0.7410521821818019,0.23591392217012394,17.263582734068777
13.899999999999961,38.93449401855469,-67.09488677978516,0.7434257209527503,0.2352986538444748,17.282868547264037
13.933333333333294,38.927406311035156,-67.09821319580078,0.7457889099907034,0.23488417837794798,17.3217776764653
13.966666666666628,38.92033767700195,-67.10152435302734,0.7481503740731391,0.23417176248842878,17.291871873540526
13.999999999999961,38.91328811645508,-67.1048355102539,0.7504989009893167,0.23365371701465878,17.316679208250445
14.033333333333294,38.906253814697266,-67.1081314086914,0.7528482903832454,0.23304487326961534,17.306716832218882
14.066666666666627,38.899234771728516,-67.1114273071289,0.755187330044158,0.23263043574890707,17.322489695554065
14.09999999999996,38.892234802246094,-67.11471557617188,0.7575190386441905,0.23201520951956098,17.33972308198207
14.133333333333294,38.88525390625,-67.11799621582031,0.7598434161833275,0.23139998891542776,17.328690386576117
14.166666666666627,38.87828826904297,-67.12126922607422,0.7621630500948425,0.23088834539651024,17.35162568103556
14.19999999999996,38.871341705322266,-67.1245346069336,0.7644753529454775,0.23027312851113416,17.327594849393837
14.233333333333293,38.864410400390625,-67.12779235839844,0.7667829121684798,0.22976148370836555,17.341426818147802
14.266666666666627,38.85749816894531,-67.13104248046875,0.7690831403305917,0.22914627058485898,17.377265283918103
14.29999999999996,38.85060119628906,-67.13428497314453,0.7713786248650766,0.2286346244911293,17.356930069357936
14.333333333333293,38.84372329711914,-67.13752746582031,0.7736611722332979,0.228116922146728,17.38977415121536
14.366666666666626,38.83686065673828,-67.14075469970703,0.7759445820792702,0.22750776778151724,17.3928440709032
14.39999999999996,38.83001708984375,-67.14397430419922,0.778220660864347,0.22689256231404817,17.38227867523144
14.433333333333293,38.823184967041016,-67.1471939086914,0.7804889773496811,0.22658194890586772,17.367551681139346
14.466666666666626,38.81637191772461,-67.15039825439453,0.7827555688795084,0.22586926558438045,17.392382742041768
14.49999999999996,38.80957794189453,-67.15360260009766,0.7850092232430621,0.22535160320783001,17.39285784416233
14.533333333333292,38.80279541015625,-67.15679168701172,0.7872663275176243,0.22484597153076466,17.39148657910029
14.566666666666626,38.7960319519043,-67.15998077392578,0.7895104946259178,0.2243282830679666,17.409539842182454
14.599999999999959,38.789283752441406,-67.16316223144531,0.7917499181065846,0.2238166239258946,17.414435887590262
14.633333333333292,38.78255081176758,-67.16633605957031,0.7939845979596131,0.22330496540806505,17.393773238497857
14.666666666666625,38.77582931518555,-67.16950225830078,0.7962171216182776,0.22289683181411918,17.370128190677036
14.699999999999958,38.76911544799805,-67.17266845703125,0.798444470410426,0.2226897939084546,17.4045029124889
14.733333333333292,38.76239776611328,-67.17583465576172,0.8006744066358277,0.22279330751877882,17.408509122464555
14.766666666666625,38.75567626953125,-67.17900848388672,0.8029013241890982,0.2229944643760668,17.408784824117962
14.799999999999958,38.74895095825195,-67.18218231201172,0.8051308291756267,0.2230979540323732,17.395830637098065
14.833333333333291,38.74222183227539,-67.18535614013672,0.8073629215954133,0.2232014543813286,17.394632182045772
14.866666666666625,38.73548889160156,-67.18853759765625,0.8095919953430687,0.22340265410080506,17.39668128129438
14.899999999999958,38.72875213623047,-67.19171142578125,0.8118292626293553,0.22340848709774067,17.40693452943335
14.933333333333291,38.72201919555664,-67.19489288330078,0.8140583363770059,0.22340265410080506,17.392352780295347
14.966666666666624,38.71528244018555,-67.19807434082031,0.8162899975579089,0.22350613054385818,17.387469316380642
14.999999999999957,38.70854568481445,-67.20125579833984,0.8185216587388071,0.22350613054385818,17.387469316380642
15.03333333333329,38.70180892944336,-67.20443725585938,0.8207533199197206,0.22350613054385818,17.39461273377392
15.066666666666624,38.69507598876953,-67.2076187133789,0.8229823936673711,0.22340265410080506,17.39224091005846
15.099999999999957,38.6883430480957,-67.21080017089844,0.8252114674150265,0.22340265410080506,17.371125099674444
15.13333333333329,38.681610107421875,-67.21398162841797,0.8274405411626771,0.22340265410080506,17.371125099674444
15.166666666666623,38.67488098144531,-67.2171630859375,0.8296670274770801,0.22329918835796772,17.387349280635824
15.199999999999957,38.66815185546875,-67.22034454345703,0.8318935137914726,0.22329918835796772,17.356000486958493
15.23333333333329,38.66142654418945,-67.22352600097656,0.8341174126726232,0.22319573333022685,17.355327710954157
15.266666666666623,38.654701232910156,-67.2267074584961,0.8363413115537681,0.22319573333022685,17.320686699342307
15.299999999999956,38.64798355102539,-67.2298812866211,0.8385656416737862,0.22289098542730332,17.352749136739927
15.33333333333329,38.64126968383789,-67.23306274414062,0.8407817782551683,0.2228854326867819,17.34411744380881
15.366666666666623,38.634559631347656,-67.23623657226562,0.8430009335086911,0.22268405971211186,17.331537472550465
15.399999999999956,38.62785339355469,-67.23941040039062,0.8452175013289511,0.22258061297560272,17.330878686995565
15.43333333333329,38.621150970458984,-67.24258422851562,0.8474314817159531,0.22247717700647435,17.292329309825632
15.466666666666622,38.61445617675781,-67.24575805664062,0.849640287236455,0.2222703374304868,17.294929070069063
15.499999999999956,38.607765197753906,-67.2489242553711,0.851852111429093,0.22206893746848655,17.317798232999714
15.533333333333289,38.60108184814453,-67.25209045410156,0.8540587607552148,0.22186207148081757,17.24951959321996
15.566666666666622,38.59440612792969,-67.25525665283203,0.8562602352148319,0.22165524877368878,17.26938494861962
15.599999999999955,38.587738037109375,-67.25841522216797,0.8584621409133316,0.22135039167364134,17.2663730579662
15.633333333333288,38.58107376098633,-67.2615737915039,0.8606614591785636,0.2212469725097354,17.268875630081215
15.666666666666622,38.57442092895508,-67.26473236083984,0.8628530151440426,0.22093678022763794,17.23990565711023
15.699999999999955,38.567771911621094,-67.26788330078125,0.8650475897816573,0.22073529083446652,17.18614806632165
15.733333333333288,38.56113052368164,-67.27103424072266,0.8672369895527561,0.22052848035797187,17.226700045005284
15.766666666666621,38.554500579833984,-67.27418518066406,0.8694186270241024,0.2202183465192711,17.209797678532116
15.799999999999955,38.547874450683594,-67.27732849121094,0.8716032831675743,0.2200167944511891,17.217267926972106
15.833333333333288,38.541259765625,-67.28047180175781,0.8737801770112881,0.21970665364670028,17.19913711814071
15.866666666666621,38.53465270996094,-67.28361511230469,0.8759518959884962,0.2194999479906644,17.145708230278473
15.899999999999954,38.528053283691406,-67.28675079345703,0.8781240462045774,0.2191949612525997,17.175091990139038
15.933333333333287,38.52146530151367,-67.28987884521484,0.8802940402262738,0.21878664327679984,17.145475241143775
15.96666666666662,38.51488494873047,-67.29300689697266,0.882458859381475,0.2185799064321025,17.10099302994351
15.999999999999954,38.5083122253418,-67.29613494873047,0.8846185036701656,0.21837321376302854,17.12941120419277
16.03333333333329,38.50175476074219,-67.29925537109375,0.8867734043312239,0.21786151548714677,17.091257110694766
16.066666666666624,38.49530029296875,-67.30259704589844,0.8886958672383674,0.2180464406147549,17.112416485214368
16.09999999999996,38.488948822021484,-67.30613708496094,0.8904027107077463,0.21814159113334317,17.05992750333326
16.133333333333294,38.482582092285156,-67.30967712402344,0.8921199039101358,0.21854155597854522,17.050920294584685
16.16666666666663,38.4761962890625,-67.3132095336914,0.8938556403841669,0.21893094978728211,17.067950985557758
16.199999999999964,38.46979522705078,-67.31674194335938,0.8956017265912246,0.21933162482005458,17.0337154071616
16.2333333333333,38.46337890625,-67.32025909423828,0.8973693747420438,0.21951211955419736,17.0337154071616
16.266666666666634,38.45695114135742,-67.32376861572266,0.89915039129802,0.21970346448609912,16.989201159918423
16.29999999999997,38.45051193237305,-67.3272705078125,0.9009447762591275,0.21989541718287206,16.979057214665456
16.333333333333304,38.44405746459961,-67.33076477050781,0.9027551170586393,0.22018860874254198,16.96075799927352
16.36666666666664,38.437591552734375,-67.33425903320312,0.9045732201578989,0.22049058762121374,16.96075799927352
16.399999999999974,38.43111801147461,-67.33773803710938,0.9064077103344409,0.22047490596308597,16.91582681061899
16.43333333333331,38.42463684082031,-67.34121704101562,0.9082473753774781,0.22067654407942766,16.91582681061899
16.466666666666644,38.41814422607422,-67.34468841552734,0.9101004088256618,0.22087109027128052,16.878364003343282
16.49999999999998,38.411643981933594,-67.34815216064453,0.9119642232457291,0.220965231907902,16.854510866213754
16.533333333333314,38.40513610839844,-67.35160827636719,0.9138388186376952,0.22105980741460207,16.860258942178433
16.56666666666665,38.398624420166016,-67.35505676269531,0.9157216075682927,0.22105367545547372,16.79901382704807
16.599999999999984,38.39210510253906,-67.35850524902344,0.91760957136539,0.22125596997308367,16.80285108028911
16.63333333333332,38.38558578491211,-67.36194610595703,0.9195031412678758,0.22114904223782142,16.75684612394746
16.666666666666654,38.379058837890625,-67.36537170410156,0.9214130982476288,0.2211383821550925,16.75062344494784
16.69999999999999,38.372528076171875,-67.3687973022461,0.9233256426606447,0.2212397209983229,16.721855005912076
16.733333333333324,38.365997314453125,-67.37222290039062,0.9252381870736452,0.2212397209983229,16.697310754012705
16.76666666666666,38.35946273803711,-67.3756332397461,0.9271645311306703,0.22112890609458086,16.653748787787766
16.799999999999994,38.35292434692383,-67.37904357910156,0.9290934626209477,0.22123036767750673,16.638820850890333
16.83333333333333,38.34638977050781,-67.3824462890625,0.9310254127833564,0.22102310199051547,16.653957952147927
16.866666666666664,38.33985137939453,-67.3858413696289,0.9329655564844009,0.22101904298580732,16.590192161373693
16.9,38.33331298828125,-67.38922882080078,0.9349113062908236,0.22091366053928238,16.607906708863556
16.933333333333334,38.32677459716797,-67.39261627197266,0.9368570560972462,0.22091366053928238,16.575936750246182
16.96666666666667,38.32024002075195,-67.39599609375,0.9388058245758,0.22070680951211996,16.5158023381393
17.000000000000004,38.31370162963867,-67.39936828613281,0.9407627865929841,0.2207034567813574,16.504639300289895
17.03333333333334,38.30717086791992,-67.40274047851562,0.9427145737436682,0.22050006141588757,16.469260656845144
17.066666666666674,38.30064010620117,-67.4061050415039,0.944671966999736,0.22039514390358572,16.455599093978748
17.10000000000001,38.29411315917969,-67.40946197509766,0.9466323789279236,0.2201886384823248,16.436457242787036
17.133333333333344,38.28759002685547,-67.41281127929688,0.9485958095282424,0.2199822368836963,16.384593259356645
17.16666666666668,38.281070709228516,-67.41615295410156,0.950562258800702,0.21977593940021384,16.3855621304544
17.200000000000014,38.27455520629883,-67.41949462890625,0.9525261206398884,0.21967410415054542,16.34268476571997
17.23333333333335,38.26804733276367,-67.4228286743164,0.9544904137179631,0.21936601621927213,16.311583775568923
17.266666666666683,38.26154327392578,-67.42616271972656,0.9564521193627902,0.21926416977553445,16.311583775568923
17.30000000000002,38.255043029785156,-67.42948913574219,0.9584168436797325,0.21905797327890744,16.25329695072536
17.333333333333353,38.24855041503906,-67.43280792236328,0.9603819992355582,0.21874997551951952,16.239852374640165
17.36666666666669,38.242061614990234,-67.43611907958984,0.9623501734635144,0.21854395307905466,16.217763425990025
17.400000000000023,38.23557662963867,-67.4394302368164,0.9643157602582076,0.21844202313222047,16.16717140072907
17.43333333333336,38.229103088378906,-67.44273376464844,0.9662791908585264,0.21803217496737426,16.136122619604542
17.466666666666693,38.22263717651367,-67.44603729248047,0.9682374465923397,0.2178283295335696,16.081600123425225
17.50000000000003,38.2161750793457,-67.44932556152344,0.9702043271036668,0.2175184401297847,16.08288247253772
17.533333333333363,38.20982360839844,-67.45283508300781,0.9719335949945793,0.21769733994452964,16.070747063053474
17.5666666666667,38.203575134277344,-67.45655059814453,0.9734416373423284,0.21809088338545474,16.05596446318615
17.600000000000033,38.19743347167969,-67.46046447753906,0.9747314728190651,0.2184825490526587,16.014643230342063
17.63333333333337,38.19138717651367,-67.46456909179688,0.9758164698299057,0.21923728947425758,15.987502457775829
17.666666666666703,38.1854362487793,-67.46885681152344,0.9767022344802689,0.22004152612172115,15.952549656374078
17.70000000000004,38.17958068847656,-67.47332763671875,0.9773887667701194,0.22101646533097882,15.907229563952127
17.733333333333373,38.1738166809082,-67.47796630859375,0.9778898663434913,0.22196160481222457,15.882800024020469
17.76666666666671,38.16814041137695,-67.48277282714844,0.9782081206336435,0.22313760500452873,15.844605496705212
17.800000000000043,38.16255187988281,-67.48773193359375,0.9783547418513262,0.22414722594145006,15.78525421908383
17.83333333333338,38.15704345703125,-67.49285125732422,0.978329298757667,0.22559959661324924,15.763539593319358
17.866666666666713,38.151615142822266,-67.49811553955078,0.9781430035634278,0.22685091196891216,15.763539593319358
17.90000000000005,38.14626693725586,-67.5035171508789,0.9778014623740118,0.22804086683881994,15.71140225414778
17.933333333333383,38.14099884033203,-67.5090560913086,0.977304675189384,0.229323866298793,15.659512630269628
17.96666666666672,38.135799407958984,-67.51473236083984,0.9766604043093378,0.23093011824782939,15.621621760067068
18.000000000000053,38.13067626953125,-67.5205307006836,0.9758746870781089,0.23212187114533753,15.568478617767823
18.03333333333339,38.1256217956543,-67.52645111083984,0.9749526983622029,0.23353600649991157,15.54444564555308
18.066666666666723,38.120635986328125,-67.53248596191406,0.9739000442670237,0.23484026467462404,15.505209100930669
18.10000000000006,38.11571502685547,-67.53863525390625,0.9727193122257978,0.2362766825631254,15.501869192522372
18.133333333333393,38.11084747314453,-67.544921875,0.9714014462221647,0.23852298739266095,15.411881063775226
18.16666666666673,38.10603713989258,-67.55135345458984,0.969938252717457,0.2409441217664514,15.38740191148093
18.200000000000063,38.10127639770508,-67.55790710449219,0.9683517248943562,0.24300924652469352,15.307319640367865
18.2333333333334,38.09656524658203,-67.56459045410156,0.9666362566474785,0.24530775816265357,15.30275698700545
18.266666666666733,38.09190368652344,-67.57139587402344,0.9647974540821772,0.24746614767203357,15.30275698700545
18.300000000000068,38.08728790283203,-67.57831573486328,0.9628435107371234,0.24954145911208717,15.187341983519506
18.333333333333403,38.08272171020508,-67.58534240722656,0.9607774452844227,0.2513997129008055,15.136345561329124
18.366666666666738,38.07820129394531,-67.59248352050781,0.9585962390519543,0.25354821208495776,15.08912102914145
18.400000000000073,38.07372283935547,-67.59972381591797,0.956313691683733,0.2554027991735016,15.091508115306441
18.433333333333408,38.06929397583008,-67.60706329345703,0.9539246283132582,0.257166262183912,14.995600103926904
18.466666666666743,38.064903259277344,-67.614501953125,0.9514368112402884,0.2591347999634332,14.976649612633294
18.500000000000078,38.06055450439453,-67.62202453613281,0.9488588652423265,0.26067380329866946,14.934737019642206
18.533333333333413,38.056251525878906,-67.629638671875,0.9461825967807375,0.26237686347265604,14.90386223438265
18.566666666666748,38.05198287963867,-67.63733673095703,0.9434213742606722,0.26407065137807306,14.859770385610243
18.600000000000083,38.04775619506836,-67.6451187133789,0.9405700228156157,0.26567216938204186,14.78261105487415
18.633333333333418,38.0435676574707,-67.6529769897461,0.9376367359842191,0.2671455019330661,14.715272722610555
18.666666666666753,38.0394172668457,-67.6609115600586,0.9346215137664617,0.26863513088515584,14.675779676472205
18.700000000000088,38.035301208496094,-67.66891479492188,0.9315325497009899,0.26998950748650685,14.634686054285616
18.733333333333423,38.03122329711914,-67.6769790649414,0.9283728624599193,0.2711007763389379,14.593109773399998
18.766666666666758,38.027183532714844,-67.68511199951172,0.9251368459378972,0.2724296038437956,14.571079527997115
18.800000000000093,38.0230598449707,-67.6930923461914,0.9220698750550705,0.26948406328623115,14.499484435631526
18.833333333333428,38.018856048583984,-67.700927734375,0.9191637562728296,0.2667558637476057,14.438541138093093
18.866666666666763,38.01457977294922,-67.70861053466797,0.9164189208300316,0.2637816488717852,14.353131822509289
18.900000000000098,38.010231018066406,-67.7161636352539,0.9138185504105466,0.2614668195830352,14.32372987254725
18.933333333333433,38.00581359863281,-67.72357177734375,0.9113712697918686,0.25875615414526015,14.287412335364477
18.966666666666768,38.0013313293457,-67.7308578491211,0.9090576732246151,0.256631685331512,14.208871012499753
19.000000000000103,37.99678421020508,-67.73800659179688,0.9068889729195325,0.25417067669425775,14.171200936309189
19.033333333333438,37.99217987060547,-67.74504089355469,0.9048431756939852,0.2522165932916499,14.149795412778
19.066666666666773,37.98751449584961,-67.75196075439453,0.9029228689812218,0.2503700782639005,14.06781431997881
19.100000000000108,37.982791900634766,-67.75875854492188,0.9011310714533619,0.248317489225424,14.04628377521896
19.133333333333443,37.97801971435547,-67.76544952392578,0.8994513960331386,0.24655357576705567,13.994611136720273
19.166666666666778,37.97319412231445,-67.77203369140625,0.8978864301538203,0.24489556950148772,13.96878879867373
19.200000000000113,37.96832275390625,-67.77851104736328,0.8964309989488811,0.24314138546589492,13.912676066740959
19.233333333333448,37.963401794433594,-67.7848892211914,0.8950820837462053,0.24167591762931945,13.83866065904543
19.266666666666783,37.958438873291016,-67.79117584228516,0.8917689944015224,0.24028518876420216,14.923463750497058
19.300000000000118,37.95343017578125,-67.79736328125,0.8869810844758246,0.23881856401711984,14.903090405363596
19.333333333333453,37.94838333129883,-67.80345916748047,0.8822912457486067,0.23741824139714618,14.991183439555432
19.366666666666788,37.94329833984375,-67.8094711303711,0.877692076619968,0.23622182859935426,15.041485579482458
19.400000000000123,37.938175201416016,-67.81539916992188,0.873183577089936,0.23505186712472603,15.060336777564764
19.433333333333458,37.93301773071289,-67.82124328613281,0.8687648219585097,0.23383301415001614,15.128152946041359
19.466666666666793,37.92782974243164,-67.8270034790039,0.8644348860256982,0.23256298047352233,15.169987848649109
19.500000000000128,37.922607421875,-67.83269500732422,0.8601798912917255,0.23173155580435614,15.18804879734446
19.533333333333463,37.917354583740234,-67.83830261230469,0.8560137157563831,0.23050767422869753,15.240467680511106
19.566666666666798,37.912071228027344,-67.8438491821289,0.8519141546199914,0.22980525660541626,15.295046096732163
19.600000000000133,37.90676498413086,-67.84931945800781,0.8478941606823702,0.22863098703432375,15.35044237841492
19.633333333333468,37.901432037353516,-67.85472106933594,0.8439472575436217,0.22771902345456008,15.35898476609526
19.666666666666803,37.89607620239258,-67.86005401611328,0.8400725200037568,0.22674382133346727,15.438679708496467
19.700000000000138,37.89069366455078,-67.8653335571289,0.8362560700629735,0.22618740075131907,15.480048659048501
19.733333333333473,37.88540267944336,-67.87075805664062,0.832276784924724,0.22732739941247146,15.495697472247727
19.766666666666808,37.88019943237305,-67.87632751464844,0.8281355897889836,0.22865558886227152,15.539967796125941
19.800000000000143,37.87495040893555,-67.8818359375,0.8240647098521658,0.22826623145602642,15.618607394836891
19.833333333333478,37.869651794433594,-67.88729095458984,0.8200576687143454,0.2281431006664804,15.659055383729564
19.866666666666813,37.86431121826172,-67.89269256591797,0.8161126159755613,0.2278798870215505,15.671414332948414
19.900000000000148,37.85892868041992,-67.89804077148438,0.8122295516358256,0.227634607999361,15.7453787772034
19.933333333333483,37.8535041809082,-67.90333557128906,0.8084084756951107,0.2274073216321765,15.757077298677784
19.966666666666818,37.848045349121094,-67.90857696533203,0.8046475377534797,0.22703292799561395,15.829771575208573
20.000000000000153,37.84254837036133,-67.91377258300781,0.8009402614110109,0.22691429365816623,15.859591369604923
20.033333333333488,37.83702087402344,-67.91891479492188,0.7972921978676113,0.22648620978123266,15.912653435995228
20.066666666666823,37.83145523071289,-67.92401885986328,0.7936903943235041,0.22655038721594542,15.926779499605614
20.100000000000158,37.825862884521484,-67.9290771484375,0.790139476778621,0.22621794204294926,15.989202295105882
20.133333333333493,37.82024002075195,-67.93408966064453,0.786640370432908,0.2259816099524694,16.042126909573657
20.166666666666828,37.8145866394043,-67.9390640258789,0.7831856736865231,0.2259082272346176,16.057120558795116
20.200000000000163,37.80891036987305,-67.9439926147461,0.7797809377393595,0.22552144379602906,16.105255350267953
20.233333333333498,37.80320739746094,-67.94888305664062,0.7764196861915212,0.2253803110996174,16.141812142110112
20.266666666666833,37.797481536865234,-67.95374298095703,0.7730935922431372,0.22530847638373538,16.182365248093443
20.300000000000168,37.79173278808594,-67.95855712890625,0.7698174590939745,0.22494826005993238,16.223459634879575
20.333333333333503,37.78596496582031,-67.96334075927734,0.7665755583442755,0.22480169904513853,16.288179504811364
20.366666666666838,37.780174255371094,-67.96808624267578,0.763376216793928,0.22460353107728168,16.27533345646728
20.400000000000173,37.77436828613281,-67.9728012084961,0.760210182443055,0.22437950738497703,16.355164147690953
20.433333333333508,37.7685432434082,-67.97747802734375,0.7570857820915464,0.22410573743120815,16.384045029631917
20.466666666666843,37.76270294189453,-67.98212432861328,0.7539946889395123,0.22389174511817342,16.38980288841152
20.500000000000178,37.7568473815918,-67.98674774169922,0.7509295013870692,0.22382399674735307,16.43037355028832
20.533333333333513,37.7509765625,-67.9913330078125,0.7479050226340013,0.22347721119700512,16.490537690214133
20.566666666666848,37.745094299316406,-67.99588775634766,0.7449129258804343,0.22318619791916666,16.51987195907101
20.600000000000183,37.739200592041016,-68.00041961669922,0.7419458095264833,0.223038537756709,16.555785458996343
20.633333333333518,37.73329162597656,-68.00492095947266,0.7390120003720083,0.2228456193048295,16.613003679324525
20.666666666666853,37.72737503051758,-68.0093994140625,0.7361022464171619,0.2226126492468709,16.628811312260105
20.700000000000188,37.72145080566406,-68.01384735107422,0.7332239492618273,0.2222442921600165,16.6811727447548
20.733333333333523,37.71551513671875,-68.01827239990234,0.7303706325061102,0.22210785817632359,16.730677859550887
20.766666666666858,37.709571838378906,-68.02266693115234,0.7275487725498913,0.2217458681853045,16.754515724692098
20.800000000000193,37.7036247253418,-68.02704620361328,0.7247426409934402,0.22156615871326943,16.783140610684463
20.833333333333528,37.697669982910156,-68.0313949584961,0.7219679662365028,0.22120932125968423,16.812336171521892
20.866666666666863,37.691707611083984,-68.03572845458984,0.7192099450792966,0.22112476019041194,16.858162028146996
20.900000000000198,37.68574142456055,-68.04003143310547,0.7164824555216269,0.22068055003678919,16.892835764564488
20.933333333333533,37.679771423339844,-68.04431915283203,0.7137706943636994,0.22050603058845125,16.916864624849772
20.966666666666868,37.67380142211914,-68.048583984375,0.7110811380054359,0.22010618437151697,16.945396936701854
21.000000000000203,37.66782760620117,-68.05282592773438,0.7084147116468256,0.21980105567837982,17.002683119470575
21.033333333333537,37.66184997558594,-68.05705261230469,0.7057640136879574,0.21962977304134917,17.035329068679257
21.066666666666872,37.65586853027344,-68.0612564086914,0.7031364457287286,0.21932768379453618,17.038213079661258
21.100000000000207,37.64988708496094,-68.06544494628906,0.7005236809692665,0.21906478884126357,17.079469268959937
21.133333333333542,37.6439094543457,-68.06961059570312,0.6979321958094812,0.21857774939769117,17.104466754998473
21.166666666666877,37.6379280090332,-68.07376098632812,0.6953564390494639,0.2184103645202409,17.110362875412346
21.200000000000212,37.63193893432617,-68.07789611816406,0.6927973358891639,0.21833803615560612,17.175397617982046
21.233333333333547,37.62594223022461,-68.08201599121094,0.6902548863286245,0.21826688389138937,17.191764111723142
21.266666666666882,37.61994552612305,-68.08613586425781,0.6877124367680835,0.21826688389138937,17.22367109448457
21.300000000000217,37.61393737792969,-68.0902328491211,0.685194967607146,0.2181623631953754,17.25733554025069
21.333333333333552,37.60792922973633,-68.09432220458984,0.6826849000460922,0.2180334964560417,17.279525243529065
21.366666666666887,37.60191345214844,-68.09840393066406,0.6801840844848998,0.2180941561773995,17.279525243529065
21.400000000000222,37.59590148925781,-68.10247039794922,0.6776971469235007,0.21774266596500635,17.36690155517956
21.433333333333557,37.589881896972656,-68.10652923583984,0.6752194613619477,0.21780424851617852,17.36690155517956
21.466666666666892,37.5838623046875,-68.1105728149414,0.6727565790001615,0.21754866330799433,17.41737523469902
21.500000000000227,37.577842712402344,-68.11460876464844,0.6703010982382726,0.21742111945594994,17.432500806271754
21.533333333333562,37.57181930541992,-68.1186294555664,0.6678613458761257,0.21726170490989086,17.469774008194157
21.566666666666897,37.565799713134766,-68.12265014648438,0.6654206683140053,0.21716653071689968,17.489270553807362
21.600000000000232,37.55978012084961,-68.12665557861328,0.6629947939516501,0.2169126092160352,17.553560091319202
21.633333333333567,37.55375671386719,-68.13064575195312,0.6605846479890524,0.21675475418569157,17.595329466651343
21.666666666666902,37.5477409362793,-68.13463592529297,0.6581726516264749,0.21656397886553128,17.595329466651343
21.700000000000237,37.54172134399414,-68.13861083984375,0.655776383663655,0.21640677731756147,17.67960187773706
21.733333333333572,37.53570556640625,-68.142578125,0.6533865921007431,0.21618519456283739,17.71995722736816
21.766666666666907,37.529693603515625,-68.14653778076172,0.6510032769377257,0.2159636876759798,17.735245991830396
21.800000000000242,37.523685455322266,-68.1504898071289,0.6486264381746164,0.21574225689067378,17.79431563458552
21.833333333333577,37.517677307128906,-68.15443420410156,0.6462570010113767,0.2156165600600765,17.801444915859015
21.866666666666912,37.51167678833008,-68.15836334228516,0.643900516647955,0.21517415608938195,17.79944957605084
21.900000000000247,37.50567626953125,-68.16229248046875,0.6415440322845194,0.21517415608938195,17.843604690331563
21.933333333333582,37.49980163574219,-68.16641998291016,0.6389645747245475,0.2153899689016841,17.929549881997257
21.966666666666917,37.494049072265625,-68.17073822021484,0.6361704707679114,0.2157898143433282,17.937158105592317
22.000000000000252,37.48841094970703,-68.17524719238281,0.6331635708145622,0.21658100193118623,17.976072087469646
22.033333333333587,37.482887268066406,-68.179931640625,0.6299586780642957,0.21727770889035103,18.032369800694617
22.066666666666922,37.47747039794922,-68.1847915649414,0.6265576429170729,0.2183236395924823,18.0677199044131
22.100000000000257,37.472164154052734,-68.1898193359375,0.6229669417727918,0.21929713844536436,18.088149707898605
22.133333333333592,37.466957092285156,-68.19500732421875,0.6191967518312993,0.2205126826102867,18.134153299551283
22.166666666666927,37.46185302734375,-68.20034790039062,0.6152535494924933,0.22162109442993524,18.227368926220688
22.200000000000262,37.456844329833984,-68.2058334350586,0.611146586756232,0.22284597192688377,18.222138833329034
22.233333333333597,37.45193099975586,-68.21146392822266,0.6068758636225033,0.22418505560015842,18.286780488480325
22.266666666666932,37.44710922241211,-68.21723937988281,0.6024423052912964,0.22570963818222772,18.316636030558094
22.300000000000267,37.44237518310547,-68.22314453125,0.5978616401623792,0.2270545017029906,18.396453874597775
22.333333333333602,37.43772888183594,-68.22917175292969,0.5931412698356385,0.2283067344539106,18.405720112066433
22.366666666666937,37.43316650390625,-68.2353286743164,0.5882747179111473,0.22989274891127146,18.475951078450226
22.400000000000272,37.42868423461914,-68.24159240722656,0.5832851143885777,0.23106834300428225,18.52070650311692
22.433333333333607,37.424285888671875,-68.24797821044922,0.5781567308681564,0.23261886613790253,18.57237365622205
22.466666666666942,37.41995620727539,-68.25448608398438,0.57289326814984,0.2344967015763441,18.657236973270976
22.500000000000277,37.41570281982422,-68.26111602783203,0.5674928758336382,0.23631063075870118,18.675678612529076
22.533333333333612,37.4115104675293,-68.26787567138672,0.5619518531196358,0.23862468203446283,18.739012451322786
22.566666666666947,37.407386779785156,-68.27476501464844,0.5562683496078255,0.24087562365268228,18.778064929083005
22.600000000000282,37.403324127197266,-68.28178405761719,0.5504442156982027,0.24330001895262543,18.814001714636454
22.633333333333617,37.39931869506836,-68.2889175415039,0.5444951797905198,0.24543241638222008,18.867107953708544
22.666666666666952,37.3953742980957,-68.29617309570312,0.5384129150849077,0.24775229725298326,18.962437590770104
22.700000000000287,37.39148712158203,-68.30353546142578,0.5322131499811191,0.24976611710623864,18.976950976184053
22.733333333333622,37.387657165527344,-68.31100463867188,0.5258958844791418,0.25181631182860625,19.047439594042768
22.766666666666957,37.383880615234375,-68.31857299804688,0.5194694453788776,0.25374821412184456,19.07973710769311
22.800000000000292,37.380157470703125,-68.32624053955078,0.5129338326802955,0.2557101838473226,19.17321105528931
22.833333333333627,37.376487731933594,-68.3340072631836,0.506289046383411,0.25770153426508746,19.19390567928905
22.866666666666962,37.37286376953125,-68.34185791015625,0.4995517400879536,0.259401590674749,19.26310838185327
22.900000000000297,37.369293212890625,-68.34980010986328,0.49271266179407897,0.26123680793343557,19.31102219394042
22.933333333333632,37.36577224731445,-68.35782623291016,0.4857801383016561,0.2629339551616505,19.370625805048917
22.966666666666967,37.36229705810547,-68.36593627929688,0.47875509481067763,0.264697588182579,19.447725214843008
23.000000000000302,37.35886764526367,-68.37411499023438,0.47165233452089306,0.2660582014048751,19.479090605204444
23.033333333333637,37.35548400878906,-68.38236999511719,0.4644644558324345,0.26764657903064754,19.535381433987816
23.066666666666972,37.352142333984375,-68.39069366455078,0.45719978554517454,0.26908221235530144,19.59016023636422
23.100000000000307,37.348846435546875,-68.39907836914062,0.44986480005899193,0.27027688730695343,19.67755340156784
23.133333333333642,37.3455924987793,-68.40753173828125,0.44245302297400957,0.271740315160561,19.725466411476482
23.166666666666977,37.342376708984375,-68.41604614257812,0.43497278109009657,0.2730434875293502,19.78665724298036
23.200000000000312,37.33906936645508,-68.4244155883789,0.4276553744036481,0.269976895041927,19.799811109064382
23.233333333333647,37.33566665649414,-68.43264770507812,0.4204943265147715,0.26722941901115144,19.87551063107794
23.266666666666982,37.33217239379883,-68.44073486328125,0.4134961138233594,0.2642930184995474,19.945915604754113
23.300000000000317,37.32859420776367,-68.44869995117188,0.40663668112981094,0.261956936092197,20.035709345851945
23.333333333333652,37.32493209838867,-68.45652770996094,0.3999308316338671,0.25926119543963244,20.077303152978544
23.366666666666987,37.32119369506836,-68.4642333984375,0.39336191173580876,0.2569396132456739,20.085298803675563
23.400000000000322,37.31737518310547,-68.4718246459961,0.3869234450357157,0.25492600062750553,20.155522011561313
23.433333333333657,37.3134880065918,-68.47930145263672,0.38061265593364646,0.25280724062170906,20.237346047237217
23.466666666666992,37.30952835083008,-68.48665618896484,0.37443787122947714,0.250587146890655,20.24450696874102
23.500000000000327,37.30550003051758,-68.49391174316406,0.3683759609235355,0.24896463232778837,20.32753811679935
23.533333333333662,37.30141067504883,-68.50106048583984,0.36243247621577335,0.24707208461276728,20.409945507751193
23.566666666666997,37.29725646972656,-68.50810241699219,0.3566083423061505,0.2452786060635955,20.41463478362947
23.600000000000332,37.29304504394531,-68.51505279541016,0.350886905594934,0.24380213398891462,20.41463478362947
23.633333333333667,37.28877639770508,-68.52190399169922,0.34527556768201073,0.24216566268564532,20.544811557640404
23.666666666667002,37.28445816040039,-68.5286636352539,0.3397650765675294,0.24063657029932237,20.601510439805022
23.700000000000337,37.28008270263672,-68.53533172607422,0.3343572826514441,0.23926399488149294,20.630215606519233
23.733333333333672,37.27566146850586,-68.54191589355469,0.32904200873392997,0.2379258611115325,20.683132990964154
23.766666666667007,37.27119064331055,-68.54841613769531,0.32382018001496227,0.2366797554361032,20.78837178103258
23.80000000000034,37.26667785644531,-68.55484008789062,0.3186825444946795,0.23551888090469233,20.796793622378313
23.833333333333677,37.26211929321289,-68.5611801147461,0.31363742897296953,0.23426223627560672,20.8612316148083
23.86666666666701,37.25751876831055,-68.56744384765625,0.3086765066499583,0.23315072681030508,20.914108291834932
23.900000000000347,37.25288009643555,-68.57363891601562,0.3037914507257594,0.23217780657746068,20.95848250156263
23.93333333333368,37.248207092285156,-68.57975769042969,0.2989887376002948,0.23097344286254753,21.007723973460536
23.966666666667017,37.24349594116211,-68.58580780029297,0.29426189087364596,0.2300410764097643,21.046514479168522
24.00000000000035,37.23875045776367,-68.591796875,0.2896025837459491,0.2292373566374439,21.07603638561815
24.033333333333687,37.23397445678711,-68.59771728515625,0.2850172926171019,0.22820012614308235,21.15826571453076
24.06666666666702,37.22916793823242,-68.60356903076172,0.2805060174871044,0.22718052848541012,21.189222517753954
24.100000000000357,37.22433090209961,-68.60936737060547,0.2760539551561881,0.22653012414329632,21.232483287773
24.13333333333369,37.21946716308594,-68.61510467529297,0.27166758202426267,0.22564432198327306,21.235190008424517
24.166666666667027,37.214576721191406,-68.62078857421875,0.26733949649142935,0.22494625142476876,21.235190008424517
24.20000000000036,37.209659576416016,-68.62641143798828,0.2630771001575732,0.2240879709881203,21.382559657078104
24.233333333333697,37.2047233581543,-68.6319808959961,0.25887114102283265,0.22326352569396823,21.435521176453395
24.26666666666703,37.19975280761719,-68.63750457763672,0.2547179182872927,0.22292529770764552,21.4492398170326
24.300000000000367,37.194759368896484,-68.64299011230469,0.25060725475107676,0.2225375670888263,21.497513853781513
24.3333333333337,37.189735412597656,-68.64842224121094,0.246555804013942,0.22197600143255677,21.523134335993195
24.366666666667037,37.18468475341797,-68.65382385253906,0.242540436076249,0.22185109145672677,21.580805622884114
24.40000000000037,37.17961120605469,-68.65917205810547,0.23858243053767622,0.22115552687011292,21.643286638568277
24.433333333333707,37.17451477050781,-68.66448974609375,0.2346595825985544,0.2209667729359905,21.682762509110606
24.46666666666704,37.169395446777344,-68.66976928710938,0.23077929385877216,0.2206194141813146,21.73655497703262
24.500000000000377,37.16425323486328,-68.67501068115234,0.22694156431832604,0.2202795936861042,21.779305575569072
24.53333333333371,37.15909194946289,-68.68021392822266,0.22314546877722866,0.21986673771423665,21.792588460830615
24.566666666667047,37.15391540527344,-68.68538665771484,0.2193826804356196,0.21954126293304532,21.88481056653554
24.60000000000038,37.148719787597656,-68.69052124023438,0.21566152609335928,0.21914046320679756,21.9014337242823
24.633333333333717,37.14350891113281,-68.69562530517578,0.21197367895058902,0.21882468145106346,21.924391676738857
24.66666666666705,37.13828659057617,-68.70069885253906,0.20831821380731969,0.21843114100190117,22.015359912875223
24.700000000000387,37.1330451965332,-68.70574188232422,0.20469698106351397,0.21820615214717767,22.03897773632495
24.73333333333372,37.1277961730957,-68.71074676513672,0.20111460671910522,0.21757984537372485,22.113849955891563
24.766666666667057,37.12253189086914,-68.71572875976562,0.19755813797428762,0.21743882831503966,22.149926094362513
24.80000000000039,37.11725616455078,-68.7206802368164,0.19403405122897094,0.21706075613426493,22.1953185157645
24.833333333333727,37.11197280883789,-68.7256088256836,0.19053401968329647,0.21675874199124867,22.220783243683446
24.86666666666706,37.1068115234375,-68.73070526123047,0.18684154654059626,0.21760346973557854,22.259756682354894
24.900000000000396,37.10177230834961,-68.73596954345703,0.18295663180088234,0.21862232378381152,22.308995568696847
24.93333333333373,37.09685134887695,-68.74140167236328,0.17888020066413005,0.21988969945651818,22.375881436874987
24.966666666667066,37.092044830322266,-68.74698638916016,0.1746279815301246,0.22104866904387296,22.410365622963617
25.0000000000004,37.08734893798828,-68.75271606445312,0.17020830119870917,0.2222442921600165,22.464219731032294
25.033333333333736,37.082763671875,-68.75859832763672,0.1656137580700004,0.22374788701036047,22.51275699334082
25.06666666666707,37.078277587890625,-68.76461029052734,0.16086933254362953,0.22503729153588342,22.568970154639274
25.100000000000406,37.07389450073242,-68.77075958251953,0.15596669781971206,0.2265451843174509,22.6048804174605
25.13333333333374,37.069610595703125,-68.77703857421875,0.150914180698117,0.22803469287150963,22.685792051100538
25.166666666667076,37.06542205810547,-68.78343963623047,0.14572010797872031,0.2294900823050181,22.699179192759754
25.20000000000041,37.06132888793945,-68.78996276855469,0.1403844796615186,0.23102979806619126,22.77709596115077
25.233333333333746,37.05731964111328,-68.79660034179688,0.13491747294635215,0.2326333913966683,22.831339967441895
25.26666666666708,37.053401947021484,-68.8033447265625,0.12932463903313654,0.23399048608292872,22.892786533715597
25.300000000000416,37.04956817626953,-68.81018829345703,0.12361522992173514,0.23532740047986295,22.905760871615442
25.33333333333375,37.045814514160156,-68.81714630126953,0.11777536761235466,0.23717813296160284,22.96490580202938
25.366666666667086,37.04214096069336,-68.8241958618164,0.11182725690466258,0.23847886505878188,23.05662347033915
25.40000000000042,37.03854751586914,-68.83133697509766,0.1057708977986417,0.23982808455290364,23.106903717355948
25.433333333333756,37.035030364990234,-68.83856964111328,0.09960721549429487,0.24127500326123932,23.13717597476987
25.46666666666709,37.03158187866211,-68.84588623046875,0.09334546199145957,0.24265630833885465,23.191858006385818
25.500000000000426,37.0282096862793,-68.85328674316406,0.08698378689018174,0.2439781602073475,23.263282472009788
25.53333333333376,37.024906158447266,-68.86076354980469,0.08053144219030921,0.2452230419647984,23.297200847069085
25.566666666667096,37.02166748046875,-68.86831665039062,0.07398935309183277,0.24654518279380416,23.364403983987444
25.60000000000043,37.018497467041016,-68.87594604492188,0.06735659439476163,0.24785274144325148,23.427879285066172
25.633333333333766,37.01538848876953,-68.88363647460938,0.06064981969882872,0.24885258528664914,23.494675355560926
25.6666666666671,37.01234436035156,-68.89141082763672,0.05384589900442055,0.25047266225472287,23.516951260304754
25.700000000000436,37.00935745239258,-68.89926147460938,0.04695408431135909,0.25198978022977214,23.575952864793614
25.73333333333377,37.00642776489258,-68.90718078613281,0.03998177721956567,0.25331543077281254,23.672889363799428
25.766666666667106,37.00355911254883,-68.9151611328125,0.03293545412891049,0.2544083124773472,23.697705885400964
25.80000000000044,37.0007438659668,-68.9232177734375,0.025802162239603167,0.25603039727781374,23.77007147615603
25.833333333333776,36.997982025146484,-68.93132781982422,0.01860410635129568,0.2570224803403914,23.84198742096764
25.86666666666711,36.99527359008789,-68.93950653076172,0.011326483264231534,0.258465161596726,23.93854964562881
25.900000000000446,36.992618560791016,-68.94773864746094,0.003984096178167226,0.2594903337797743,23.983547471914893
25.93333333333378,36.990013122558594,-68.95602416992188,0.003422129706896092,0.26056548457211076,24.07209465978509
25.966666666667116,36.987457275390625,-68.96436309814453,0.01089219439097393,0.2616544874137727,24.15166150099772
26.00000000000045,36.984947204589844,-68.97274780273438,0.01841777107419033,0.2625706644610043,24.227685140103862
26.033333333333786,36.98248291015625,-68.98118591308594,0.026006261356430443,0.263717667259,24.331301060214866
26.06666666666712,36.98006820678711,-68.98966979980469,0.03365118883779993,0.26462504340248966,24.38981923418633
26.100000000000456,36.97769546508789,-68.99819946289062,0.04135070311832061,0.26560600516128147,24.431104019795
26.13333333333379,36.97536849975586,-69.00676727294922,0.04909832779809645,0.26634549587134754,24.516015892395956
26.166666666667126,36.97308349609375,-69.01537322998047,0.056893137677127996,0.26712424888732417,24.620314657377207
26.20000000000046,36.97084045410156,-69.02403259277344,0.06474993595520795,0.2683546556761615,24.71418364340129
26.233333333333796,36.96863555908203,-69.03274536132812,0.07266779743234722,0.26962289988284477,24.853099483923426
26.26666666666713,36.966468811035156,-69.04151153564453,0.08064672210851995,0.270899517016608,24.874493065868357
26.300000000000466,36.96434020996094,-69.05032348632812,0.08867930838388065,0.2719619010908113,24.96109099093897
26.3333333333338,36.962249755859375,-69.05917358398438,0.09675815465850797,0.27280909843388856,25.07872723692957
26.366666666667136,36.96019744873047,-69.06807708740234,0.1048980641321946,0.2741092918866972,25.17596518397487
26.40000000000047,36.95818328857422,-69.07701110839844,0.1130768320052765,0.2747475478767774,25.214740699026606
26.433333333333806,36.956199645996094,-69.08599090576172,0.12130741107755613,0.2758884533774637,25.333094357305086
26.46666666666714,36.954254150390625,-69.09500885009766,0.12958425014911618,0.27676243581322396,25.4091673860651
26.500000000000476,36.95234298706055,-69.10405731201172,0.1378990224200824,0.2774427642884698,25.535897040464903
26.53333333333381,36.95046615600586,-69.11314392089844,0.146259129490352,0.2783524030455495,25.633463412478104
26.566666666667146,36.9486198425293,-69.12226104736328,0.1546562445600525,0.2790659090371333,25.711128335734454
26.60000000000048,36.94681167602539,-69.13140869140625,0.1540694072221617,0.27973911395877266,46.851126816582834
26.633333333333816,36.945030212402344,-69.14058685302734,0.15281445720560402,0.28048357713927174,46.76587302880394
26.66666666666715,36.94328308105469,-69.14978790283203,0.15159508931472376,0.28096371101776246,46.65690562398154
26.700000000000486,36.94157028198242,-69.15901947021484,0.150411738804877,0.28167350834756444,46.50485079886967
26.73333333333382,36.939884185791016,-69.16826629638672,0.14925591819654058,0.2819787991278642,46.44578834613069
26.766666666667156,36.938232421875,-69.17754364013672,0.14813611496925266,0.28269716655977256,46.37685699356451
26.80000000000049,36.93661117553711,-69.18684387207031,0.1470480853832327,0.28321454471139834,46.2445649614147
26.833333333333826,36.93501663208008,-69.19615936279297,0.1459875856987302,0.28352926236321757,46.129112566856996
26.86666666666716,36.93345642089844,-69.20549774169922,0.14496266813990427,0.2840345429260502,46.02066726506416
26.900000000000496,36.931922912597656,-69.21485137939453,0.1439652804825887,0.2843553538433246,45.91310416418121
26.93333333333383,36.930416107177734,-69.2242202758789,0.14299542272679686,0.2846787935860277,45.799164463727436
26.966666666667166,36.92893981933594,-69.23360443115234,0.14205690335691687,0.2849870460021647,45.721872401808575
27.0000000000005,36.927494049072266,-69.24300384521484,0.14114972237295426,0.2852986378100613,45.6069673201735
27.033333333333836,36.92607498168945,-69.2524185180664,0.1402700712905099,0.2856305925929841,45.472829246273704
27.06666666666717,36.924678802490234,-69.26187896728516,0.13941588264662322,0.2868875636886178,45.42222647011006
27.100000000000506,36.92331314086914,-69.27139282226562,0.13859520866544794,0.288341154585062,45.27349522469036
27.13333333333384,36.921966552734375,-69.28094482421875,0.13779575338307196,0.28939356735331184,45.171189199764704
27.166666666667176,36.92064666748047,-69.29053497314453,0.1370251337682912,0.2904165080568393,45.08538549625381
27.20000000000051,36.91935348510742,-69.30018615722656,0.1362846555871851,0.29212310307760886,44.94518107471278
27.233333333333846,36.9180793762207,-69.30989837646484,0.13556670187096398,0.29386306400922607,44.86244895610441
27.26666666666718,36.91682815551758,-69.31966400146484,0.13487464584865122,0.29536365111451723,44.76177339398838
27.300000000000516,36.91560363769531,-69.32948303222656,0.13421229600465537,0.2968527043787251,44.65688158416013
27.33333333333385,36.914398193359375,-69.33934783935547,0.13357160011482364,0.2981455419150302,44.55227147553299
27.366666666667186,36.9132194519043,-69.34925842285156,0.13296017514793693,0.29941307083337054,44.42739943036224
27.40000000000052,36.91205978393555,-69.35921478271484,0.1323704041352143,0.3007100569858153,44.35694312714303
27.433333333333856,36.91092300415039,-69.36921691894531,0.13180609556105022,0.3019958571032324,44.2234615422644
27.46666666666719,36.909812927246094,-69.37925720214844,0.13127062265448136,0.30304389414599103,44.170119578413995
27.500000000000526,36.908721923828125,-69.38933563232422,0.1307563684467055,0.30411928406384525,44.033182432422855
27.53333333333386,36.907474517822266,-69.39925384521484,0.13007682601599313,0.2998904330226167,43.95362273520984
27.566666666667196,36.90607833862305,-69.40902709960938,0.1292404828418627,0.29617433385575453,43.834652414769096
27.60000000000053,36.904537200927734,-69.41864776611328,0.1282507121533494,0.29229966889780623,43.77100993104297
27.633333333333866,36.90285873413086,-69.42813110351562,0.12711600142997875,0.28892186689036425,43.671423367606245
27.6666666666672,36.90104675292969,-69.4374771118164,0.1258401591561444,0.2856011770432767,43.57059200826005
27.700000000000536,36.89910125732422,-69.44668579101562,0.12442318533184717,0.282358377192036,43.492339290319855
27.73333333333387,36.897037506103516,-69.45576477050781,0.12288074915004925,0.279317460872863,43.40708087341145
27.766666666667206,36.89485168457031,-69.4647216796875,0.12120947738170684,0.276592903100145,43.314257701113945
27.80000000000054,36.892555236816406,-69.47356414794922,0.11942123073537983,0.2740741241367598,43.19931037768083
27.833333333333876,36.89014434814453,-69.48228454589844,0.11751176547130511,0.27142577645246296,43.119413273874024
27.86666666666721,36.887630462646484,-69.49089813232422,0.11549337755340575,0.269187931138311,43.071130390312625
27.900000000000546,36.88501739501953,-69.49939727783203,0.1133694402107201,0.2667531388894981,42.98583665933777
27.93333333333388,36.882301330566406,-69.5077896118164,0.11113658021421141,0.2646269983144998,42.98583665933777
27.966666666667216,36.87949752807617,-69.51608276367188,0.10881046675683403,0.26262884169850487,42.837567459908115
28.00000000000055,36.8765983581543,-69.52427673339844,0.1063834828697936,0.26075216874295537,42.72272165762245
28.033333333333886,36.87361526489258,-69.53237915039062,0.10386748926163661,0.25902356238585805,42.69177410698576
28.06666666666722,36.87055206298828,-69.5403823852539,0.10126585916141399,0.2570826263382954,42.591237582187475
28.100000000000556,36.86740493774414,-69.54830169677734,0.09857565459544672,0.2556519178038793,42.49727359113601
28.13333333333389,36.86418533325195,-69.55613708496094,0.09580830101692439,0.25413233750615655,42.42970663130738
28.166666666667226,36.86088943481445,-69.56388092041016,0.09295955468609568,0.25248156482682593,42.35422322580206
28.20000000000056,36.85752487182617,-69.57154846191406,0.09003790308246953,0.25119778887285865,42.35422322580206
28.233333333333896,36.854095458984375,-69.57913208007812,0.08704671943509931,0.24968965378645946,42.20774415882641
28.26666666666723,36.8505973815918,-69.5866470336914,0.08398306577029567,0.24867642817285998,42.20774415882641
28.300000000000566,36.847042083740234,-69.59407806396484,0.0808574970305431,0.24713218803762205,42.0766869181199
28.3333333333339,36.84342956542969,-69.6014404296875,0.07767088372655541,0.24602692092606882,42.04832459721515
28.366666666667236,36.83975601196289,-69.60873413085938,0.07441941737393737,0.24499747890993384,41.956911281458986
28.40000000000057,36.83603286743164,-69.61595916748047,0.07111452342588727,0.24383737088282906,41.846244923908884
28.433333333333906,36.83225631713867,-69.62312316894531,0.06775282865336839,0.2429541606831321,41.81594693003936
28.46666666666724,36.82843017578125,-69.63021850585938,0.06433770628540875,0.24183640596471173,41.74514795810895
28.500000000000576,36.824554443359375,-69.63726043701172,0.060870026832738774,0.2411412170166896,41.701163254743236
28.53333333333391,36.82063674926758,-69.64423370361328,0.057356536753439005,0.23995269676340472,41.639702625956275
28.566666666667246,36.81667709350586,-69.65115356445312,0.05379810655821696,0.23917987585644407,41.569707298592114
28.60000000000058,36.81267547607422,-69.65802001953125,0.050194736247086015,0.2384219634769558,41.51668489743846
28.633333333333916,36.808631896972656,-69.66482543945312,0.0465459905646759,0.23748230468243633,41.46237742654211
28.66666666666725,36.8045539855957,-69.67157745361328,0.04285992173516076,0.23663717116190944,41.41023223669931
28.700000000000585,36.80044174194336,-69.67828369140625,0.03913696501388251,0.235999482780949,41.35782146715457
28.73333333333392,36.796295166015625,-69.6849365234375,0.035376685145492144,0.23517831397567882,41.33786619007251
28.766666666667255,36.792118072509766,-69.69154357910156,0.03158332586974019,0.23450195145081765,41.33786619007251
28.80000000000059,36.787906646728516,-69.6980972290039,0.027752643446876134,0.2337044944756533,41.192190147648276
28.833333333333925,36.783668518066406,-69.70460510253906,0.023892690101059922,0.23298656024664188,41.13042469336959
28.86666666666726,36.77940368652344,-69.71107482910156,0.02000390108764685,0.2324683524591624,41.111073581853134
28.900000000000595,36.77511215209961,-69.71749877929688,0.01608584115127535,0.23176704563091272,41.07731879844107
28.93333333333393,36.77079772949219,-69.723876953125,0.01214231877634533,0.23101040979897533,41.014560400728385
28.966666666667265,36.76646041870117,-69.73021697998047,0.008173769218220788,0.23045039571094902,40.97302989030308
29.0000000000006,36.76210021972656,-69.73651885986328,0.004180192476902535,0.22989676517955485,40.97302989030308
29.033333333333935,36.75771713256836,-69.7427749633789,0.00016115329701867133,0.2291620732389166,40.88581474802435
29.06666666666727,36.753318786621094,-69.74899291992188,0.0038752960972566488,0.2284897975356192,40.87508854211474
29.100000000000605,36.7489013671875,-69.75518035888672,0.007932528934967244,0.22807497858459305,40.832630494406835
29.13333333333394,36.74446487426758,-69.7613296508789,0.012010980471477112,0.22747886778847923,40.79725139021893
29.166666666667275,36.740013122558594,-69.76744079589844,0.01610684222238553,0.22682100444043585,40.77691102470868
29.20000000000061,36.73554229736328,-69.77352142333984,0.02022348741673003,0.2264201342800622,40.719512125079824
29.233333333333945,36.73106002807617,-69.7795639038086,0.024353734341077835,0.22570351649819348,40.68300382548467
29.26666666666728,36.726566314697266,-69.78557586669922,0.02849714774005947,0.22517424798811214,40.647391454995336
29.300000000000615,36.7220573425293,-69.79155731201172,0.032657536098074036,0.22471685792158658,40.61445776515466
29.33333333333395,36.71753692626953,-69.7975082397461,0.03683109093073581,0.22419396435938305,40.525090897316446
29.366666666667285,36.713008880615234,-69.80342864990234,0.041014003753629076,0.22360458063076988,40.5762055262635
29.40000000000062,36.70846939086914,-69.80931854248047,0.045210083051169546,0.2230874751371489,40.559580297216854
29.433333333333955,36.70391845703125,-69.81517791748047,0.04941932882334223,0.22257346375687873,40.480929293560536
29.46666666666729,36.69935989379883,-69.82101440429688,0.05363749733039659,0.22217238665474448,40.48905850949507
29.500000000000625,36.694793701171875,-69.82681274414062,0.05786545908304563,0.22141312979372715,40.42904459604549
29.53333333333396,36.690223693847656,-69.83259582519531,0.06209809983081872,0.22112461212096823,40.432498563032134
29.566666666667295,36.685646057128906,-69.83834075927734,0.06634053382418649,0.22037042220352362,40.376499199717045
29.60000000000063,36.681060791015625,-69.84407043457031,0.07059145529707113,0.22015553561792556,40.36105625689386
29.633333333333965,36.67647171020508,-69.84976959228516,0.07484792627580071,0.2195132233145724,40.339377573503754
29.6666666666673,36.671878814697266,-69.85543823242188,0.07910994676036655,0.21887291548013132,40.338766126677044
29.700000000000635,36.66728210449219,-69.86109161376953,0.08337664624005481,0.21858961282354494,40.32757988594564
29.73333333333397,36.662681579589844,-69.86671447753906,0.08764889522558093,0.21795248040114829,40.298736333450385
29.766666666667305,36.6580810546875,-69.872314453125,0.09192244997718486,0.21742148087565524,40.258693053715525
29.80000000000064,36.65347671508789,-69.87789154052734,0.09620111897926893,0.21696419598109074,40.259569878025786
29.833333333333975,36.648868560791016,-69.8834457397461,0.10048490223183315,0.21650818341770264,40.2553192327406
29.86666666666731,36.64426040649414,-69.88897705078125,0.104769991250476,0.21598018198970004,40.24494458855254
29.900000000000645,36.639652252197266,-69.89449310302734,0.10905595077983973,0.2156286775104348,40.21776390248701
29.93333333333398,36.63504409790039,-69.89997863769531,0.11334365133063898,0.2149268688544201,40.22955008328764
29.966666666667315,36.630435943603516,-69.90544891357422,0.11763222239216622,0.21457656860346136,40.18612446757703
30.00000000000065,36.62582778930664,-69.91089630126953,0.12192209921976581,0.21405187888492033,40.18206970858384
30.033333333333985,36.62122344970703,-69.91632080078125,0.12620947332904875,0.2134540332039926,40.17518821058367
30.06666666666732,36.616615295410156,-69.92172241210938,0.13050196168881184,0.21300526253485444,40.14708422851555
30.100000000000655,36.61201095581055,-69.92710876464844,0.13479151207489512,0.21258283830365154,40.117335776689224
30.13333333333399,36.6074104309082,-69.93247985839844,0.13907812448729776,0.21216062241503872,40.114929429707175
30.166666666667325,36.60280990600586,-69.93782043457031,0.14336647792114382,0.21146613180889182,40.124277543247395
30.20000000000066,36.59821319580078,-69.94315338134766,0.14765145812594524,0.21121803766607014,40.110826596661674
30.233333333333995,36.5936164855957,-69.9484634399414,0.1519377440968324,0.21069841072175852,40.103050860979266
30.26666666666733,36.58918762207031,-69.95392608642578,0.15604775164693613,0.2109734695780752,40.091831568991616
30.300000000000665,36.58491516113281,-69.95953369140625,0.15999334148482505,0.21149288515573564,40.11352986541933
30.333333333334,36.58079528808594,-69.96528625488281,0.16377832209489365,0.2122705971792211,40.04282488277808
30.366666666667335,36.576820373535156,-69.9711685180664,0.16741118095665872,0.21298091290622145,40.03244493030114
30.40000000000067,36.572994232177734,-69.97718811035156,0.17088767433036897,0.21397982164175686,39.99778213289213
30.433333333334005,36.56930160522461,-69.98332214355469,0.17422434191969413,0.21479215869483378,39.98034419877294
30.46666666666734,36.56574249267578,-69.98957824707031,0.1774207484692852,0.2159293912372681,39.9640066563038
30.500000000000675,36.56231689453125,-69.9959487915039,0.18047732923448329,0.21699470759764497,39.93760718580345
30.53333333333401,36.55901336669922,-70.00243377685547,0.1834055096685017,0.21833803615560612,39.951518526721046
30.566666666667345,36.55583190917969,-70.00902557373047,0.1862057250267028,0.21958167544414434,39.90348343725108
30.60000000000068,36.55276870727539,-70.01571655273438,0.18888221904883246,0.22076495497130436,39.89626344913168
30.633333333334015,36.5498161315918,-70.02249908447266,0.19144304395906403,0.22191979621774938,39.86336322780226
30.66666666666735,36.546974182128906,-70.02938079833984,0.1938877645020256,0.22336337266776427,39.84325418733339
30.700000000000685,36.54423904418945,-70.0363540649414,0.19622062441748434,0.22471467237337353,39.79787499846524
30.73333333333402,36.54160690307617,-70.04341125488281,0.19844586744519077,0.22596213629362755,39.77701716184048
30.766666666667355,36.5390739440918,-70.05055236816406,0.20056730206955978,0.2273108930538835,39.77701716184048
30.80000000000069,36.53664016723633,-70.05777740478516,0.20258492829057176,0.22871812687787788,39.69674641845309
30.833333333334025,36.53429412841797,-70.06507110595703,0.20451104207216553,0.2298516422166129,39.69674641845309
30.86666666666736,36.53204345703125,-70.07244110107422,0.20633759119016695,0.2311798320496965,39.64841384809727
30.900000000000695,36.52988052368164,-70.07988739013672,0.2080721926133854,0.23262190638339203,39.650351095523504
30.93333333333403,36.527801513671875,-70.08739471435547,0.2097195253369307,0.23369634056082772,39.554803827844545
30.966666666667365,36.52580642700195,-70.09497833251953,0.21127871885008745,0.2352498071219587,39.52123563660715
31.0000000000007,36.52389144897461,-70.10261535644531,0.2127548874033366,0.2362036150429289,39.52496596496313
31.033333333334035,36.522056579589844,-70.11031341552734,0.21414759574131334,0.23741140107550565,39.437237163363584
31.06666666666737,36.520294189453125,-70.11808013916016,0.21546402557746303,0.23892512108240638,39.38164341185363
31.100000000000705,36.51860809326172,-70.12589263916016,0.21670167419346276,0.23977128467564082,39.34100141879577
31.13333333333404,36.51699447631836,-70.1337661743164,0.21786347956299312,0.2411154991843972,39.27775735095222
31.166666666667375,36.51544952392578,-70.14168548583984,0.21895412068117032,0.24205812444643243,39.22023370238443
31.20000000000071,36.51397705078125,-70.1496810913086,0.2199680480421556,0.24390181544208234,39.14193472896039
31.233333333334045,36.512569427490234,-70.15775299072266,0.22091287861475375,0.2458114463000797,39.06965840815483
31.26666666666738,36.51123046875,-70.16587829589844,0.2217861096806402,0.24704666611161713,38.99423737119362
31.300000000000715,36.50995635986328,-70.174072265625,0.2225906792134955,0.2487730773245662,38.90475984982551
31.33333333333405,36.50874328613281,-70.18232727050781,0.223330830953079,0.2503097843507729,38.83848660915396
31.366666666667385,36.507591247558594,-70.19063568115234,0.22400700015475386,0.25163702486554584,38.749509433956035
31.40000000000072,36.506500244140625,-70.19900512695312,0.22461875156315605,0.25320766244964027,38.6196147183479
31.433333333334055,36.50546646118164,-70.20742797851562,0.22517032891804484,0.25458166093647766,38.522438084955574
31.46666666666739,36.50448989868164,-70.21589660644531,0.22566216747477633,0.25574244855928885,38.40580683890819
31.500000000000725,36.503570556640625,-70.22441864013672,0.2260938319780015,0.2571443626122451,38.32732020867628
31.53333333333406,36.50270080566406,-70.23297882080078,0.22647380990723015,0.25812757269683306,38.19956942235965
31.566666666667395,36.501888275146484,-70.24159240722656,0.22679361378295085,0.25955475195179706,38.068498814090376
31.60000000000073,36.501129150390625,-70.250244140625,0.2270579226002743,0.2605491989497141,37.918637704713824
31.633333333334065,36.50041580200195,-70.2589340209961,0.22727435332800905,0.26157331306688586,37.80769149314753
31.6666666666674,36.499755859375,-70.26766967773438,0.2274348537419888,0.2628164770861096,37.66237392392028
31.700000000000735,36.4991455078125,-70.27643585205078,0.22754410283733523,0.2636219017037851,37.53821331337832
31.73333333333407,36.49858474731445,-70.28524017333984,0.22760166535868512,0.26466483167864985,37.43029215536354
31.766666666667405,36.498069763183594,-70.29408264160156,0.2276113497904463,0.2657235560748922,37.265126041385045
31.80000000000074,36.49760055541992,-70.30294799804688,0.2275740266433271,0.2663329321453516,37.133796320463695
31.833333333334075,36.49717712402344,-70.31185150146484,0.22748882540661916,0.26740699417774944,36.9693535039931
31.86666666666741,36.49679946899414,-70.3207778930664,0.22735661659103715,0.268031306587568,36.828064329320654
31.900000000000745,36.49646759033203,-70.3297348022461,0.2271769649412233,0.26889166768343775,36.67067507549972
31.93333333333408,36.496177673339844,-70.3387222290039,0.2269536789415737,0.2697630486750601,36.51509360411641
31.966666666667415,36.495933532714844,-70.34773254394531,0.22668338536304922,0.27040865738598996,36.343038955558924
32.000000000000746,36.495731353759766,-70.35676574707031,0.22636989269004504,0.271063962054434,36.19933014968486
32.03333333333408,36.49557113647461,-70.3658218383789,0.2260132009225754,0.27172525357655863,36.03197213974133
32.06666666666741,36.495452880859375,-70.3749008178711,0.22561331006062613,0.27239248834923124,35.84210994378969
32.10000000000074,36.49537658691406,-70.38399505615234,0.22517065535956116,0.2728367490167332,35.64612276331711
32.13333333333407,36.495338439941406,-70.39311218261719,0.22468861004842436,0.27351618809629796,35.521800406241056
32.1666666666674,36.49534225463867,-70.40225219726562,0.22416336564281578,0.27420046333478465,35.285783682120886
32.200000000000735,36.495384216308594,-70.41140747070312,0.22359916588248518,0.27466108797465677,35.15055891205872
32.233333333334066,36.49546813964844,-70.42057800292969,0.22299220228304684,0.2751274868144815,34.95385512387151
32.2666666666674,36.4955940246582,-70.42977905273438,0.2223416043337711,0.27605732754198214,34.81228153365109
32.30000000000073,36.49576187133789,-70.43901824951172,0.22164693677930108,0.2772216381138477,34.59234884099975
32.33333333333406,36.495967864990234,-70.44829559326172,0.22091200810403205,0.2783889121290986,34.40982213002127
32.36666666666739,36.4962158203125,-70.45759582519531,0.22013388033429754,0.27910610218056703,34.184265765378036
32.40000000000072,36.49650573730469,-70.46692657470703,0.21931211821472565,0.28005757351215993,34.184265765378036
32.433333333334055,36.49683380126953,-70.47628784179688,0.21845053022971792,0.28101041394079795,33.8279100529184
32.466666666667386,36.4972038269043,-70.48567962646484,0.2175453078948736,0.28197213408046007,33.63496323598985
32.50000000000072,36.49761199951172,-70.4950942993164,0.2166006949499583,0.28270550543181466,33.44623425864852
32.53333333333405,36.49806213378906,-70.50453186035156,0.2156128829105633,0.2834486924364714,33.25306818933934
32.56666666666738,36.49855041503906,-70.51399230957031,0.21458568026109648,0.2841912493369283,33.091507543182296
32.60000000000071,36.49907684326172,-70.52347564697266,0.2135190870015586,0.2849381221673766,32.838596688347124
32.63333333333404,36.49964141845703,-70.5329818725586,0.2124131031319426,0.2856892770786216,32.669794727979394
32.666666666667375,36.500244140625,-70.5425033569336,0.21126816390760456,0.2862162553797689,32.669794727979394
32.700000000000706,36.50088882446289,-70.55204772949219,0.21008002558880187,0.28698362028043917,32.5114651971326
32.73333333333404,36.50156784057617,-70.56160736083984,0.20885674039967866,0.28751148315618436,32.284836370399006
32.76666666666737,36.502288818359375,-70.5711898803711,0.2075902561160829,0.28828812077086036,31.89869366655509
32.8000000000007,36.50304412841797,-70.58078002929688,0.20628906021753224,0.28859539970856873,31.680044089736676
32.83333333333403,36.503841400146484,-70.59038543701172,0.2049451004798651,0.2891531594496645,31.467701296385084
32.86666666666736,36.50467300415039,-70.60000610351562,0.2035659938718854,0.28969623794386246,31.296270497205665
32.900000000000695,36.50554275512695,-70.6096420288086,0.20214793190919153,0.290252942640752,31.078976366552347
32.933333333334026,36.50645065307617,-70.6192855834961,0.20069134984714124,0.290585930711208,30.84438495692301
32.96666666666736,36.50739669799805,-70.62894439697266,0.19919581243037604,0.29115101046073627,30.658860890734807
33.00000000000069,36.50837707519531,-70.63861083984375,0.19766556339865593,0.2914809282030882,30.476906150739723
33.03333333333402,36.5093994140625,-70.64828491210938,0.19609298578317705,0.2918382529140197,30.271774559632874
33.06666666666735,36.51045227050781,-70.65796661376953,0.1944895050371432,0.29216342748132856,30.037282688255893
33.10000000000068,36.51154708862305,-70.66765594482422,0.19284369570735935,0.29252963387236386,30.037282688255893
33.133333333334015,36.51267623901367,-70.67735290527344,0.19116317476261893,0.2928744104603971,29.814333319412672
33.166666666667346,36.51383972167969,-70.68705749511719,0.18944794220292285,0.29322257818009345,29.447033729425268
33.20000000000068,36.51504135131836,-70.69676208496094,0.18769462479922724,0.2933610063412575,29.234107737197697
33.23333333333401,36.51627731323242,-70.70647430419922,0.18590659578058305,0.2937164005412502,29.024116272939686
33.26666666666734,36.51755142211914,-70.7161865234375,0.18408048191793933,0.29386306400922607,28.830429760979708
33.30000000000067,36.518863677978516,-70.72590637207031,0.18221584795593757,0.2942409312055785,28.617761063343053
33.333333333334004,36.520206451416016,-70.7356185913086,0.18032118137410336,0.2941380946650848,28.39926397318079
33.366666666667335,36.52158737182617,-70.7453384399414,0.17838799469291983,0.294523613249559,28.213122076607263
33.40000000000067,36.523006439208984,-70.75505828857422,0.176416723167736,0.2946867637230665,28.008334516065815
33.433333333334,36.52445602416992,-70.76478576660156,0.17441454851199087,0.29504679764113434,27.816193995134622
33.46666666666733,36.525943756103516,-70.77449798583984,0.17237515952297341,0.2947651505093632,27.609727982379415
33.50000000000066,36.527462005615234,-70.78421783447266,0.17030486740340262,0.29513130149504496,27.419138687075343
33.53333333333399,36.52901840209961,-70.79393768310547,0.1681964904398394,0.2953100823121786,27.217554971284425
33.566666666667324,36.530609130859375,-70.80364990234375,0.1660542723720414,0.29524880773277873,27.004490504686174
33.600000000000655,36.53223419189453,-70.8133544921875,0.16387821320000148,0.29519129164502617,26.800097829135343
33.63333333333399,36.53389358520508,-70.82305908203125,0.16166787766837068,0.29536314119241935,26.606394766793546
33.66666666666732,36.535587310791016,-70.832763671875,0.1594232657771411,0.2955384803308826,26.435919233303704
33.70000000000065,36.537315368652344,-70.84246063232422,0.15714481278167752,0.2954919683057893,26.265783060165408
33.73333333333398,36.5390739440918,-70.8521499633789,0.1548363271663744,0.29542875871726065,26.02035785538752
33.76666666666731,36.54086685180664,-70.86183166503906,0.1524940004468365,0.2953893677829259,25.81800303331415
33.800000000000644,36.542694091796875,-70.87150573730469,0.1501178326230638,0.2953537407316892,25.620530617322643
33.833333333333975,36.5445556640625,-70.88117980957031,0.14770738843970022,0.29554663413852494,25.439160310653623
33.86666666666731,36.54644775390625,-70.89083862304688,0.14526734689185397,0.2952717622405884,25.23189898052215
33.90000000000064,36.54837417602539,-70.9004898071289,0.14279346423978004,0.2952470333970028,25.23189898052215
33.93333333333397,36.550331115722656,-70.9101333618164,0.14028954896785945,0.29520329264861456,24.865400066591555
33.9666666666673,36.55232238769531,-70.91976165771484,0.13775222784707597,0.29496155915518757,24.655897125557225
34.00000000000063,36.554344177246094,-70.92938995361328,0.13518443885108816,0.29514834135729945,24.493339684268644
34.033333333333964,36.556396484375,-70.93900299072266,0.13258705249062477,0.29489015296517146,24.352139570820494
34.066666666667295,36.55847930908203,-70.94860076904297,0.12996006876568503,0.2946352943920202,24.09644525721958
34.10000000000063,36.56059646606445,-70.95819854736328,0.12729880868114732,0.29485544277945847,23.943076858101158
34.13333333333396,36.562744140625,-70.9677734375,0.12460838648749724,0.29438397448473447,23.74958727807801
34.16666666666729,36.56492233276367,-70.97734069824219,0.12188793167401551,0.2943625302102438,23.60577774878182
34.20000000000062,36.5671272277832,-70.98690032958984,0.11914125272508706,0.29431836876963896,23.406958677035426
34.23333333333395,36.569366455078125,-70.9964370727539,0.11636160318264634,0.2938830518251339,23.23006652003853
34.266666666667284,36.57163619995117,-71.00596618652344,0.11355192102037234,0.2938710191891222,23.0311819179095
34.300000000000615,36.57393264770508,-71.01548767089844,0.11071601472266034,0.29383516346892724,22.885104895661442
34.33333333333395,36.57625961303711,-71.02498626708984,0.10785094631583597,0.29338419783193054,22.69637891344147
34.36666666666728,36.578617095947266,-71.03447723388672,0.10495584528917207,0.2933812515651882,22.54806366117682
34.40000000000061,36.58100891113281,-71.0439682006836,0.10202646790291017,0.29363124418065034,22.34725386854951
34.43333333333394,36.583438873291016,-71.05347442626953,0.09905813516193333,0.29435647926099534,22.34725386854951
34.46666666666727,36.58590316772461,-71.06298065185547,0.09605552606136561,0.2946132460558359,22.00345521330763
34.500000000000604,36.58840560913086,-71.0724868774414,0.09301483211680465,0.2949024993013835,21.850570589876043
34.533333333333935,36.590938568115234,-71.08200073242188,0.08994323504168245,0.2953580640939476,21.664217619712808
34.56666666666727,36.593509674072266,-71.09152221679688,0.08683311786720299,0.29587552364311187,21.521390547623756
34.6000000000006,36.59611129760742,-71.10103607177734,0.0836929680728911,0.29589473372681385,21.37211838660549
34.63333333333393,36.59874725341797,-71.11055755615234,0.08051810666362351,0.29638865525635844,21.235758503304673
34.66666666666726,36.601417541503906,-71.12007141113281,0.07730940415012194,0.29644474619422895,21.05804471526465
34.70000000000059,36.60411834716797,-71.12958526611328,0.0740702337614223,0.2966934597222863,20.88743430340211
34.733333333333924,36.606849670410156,-71.13909149169922,0.0708010307528831,0.29672479908096955,20.72050083755353
34.766666666667255,36.60961151123047,-71.14860534667969,0.06750092461379056,0.2971987233746488,20.577146107779473
34.80000000000059,36.61240768432617,-71.1581039428711,0.06416741262582722,0.2970483499864596,20.40499920724503
34.83333333333392,36.615230560302734,-71.1676025390625,0.06080724124706105,0.2972755666848621,20.2944452839299
34.86666666666725,36.61808776855469,-71.17709350585938,0.05741322876406009,0.29735144317956735,20.132334275664487
34.90000000000058,36.6209716796875,-71.18657684326172,0.05399299214562902,0.2973643699870356,20.132334275664487
34.93333333333391,36.62388229370117,-71.19605255126953,0.05054653139175831,0.2973796303839833,19.83697106146639
34.966666666667244,36.62682342529297,-71.20552062988281,0.047070038018048065,0.2974311532116054,19.69422797028933
35.000000000000576,36.629791259765625,-71.21498107910156,0.043567320508898985,0.2974513855907732,19.51156911897052
35.03333333333391,36.632789611816406,-71.22443389892578,0.040034570379916645,0.29750853077619543,19.412997283018598
35.06666666666724,36.63581466674805,-71.23387145996094,0.0364760313708611,0.297315764917652,19.231129734823128
35.10000000000057,36.63886260986328,-71.24330139160156,0.032895076710767454,0.2973082763437786,19.11724704746227
35.1333333333339,36.64194107055664,-71.25271606445312,0.029284524686198254,0.29715599712651936,18.96079383835761
35.16666666666723,36.645042419433594,-71.26212310791016,0.025651557010585482,0.29715273566492295,18.890324148938955
35.200000000000564,36.648170471191406,-71.27152252197266,0.021992365199540165,0.29718735381252176,18.717125854988986
35.233333333333896,36.65132141113281,-71.28089904785156,0.01831162824818008,0.29675392847430526,18.593637142778643
35.26666666666723,36.65449905395508,-71.29026794433594,0.01460466716138036,0.2967933148114146,18.45813443842655
35.30000000000056,36.65769958496094,-71.29962921142578,0.010875290423544157,0.29679799228123666,18.35614178254278
35.33333333333389,36.660709381103516,-71.30888366699219,0.007342431480721224,0.291947664120505,18.35614178254278
35.36666666666722,36.66353988647461,-71.31804656982422,0.003993794369000251,0.2877038304724725,18.07742747747745
35.40000000000055,36.66619110107422,-71.32711029052734,0.0008298143437318558,0.28330544409469927,17.965405601486694
35.433333333333884,36.66867446899414,-71.33609008789062,0.0021618045590031734,0.27950579460927283,17.853037407641143
35.466666666667216,36.670997619628906,-71.34497833251953,0.004988244052636001,0.2756050241007654,17.73900758955444
35.50000000000055,36.673160552978516,-71.3537826538086,0.007649939392531433,0.27198330579706986,17.593580329474165
35.53333333333388,36.6751708984375,-71.36250305175781,0.01015450754748382,0.2684737349006005,17.4570790513112
35.56666666666721,36.677040100097656,-71.37114715576172,0.012513809226056286,0.2653167992966353,17.365493655660895
35.60000000000054,36.67876434326172,-71.37971496582031,0.014724035943852767,0.2621876147342983,17.220419538495502
35.63333333333387,36.680355072021484,-71.38819885253906,0.016796177898700488,0.25895188097280797,17.181094536881375
35.666666666667204,36.68181610107422,-71.39662170410156,0.01873534934109297,0.2564588288656843,17.056887830957418
35.700000000000536,36.68315124511719,-71.40496063232422,0.020544052989331856,0.25335410035418626,16.93837800902089
35.73333333333387,36.68436813354492,-71.41323852539062,0.02223121157831929,0.2510057727582564,16.87363494872706
35.7666666666672,36.68546676635742,-71.42144775390625,0.023796389852670807,0.24847250188020215,16.722086973239602
35.80000000000053,36.68645477294922,-71.42959594726562,0.02524764003656603,0.24623625005769811,16.626641204632254
35.83333333333386,36.68733215332031,-71.43767547607422,0.0265845268746284,0.2438108362563675,16.54389148751951
35.86666666666719,36.68810272216797,-71.44570922851562,0.027812164617350633,0.24211868819837357,16.44975957028523
35.900000000000524,36.68877029418945,-71.45369720458984,0.028934361749127974,0.2404746821383572,16.362468281829713
35.933333333333856,36.689334869384766,-71.4616470336914,0.029951553525317327,0.23909553552019946,16.25815661663054
35.96666666666719,36.68980407714844,-71.46955108642578,0.030870921659356135,0.2375390178432667,16.14522397628311
36.00000000000052,36.69017791748047,-71.4774169921875,0.03169290140661002,0.23624353333262718,16.101668375669583
36.03333333333385,36.69046401977539,-71.48523712158203,0.032424674480510146,0.23476083668988348,15.98119309318216
36.06666666666718,36.69066619873047,-71.49302673339844,0.03307091987618685,0.23376705439850828,15.910673894171962
36.10000000000051,36.69078063964844,-71.50077056884766,0.033626958598516075,0.23234043076798805,15.796347145442471
36.133333333333844,36.690818786621094,-71.50847625732422,0.03410465135605223,0.23117348697550902,15.750118565677806
36.166666666667176,36.69078063964844,-71.51615142822266,0.034504433404160935,0.23025797089475591,15.750118565677806
36.20000000000051,36.69066619873047,-71.52378845214844,0.03482586948748366,0.22913643981260315,15.585738515162383
36.23333333333384,36.69048309326172,-71.5313949584961,0.035077011830166996,0.2282612971720324,15.52008976618417
36.26666666666717,36.69023132324219,-71.5389633178711,0.035257425176867425,0.22717637772157703,15.436532673101711
36.3000000000005,36.68991470336914,-71.54650115966797,0.03537135326733,0.22633465573979508,15.35249013857048
36.33333333333383,36.689537048339844,-71.55400085449219,0.03542216933060563,0.22527592237034577,15.250770278670325
36.366666666667165,36.6890983581543,-71.56147766113281,0.03541074387740185,0.22468995962919733,15.227541165130255
36.400000000000496,36.6885986328125,-71.56891632080078,0.0353362063970174,0.22366279253775997,15.120492778335851
36.43333333333383,36.68804931640625,-71.57632446289062,0.03521041759799333,0.22285440530476608,15.071973428472527
36.46666666666716,36.687442779541016,-71.58370971679688,0.035026195766891366,0.22230356723589098,15.019689395507381
36.50000000000049,36.68678665161133,-71.59105682373047,0.03479028736180706,0.22129038781293603,14.90075314854473
36.53333333333382,36.68608093261719,-71.59838104248047,0.03450356289343922,0.2207441904940834,14.842345726036708
36.56666666666715,36.68532943725586,-71.60567474365234,0.034169395590848285,0.21996940663746312,14.834509806036152
36.600000000000485,36.68453598022461,-71.61294555664062,0.03379202919377688,0.2194193838609056,14.740915333067525
36.633333333333816,36.68369674682617,-71.62018585205078,0.033367219962467366,0.21866314570828885,14.67982878363053
36.66666666666715,36.68281555175781,-71.62739562988281,0.03289877638132758,0.2179028706148111,14.635485735196132
36.70000000000048,36.6818962097168,-71.63458251953125,0.032390942190117566,0.2173635556998394,14.566535150787347
36.73333333333381,36.680938720703125,-71.6417465209961,0.031843717388828616,0.21683111395652416,14.510480451549254
36.76666666666714,36.6799430847168,-71.64888000488281,0.031256666722103824,0.216078909293371,14.479555246363233
36.80000000000047,36.678916931152344,-71.65599060058594,0.030637842414103965,0.21552773870670477,14.409364430008015
36.833333333333805,36.677852630615234,-71.66307067871094,0.029979192240668265,0.21478877461463236,14.354357174247948
36.866666666667136,36.676761627197266,-71.67013549804688,0.029293012165715938,0.214456906246244,14.279220086871987
36.90000000000047,36.675636291503906,-71.67716979980469,0.02857081470973558,0.21371243173582904,14.276031021894298
36.9333333333338,36.67448425292969,-71.6841812133789,0.027820652096868317,0.2131628529240126,14.177190495967814
36.96666666666713,36.67330551147461,-71.69117736816406,0.027042959582489895,0.21284278676104096,14.118775533751569
37.00000000000046,36.672096252441406,-71.69815063476562,0.026233493426837222,0.21232022761683667,14.118775533751569
37.03333333333379,36.670860290527344,-71.70512390136719,0.02539736788038801,0.2124585702073043,14.059403946132534
37.066666666667125,36.66981506347656,-71.71214294433594,0.024754278086066842,0.2128932065763474,14.055543558070164
37.100000000000456,36.66895294189453,-71.71920776367188,0.024296607075085658,0.2135168220175553,13.959125004875254
37.13333333333379,36.668270111083984,-71.726318359375,0.024020546363042107,0.214299197973811,13.918900642480683
37.16666666666712,36.667762756347656,-71.73347473144531,0.02392228746553547,0.21523002354109674,13.83586457447891
37.20000000000045,36.667415618896484,-71.74066925048828,0.023986161189609816,0.21608666734132737,13.77511749579489
37.23333333333378,36.667236328125,-71.74790954589844,0.024220219759418005,0.21727544851262467,13.745372934504742
37.26666666666711,36.66720962524414,-71.75518035888672,0.024608358726647208,0.21812586068360845,13.728652164926121
37.300000000000445,36.66733169555664,-71.76249694824219,0.025147640117616783,0.21952822793886262,13.598239605910997
37.333333333333776,36.6676025390625,-71.76983642578125,0.025836758166249744,0.22033419633811321,13.589530441963957
37.36666666666711,36.66801071166992,-71.77721405029297,0.02666515793006158,0.22166721336730566,13.511068808589934
37.40000000000044,36.6685676574707,-71.78463745117188,0.02764470011761542,0.22332792550542926,13.463919627601923
37.43333333333377,36.66926574707031,-71.7921142578125,0.028768203015463466,0.22527975933789346,13.428647025607152
37.4666666666671,36.670101165771484,-71.79962921142578,0.0300309876285062,0.2268374021065154,13.369369274541695
37.50000000000043,36.67107009887695,-71.80719757080078,0.0314301159830409,0.22890392196906836,13.276297280853987
37.533333333333765,36.67216491699219,-71.81480407714844,0.03295710059956487,0.2305467609187823,13.213389905040572
37.566666666667096,36.67338943481445,-71.82244873046875,0.03461574996246628,0.2322631082551208,13.181612244543786
37.60000000000043,36.67472839355469,-71.83013916015625,0.036391265389517174,0.2341836188929282,13.099405210351925
37.63333333333376,36.67618942260742,-71.83785247802734,0.03828995808342782,0.23551409857187172,13.042021146492957
37.66666666666709,36.677757263183594,-71.84561157226562,0.040297899872691986,0.2374773688664632,13.01066559369918
37.70000000000042,36.67943572998047,-71.8533935546875,0.04241759347561211,0.23882807850486296,12.914191249053848
37.73333333333375,36.68122100830078,-71.86121368408203,0.044646100918528046,0.24063972694750668,12.856439007757391
37.766666666667085,36.68310546875,-71.86905670166016,0.04697493472190325,0.24198699205515722,12.763558535638404
37.800000000000416,36.68508529663086,-71.87692260742188,0.049400286401349566,0.24333715848809756,12.694557836122272
37.83333333333375,36.687164306640625,-71.88481903076172,0.05192639969661835,0.24496572365223118,12.646343597317463
37.86666666666708,36.6893310546875,-71.89273834228516,0.054541413899162276,0.24631131296288025,12.600087125452633
37.90000000000041,36.69158935546875,-71.90068054199219,0.05724913749336869,0.24771074410381452,12.532699199115669
37.93333333333374,36.693931579589844,-71.90863800048828,0.06004151825508553,0.24885024330998592,12.460582454314947
37.966666666667074,36.69635772705078,-71.91661834716797,0.062918991439676,0.2502297187929354,12.371778722101318
38.000000000000405,36.6988639831543,-71.92461395263672,0.06587731330736825,0.251376060557649,12.371778722101318
38.03333333333374,36.701446533203125,-71.93263244628906,0.06891311062913816,0.25272361323517284,12.233965806830177
38.06666666666707,36.7041015625,-71.94065856933594,0.07202170440984988,0.2536159469705293,12.207044409989841
38.1000000000004,36.70682907104492,-71.94869995117188,0.07520352990488083,0.2547406764232416,12.155968209662934
38.13333333333373,36.70962905883789,-71.95674896240234,0.0784581518588536,0.2556635720748802,12.065765249926317
38.16666666666706,36.712493896484375,-71.96481323242188,0.08177838855834252,0.25674066900232656,11.98470580527386
38.200000000000394,36.71542739868164,-71.97288513183594,0.08516761323238674,0.25765266496369543,11.909545469250036
38.233333333333725,36.718421936035156,-71.98097229003906,0.08861864416753847,0.2587130526037971,11.854701363233469
38.26666666666706,36.721473693847656,-71.98905944824219,0.09212680236868319,0.25931413033938994,11.775983553375141
38.30000000000039,36.72459030151367,-71.99716186523438,0.09570057531533858,0.26043456762350214,11.700725514967719
38.33333333333372,36.727760314941406,-72.00526428222656,0.09932766704358462,0.26101404487608415,11.625092221084131
38.36666666666705,36.73098373413086,-72.01336669921875,0.10300807755342921,0.26160205111504964,11.57170341875928
38.40000000000038,36.73426055908203,-72.02147674560547,0.10674224210022215,0.2624107290867071,11.480781962805995
38.433333333333714,36.73759078979492,-72.02959442138672,0.11053016068397055,0.2632268736689237,11.440193746992948
38.466666666667045,36.740966796875,-72.03770446777344,0.11436334582515044,0.26353984248974716,11.440193746992948
38.50000000000038,36.74439239501953,-72.04582214355469,0.11824647651889215,0.2643260192708578,11.307647875726245
38.53333333333371,36.74786376953125,-72.05393981933594,0.12217530902542144,0.26486296642054935,11.225078723890103
38.56666666666704,36.751380920410156,-72.06205749511719,0.12614984334473994,0.26540593315718364,11.165475280450512
38.60000000000037,36.75472640991211,-72.07012176513672,0.12994994907857324,0.2619203616751286,11.090719723590391
38.6333333333337,36.75790786743164,-72.078125,0.13358280794033833,0.25837201126066295,11.025848813349922
38.666666666667034,36.76115417480469,-72.08615112304688,0.13728171680297807,0.25973341419903767,10.956446748334326
38.700000000000365,36.76446533203125,-72.09420013427734,0.14104667566649087,0.2611040205942954,10.896353537508961
38.7333333333337,36.767608642578125,-72.10221099853516,0.14464188493962044,0.25816450688674086,10.845116780770784
38.76666666666703,36.770591735839844,-72.11018371582031,0.14807496159117614,0.2553757225842483,10.793356500276015
38.80000000000036,36.77341842651367,-72.11811828613281,0.15134971410555237,0.2526911703810838,10.729932074312368
38.83333333333369,36.77609634399414,-72.12601470947266,0.15447375945154435,0.2501444967110136,10.644088346873998
38.86666666666702,36.778629302978516,-72.13388061523438,0.15745134136891833,0.2479103047513145,10.594319174930881
38.900000000000354,36.78102493286133,-72.14170837402344,0.16028964157111267,0.2455841305452217,10.50950680442668
38.933333333333685,36.78328323364258,-72.14950561523438,0.16298909531347713,0.2435307036661349,10.457888531940805
38.96666666666702,36.7854118347168,-72.15727233886719,0.16555731956482975,0.24159396654198148,10.440499106330613
39.00000000000035,36.78741455078125,-72.16500091552734,0.1679976875541923,0.23951532715894713,10.440499106330613
39.03333333333368,36.78929901123047,-72.17269897460938,0.17031825150573182,0.23776075019565823,10.287394260589165
39.06666666666701,36.79106903076172,-72.18036651611328,0.17252281990384358,0.2360757202035361,10.244074688707821
39.10000000000034,36.792724609375,-72.18800354003906,0.17461139274853463,0.23443243693853152,10.147239441209921
39.133333333333674,36.79426956176758,-72.19561004638672,0.17658777852419782,0.23285453622603303,10.087742028197727
39.166666666667005,36.79571533203125,-72.20318603515625,0.17846340268403227,0.2313812259934745,10.069133730339097
39.20000000000034,36.79705810546875,-72.21073913574219,0.18023489199899964,0.23014589300956573,9.93197618127516
39.23333333333367,36.79830551147461,-72.21825408935547,0.18190899292718127,0.22853335554772014,9.922884041822497
39.266666666667,36.79945755004883,-72.22575378417969,0.18348701123465577,0.2276298613969866,9.853393016859592
39.30000000000033,36.80052185058594,-72.23321533203125,0.18497525812414845,0.22611211550247243,9.828228482614954
39.33333333333366,36.8015022277832,-72.24065399169922,0.18637841259076665,0.22508957637861648,9.75983164796813
39.366666666666994,36.80239486694336,-72.2480697631836,0.18769266615010974,0.22407905801489453,9.692901209983583
39.400000000000325,36.8032112121582,-72.25546264648438,0.18892944425539565,0.22313455292242773,9.660161441771207
39.43333333333366,36.8039436340332,-72.26282501220703,0.19008069468244312,0.2219612212829304,9.577175913215237
39.46666666666699,36.804603576660156,-72.27017211914062,0.19115871339518561,0.22130059671875726,9.51959693210853
39.50000000000032,36.80519104003906,-72.27750396728516,0.19216350039361516,0.2206603711417618,9.474933304802454
39.53333333333365,36.80570602416992,-72.28480529785156,0.19309418516701005,0.2195840910117982,9.455623314080135
39.56666666666698,36.806156158447266,-72.2920913696289,0.193959255194903,0.21899889618676255,9.358435746646775
39.600000000000314,36.80653762817383,-72.29936218261719,0.19475490199287748,0.21842439560763055,9.391270949093926
39.633333333333645,36.80685806274414,-72.30660247802734,0.1954878720190219,0.21742148087565524,9.321664611548664
39.66666666666698,36.80712127685547,-72.31382751464844,0.19616284426845246,0.21689488758403974,9.245483458615615
39.70000000000031,36.80732345581055,-72.32103729248047,0.19677601025677385,0.2163783617772654,9.239548523720671
39.73333333333364,36.80717849731445,-72.32821655273438,0.1970408631433027,0.21542170661986923,9.233147258223202
39.76666666666697,36.80670166015625,-72.33537292480469,0.19697307212098625,0.2151672172887237,9.17452722842473
39.8000000000003,36.805843353271484,-72.34253692626953,0.19652486791408422,0.21645703251926818,9.136288140606261
39.833333333333634,36.80461502075195,-72.34971618652344,0.1957081112311511,0.2185074843447483,9.132488239899516
39.866666666666966,36.80302429199219,-72.35691833496094,0.19453085429634678,0.22127183303040687,9.115148613910963
39.9000000000003,36.80108642578125,-72.36412811279297,0.19300746053654153,0.22397008651797287,9.115148613910963
39.93333333333363,36.79880905151367,-72.37135314941406,0.1911459821759024,0.2272637871674577,9.135318911153297
39.96666666666696,36.79620361328125,-72.37858581542969,0.18895740941227,0.23062911669797506,9.149027243177702
40.00000000000029,36.79328918457031,-72.3858413696289,0.18646165517834998,0.23457038454170612,9.133625030208158
40.03333333333362,36.790069580078125,-72.39309692382812,0.18366122219247316,0.23813447428191342,9.169961477404897
40.066666666666954,36.786556243896484,-72.4003677368164,0.18056840641855876,0.2422548810080119,9.18229971007122
40.100000000000286,36.782752990722656,-72.40765380859375,0.17718701634099962,0.24656929854293488,9.269399046612516
40.13333333333362,36.7786750793457,-72.41494750976562,0.17353185064203155,0.2506884404686523,9.264406271807315
40.16666666666695,36.774330139160156,-72.42225646972656,0.1696109615458208,0.2550871632087959,9.374549212283998
40.20000000000028,36.76972579956055,-72.4295654296875,0.1654310955104417,0.2591500626532949,9.36652187030473
40.23333333333361,36.76487350463867,-72.4368896484375,0.16100454849981966,0.26357172017505015,9.36652187030473
40.26666666666694,36.75978088378906,-72.4442138671875,0.15633806697202268,0.2676211327121887,9.529411362248759
40.300000000000274,36.75445556640625,-72.45154571533203,0.15143970315121705,0.27185198582672926,9.594292904491065
40.333333333333606,36.74890899658203,-72.4588851928711,0.14632088249060732,0.27598755519987356,9.650730470130696
40.36666666666694,36.743141174316406,-72.46622467041016,0.14098116973481534,0.28003952187292813,9.75269654912301
40.40000000000027,36.737159729003906,-72.47357177734375,0.13542861710802231,0.28422157111676205,9.819802227034195
40.4333333333336,36.73097229003906,-72.48092651367188,0.12967084157900846,0.2883381567880281,9.927732552545901
40.46666666666693,36.724586486816406,-72.48827362060547,0.12371458960585754,0.29203187631307215,10.03959256072575
40.50000000000026,36.7180061340332,-72.49563598632812,0.11756497543905516,0.29623457699430955,10.149954835510357
40.533333333333594,36.71123123168945,-72.50299072265625,0.11122069331252273,0.2999871720611263,10.219716858601751
40.566666666666926,36.70427322387695,-72.5103530883789,0.10469403919017234,0.30390207563894533,10.342704818920845
40.60000000000026,36.6971321105957,-72.5177230834961,0.0979850130720032,0.30786538329391866,10.459549090024426
40.63333333333359,36.6898193359375,-72.52508544921875,0.09110416990049192,0.3113085158042121,10.603698270001109
40.66666666666692,36.682334899902344,-72.5324478149414,0.08405194493100875,0.31495887131281153,10.699175691934279
40.70000000000025,36.67469024658203,-72.5398178100586,0.07684019887210894,0.31856207742545134,10.699175691934279
40.73333333333358,36.6668815612793,-72.54718017578125,0.06946425272866213,0.32196582997603207,10.976098080120558
40.766666666666914,36.65891647338867,-72.5545425415039,0.061932158724843304,0.3253956802503258,11.13324796314834
40.800000000000246,36.650794982910156,-72.56190490722656,0.05424391686063664,0.3288567058219845,11.27673232101569
40.83333333333358,36.64252471923828,-72.56925964355469,0.046406708849497026,0.3320247986110665,11.42277203610485
40.86666666666691,36.63410949707031,-72.57661437988281,0.038424778431173354,0.33528689138298096,11.57554575873119
40.90000000000024,36.62555694580078,-72.5839614868164,0.030305307319106328,0.33825064990397247,11.772312864095388
40.93333333333357,36.61686706542969,-72.59130096435547,0.022048295513303038,0.34123856210764203,11.908881359277773
40.9666666666669,36.6080436706543,-72.59864044189453,0.01365798675350611,0.3443082969054248,12.100838847716169
41.000000000000234,36.59909439086914,-72.60596466064453,0.005141127497812706,0.34692997863224806,12.240061248595628
41.033333333333566,36.59001922607422,-72.61328125,0.0035018469984202712,0.34971700883198864,12.407873534859421
41.0666666666669,36.58081817626953,-72.62059020996094,0.012270936735207818,0.3525226118946622,12.617552375301273
41.10000000000023,36.571495056152344,-72.62789154052734,0.021162333228133406,0.3552562414420048,12.814492434230742
41.13333333333356,36.56207275390625,-72.63516998291016,0.03015405608152455,0.35718336022692626,12.814492434230742
41.16666666666689,36.55255126953125,-72.64242553710938,0.039246105295381244,0.35912610361411074,13.15293123923347
41.20000000000022,36.542938232421875,-72.649658203125,0.04843086390090753,0.3609012969550233,13.15293123923347
41.233333333333555,36.533233642578125,-72.65686798095703,0.0577083318981034,0.3626899011282205,13.581393378100634
41.266666666666886,36.523441314697266,-72.66404724121094,0.06707513605793212,0.3642640756478966,13.785192447694408
41.30000000000022,36.5135612487793,-72.67121124267578,0.07653040586965781,0.3661212334439536,13.973536472849677
41.33333333333355,36.503597259521484,-72.6783447265625,0.08607120335962191,0.3676287622897466,14.198826927584115
41.36666666666688,36.493553161621094,-72.68545532226562,0.09569328478805182,0.36918833472543244,14.423213101428514
41.40000000000021,36.483436584472656,-72.6925277709961,0.10538990369687165,0.3703082470332752,14.61660427391512
41.43333333333354,36.47325897216797,-72.6995620727539,0.11514963463288633,0.37115855654967916,14.833991323903717
41.466666666666875,36.463016510009766,-72.7065658569336,0.12497585082513257,0.37224309464122707,15.030013660985336
41.500000000000206,36.45270919799805,-72.71353912353516,0.13486855227360875,0.37333686558261264,15.030013660985336
41.53333333333354,36.442344665527344,-72.72046661376953,0.14482099252023597,0.37399503854363947,15.517154400337672
41.56666666666687,36.43191909790039,-72.72736358642578,0.15483610953869242,0.37501283037878835,15.782077618316462
41.6000000000002,36.42143249511719,-72.73422241210938,0.16491433858434917,0.37591368014684956,16.022435988761963
41.63333333333353,36.410888671875,-72.74104309082031,0.17505187117279217,0.37672865563465757,16.247465518470882
41.66666666666686,36.40028381347656,-72.7478256225586,0.18525251578842208,0.3776495499646896,16.467836027393886
41.700000000000195,36.38962936401367,-72.75457000732422,0.19550484697805565,0.3782903875353912,16.722943413567243
41.733333333333526,36.37891387939453,-72.76127624511719,0.20582029019487613,0.37923042119929345,16.951625032490526
41.76666666666686,36.36814498901367,-72.7679443359375,0.21619122847008843,0.3799857782873081,17.195778337599197
41.80000000000019,36.357322692871094,-72.77457427978516,0.22661766180369794,0.38074981851428724,17.466191176544495
41.83333333333352,36.3464469909668,-72.78116607666016,0.23709959019569216,0.38152248971344765,17.709827189643228
41.86666666666685,36.33551788330078,-72.7877197265625,0.24763701364608445,0.382303739552815,18.007592940750282
41.90000000000018,36.32453536987305,-72.79422760009766,0.25823036741023253,0.38297678418666276,18.25853939150769
41.933333333333515,36.31350326538086,-72.80069732666016,0.26887540774837,0.3836772369949194,18.48258712390933
41.966666666666846,36.30241775512695,-72.80712890625,0.2795759431448985,0.38448456178234225,18.777563970092405
42.00000000000018,36.29128646850586,-72.81351470947266,0.29032479188638677,0.3849878208144836,19.0346438999187
42.03333333333351,36.28010177612305,-72.81986236572266,0.3011291356862589,0.38581222791621994,19.308688890775557
42.06666666666684,36.26886749267578,-72.82616424560547,0.3119856013154924,0.3864330901563853,19.562464417026252
42.10000000000017,36.25758743286133,-72.83242797851562,0.3228899450343146,0.38707452699534917,19.872354165606502
42.1333333333335,36.24625778198242,-72.8386459350586,0.33384641058249026,0.3877132643427797,20.113063976605112
42.166666666666835,36.23487854003906,-72.84481811523438,0.3448549979600272,0.38836150658250707,20.397568034714958
42.200000000000166,36.223453521728516,-72.85094451904297,0.35591189868250905,0.3889183465973996,20.667341025211133
42.2333333333335,36.21198272705078,-72.8570327758789,0.3670166774945866,0.3895913264629631,20.944051937783478
42.26666666666683,36.200462341308594,-72.86307525634766,0.3781735781360185,0.3902662835521665,20.944051937783478
42.30000000000016,36.188899993896484,-72.86907196044922,0.3893749836380015,0.3907473659335505,21.504726837826404
42.33333333333349,36.17729187011719,-72.8750228881836,0.40062470248494353,0.39133856277871215,21.76815445498515
42.36666666666682,36.1656379699707,-72.88092803955078,0.41192273467683826,0.3919384915573647,22.019707153446298
42.400000000000155,36.1539421081543,-72.88677978515625,0.42326570698464194,0.39234232404066893,22.340903543976935
42.433333333333486,36.14220428466797,-72.89259338378906,0.4346527488976461,0.3929592680338154,22.6022580729776
42.46666666666682,36.13042068481445,-72.89835357666016,0.44608853941096077,0.3934841072749641,22.85838659341842
42.50000000000015,36.11859893798828,-72.90406799316406,0.45756502630043133,0.39391297084762117,23.163345748762563
42.53333333333348,36.10673141479492,-72.90972900390625,0.4690902617902115,0.3944573924155516,23.436018932600703
42.56666666666681,36.094825744628906,-72.91535186767578,0.48065575840079233,0.39500053312039407,23.71665042715806
42.60000000000014,36.08287811279297,-72.92091369628906,0.4922666303826444,0.3953629466826136,23.995717810192396
42.633333333333475,36.070892333984375,-72.92643737792969,0.50391776348529,0.39592039258411715,24.29681153491575
42.666666666666806,36.05886459350586,-72.93190002441406,0.5156142719592149,0.3963033470317908,24.559719666486526
42.70000000000014,36.04679870605469,-72.93731689453125,0.5273514768092894,0.39678118612875696,24.841028451600458
42.73333333333347,36.03469467163086,-72.94268035888672,0.5391298132908783,0.3971737142649801,25.1129937164788
42.7666666666668,36.022552490234375,-72.947998046875,0.550948846148624,0.397667369978048,25.3901760517595
42.80000000000013,36.0103759765625,-72.95326232910156,0.562805202153489,0.39797253335630406,25.67458206344262
42.833333333333464,35.9981575012207,-72.9584732055664,0.5747064982742619,0.3984970964624017,25.93882772255556
42.866666666666795,35.98590850830078,-72.96363067626953,0.5866413090577541,0.398714933812743,26.21550945335837
42.90000000000013,35.9736213684082,-72.96873474121094,0.5986172514727592,0.3991525486568881,26.493615921966786
42.93333333333346,35.961299896240234,-72.97378540039062,0.6106305170348773,0.3994934931658476,26.79973454660546
42.96666666666679,35.94894027709961,-72.9787826538086,0.6226849142285098,0.39994931469154166,27.046052921640854
43.00000000000012,35.93655014038086,-72.98372650146484,0.63477282608486,0.40020170639537894,27.327795278193477
43.03333333333345,35.924129486083984,-72.98861694335938,0.6468942526039277,0.4004624421561143,27.5799078445025
43.066666666666784,35.91167449951172,-72.99345397949219,0.6590530022701093,0.40083818201227495,27.898074330202896
43.100000000000115,35.89918518066406,-72.99823760986328,0.6712490750834101,0.40122261193146247,27.898074330202896
43.13333333333345,35.88666915893555,-73.00296020507812,0.6834752893303777,0.40132073821912856,28.411215804798495
43.16666666666678,35.87411880493164,-73.00762939453125,0.6957388267244644,0.40172309392824984,28.692739519561876
43.20000000000011,35.861541748046875,-73.01224517822266,0.7080320702968681,0.40191919221608974,28.973143088758928
43.23333333333344,35.84893035888672,-73.01680755615234,0.7203626370163918,0.40233839740942645,29.233228042071886
43.26666666666677,35.83629608154297,-73.02130889892578,0.7327195366851879,0.40236593504730905,29.537604963038753
43.300000000000104,35.823631286621094,-73.0257568359375,0.7451099510166953,0.40269474377750636,29.770090024349862
43.333333333333435,35.81093978881836,-73.03014373779297,0.7575305067818829,0.4028487581334886,30.02446272283422
43.36666666666677,35.7982177734375,-73.03447723388672,0.7699845772097897,0.40319471396687745,30.315389496759966
43.4000000000001,35.78547286987305,-73.03875732421875,0.7824645453316041,0.4033318312578386,30.569713905061825
43.43333333333343,35.772705078125,-73.04297637939453,0.7949708464027059,0.40340456049479956,30.80524474789738
43.46666666666676,35.759910583496094,-73.04713439941406,0.8075072889074744,0.40359559086137226,30.80524474789738
43.50000000000009,35.747093200683594,-73.05123901367188,0.8200696291061654,0.4037571600985514,31.384707689825984
43.533333333333424,35.7342529296875,-73.05528259277344,0.8326583022541287,0.4038573783940903,31.602620187331603
43.566666666666755,35.72138977050781,-73.05927276611328,0.8452728730960145,0.40403479135784925,31.877492697331853
43.60000000000009,35.7085075378418,-73.0632095336914,0.8579095331474142,0.40411019744988197,32.089642505846825
43.63333333333342,35.69560623168945,-73.06707763671875,0.8705691529190496,0.404061046526368,32.37983844912725
43.66666666666675,35.682682037353516,-73.07089233398438,0.8832546703845996,0.4042623442955097,32.6323393907886
43.70000000000008,35.669742584228516,-73.07465362548828,0.8959584685752697,0.4042512645079625,32.6323393907886
43.73333333333341,35.65678405761719,-73.0783462524414,0.9086852264861756,0.40423138816314097,33.135767763824674
43.766666666666744,35.64380645751953,-73.08199310302734,0.9214336383512455,0.4044080379292135,33.39528987591368
43.800000000000075,35.63080978393555,-73.0855712890625,0.934205009936543,0.4044072768827757,33.596759717872885
43.83333333333341,35.617801666259766,-73.08909606933594,0.9469908537625655,0.40431631342142016,33.812293866932855
43.86666666666674,35.60477828979492,-73.09255981445312,0.9597954135690662,0.40428366069345134,34.07050861681085
43.90000000000007,35.59173583984375,-73.0959701538086,0.9726220625850798,0.4044283913419705,34.3402391552675
43.9333333333334,35.57868194580078,-73.09931945800781,0.9854636190971691,0.4043016070628008,34.565594992711326
43.96666666666673,35.565616607666016,-73.10260772705078,0.998320083105341,0.40418336987960896,34.78735118427281
44.000000000000064,35.55253601074219,-73.10584259033203,1.0111948278386325,0.4042396822416587,35.0438263859362
44.033333333333395,35.53944778442383,-73.10902404785156,1.0240802363282333,0.40408044508273255,35.254237398485685
44.06666666666673,35.526344299316406,-73.11213684082031,1.036984796053683,0.40404420775956396,35.464715634466934
44.10000000000006,35.51323318481445,-73.11519622802734,1.0499000195354422,0.40389980961778726,35.707407901996916
44.13333333333339,35.5001106262207,-73.11820220947266,1.0628297152579262,0.4038733980424664,35.937511615597984
44.16666666666672,35.48698043823242,-73.12114715576172,1.0757705099920845,0.4036918264316995,36.13914695263924
44.20000000000005,35.473846435546875,-73.12403106689453,1.0887185952535223,0.40340683307217434,36.39821622966819
44.233333333333384,35.46070098876953,-73.12686157226562,1.101681152755679,0.4034018820836003,36.609738059350484
44.266666666666715,35.44755172729492,-73.129638671875,1.1146505655297576,0.4031796418610858,36.81223045414242
44.30000000000005,35.43439483642578,-73.13235473632812,1.127631077315511,0.4030294097338365,37.02682548510676
44.33333333333338,35.421234130859375,-73.13501739501953,1.1406184443731864,0.40282071704581174,37.28311072325008
44.36666666666671,35.40807342529297,-73.13761901855469,1.1536092934737399,0.40246161856987533,37.47298692229104
44.40000000000004,35.39490509033203,-73.14016723632812,1.1666108063306098,0.40237869416493766,37.667786853644216
44.43333333333337,35.381736755371094,-73.14266204833984,1.1796153659750017,0.4020773798108251,37.87349514608715
44.466666666666704,35.368568420410156,-73.14509582519531,1.192623407662272,0.40174056788317725,38.12027864473089
44.500000000000036,35.35540008544922,-73.14747619628906,1.2056344961370624,0.4014524766004919,38.305874336760986
44.53333333333337,35.34223175048828,-73.1498031616211,1.218648631399375,0.40117057714883797,38.541213224838394
44.5666666666667,35.329063415527344,-73.1520767211914,1.231665813449208,0.40089488259004696,38.66603513943101
44.60000000000003,35.31589889526367,-73.15428924560547,1.2446826690575183,0.40047455880480726,38.91305917193053
44.63333333333336,35.302730560302734,-73.15645599365234,1.2577059446823866,0.4003621591357966,38.91305917193053
44.66666666666669,35.28956985473633,-73.15856170654297,1.2707250853813308,0.3998429416721554,39.2875746785742
44.700000000000024,35.27641296386719,-73.16061401367188,1.283743464383401,0.3994798714634466,39.47268856174234
44.733333333333356,35.26325607299805,-73.1626205444336,1.2967644549176354,0.3992705207452456,39.631715975071586
44.76666666666669,35.25010681152344,-73.16456604003906,1.3097813105259457,0.3987721497681227,39.84875415424694
44.80000000000002,35.236961364746094,-73.16646575927734,1.322796969182011,0.3984602034635903,40.037391099223385
44.83333333333335,35.22382354736328,-73.1683120727539,1.3358080576568023,0.3980075465793079,40.18191205163123
44.86666666666668,35.210689544677734,-73.17010498046875,1.3488183844347135,0.39767435189625805,40.394063241429194
44.90000000000001,35.197566986083984,-73.17184448242188,1.361820332546948,0.3971204728822161,40.53345943651421
44.933333333333344,35.1844482421875,-73.17353820800781,1.3748210837069377,0.3968288459825027,40.74347916806215
44.966666666666676,35.17134094238281,-73.17517852783203,1.3878134562012518,0.3962862116780212,40.890796437390016
45.00000000000001,35.158241271972656,-73.17676544189453,1.400801258514285,0.39586322762645576,41.06524196761599
45.03333333333334,35.1451530456543,-73.17830657958984,1.413780246906277,0.39535945189265087,41.261979670925925
45.06666666666667,35.13207244873047,-73.17980194091797,1.4267542298616374,0.3949738083047814,41.38463893888186
45.1,35.11900329589844,-73.18124389648438,1.4397198341513153,0.3944537899960303,41.53293692903418
45.13333333333333,35.1059455871582,-73.1826400756836,1.452676624519952,0.3939641690699953,41.718708657227445
45.166666666666664,35.09290313720703,-73.1839828491211,1.4656212277385117,0.39334169256506607,41.889451945372116
45.199999999999996,35.07981491088867,-73.18528747558594,1.4786137090466602,0.3945926336565714,42.05273685085728
45.23333333333333,35.066688537597656,-73.18653869628906,1.4916473219863293,0.395576169808945,42.19249523576141
45.26666666666666,35.053504943847656,-73.187744140625,1.504740673724148,0.39715767170089333,42.35936561781062
45.29999999999999,35.04026794433594,-73.18890380859375,1.5178899557757224,0.39863101645994437,42.49851487232174
45.33333333333332,35.0269775390625,-73.19001770019531,1.5310951681410454,0.4001100650433854,42.62420607535092
45.36666666666665,35.013641357421875,-73.19107818603516,1.5443491291066844,0.401348394629189,42.7676918455139
45.399999999999984,35.00025939941406,-73.19210052490234,1.5576509681619193,0.402628587154461,42.92012160296132
45.433333333333316,34.98683166503906,-73.19307708740234,1.5710011205621066,0.4038959671570968,43.0571438938792
45.46666666666665,34.973365783691406,-73.19400024414062,1.5843924045938078,0.40492463613533264,43.18711930851613
45.49999999999998,34.95985794067383,-73.19488525390625,1.5978277582307032,0.40610412303436066,43.349817044619975
45.53333333333331,34.94631576538086,-73.19572448730469,1.611299999759354,0.4070446436526239,43.489764708573475
45.56666666666664,34.9327392578125,-73.19652557373047,1.6248086939244029,0.40800363661830436,43.62001612014292
45.59999999999997,34.91912841796875,-73.19727325439453,1.638354711236564,0.40894081340074495,43.737872611717755
45.633333333333304,34.90549087524414,-73.19798278808594,1.651929564216321,0.40967964150334346,43.87785627739264
45.666666666666636,34.891822814941406,-73.19864654541016,1.6655374966034318,0.4105250316389655,44.01406458012438
45.69999999999997,34.87813186645508,-73.19927215576172,1.6791704561737442,0.41115704164047256,44.15845660911117
45.7333333333333,34.86441421508789,-73.1998519897461,1.6928326866670096,0.4118970136247938,44.25798882736671
45.76666666666663,34.85067367553711,-73.20039367675781,1.7065199443434749,0.4125363823576337,44.376915913584426
45.79999999999996,34.83714294433594,-73.20114135742188,1.7199859834832425,0.4065411933524094,44.53738738172545
45.83333333333329,34.82381057739258,-73.20208740234375,1.73324266479488,0.4009766930582481,44.64859036324553
45.866666666666625,34.810672760009766,-73.20323181152344,1.7462937967627885,0.3956270038296362,44.77318957445735
45.899999999999956,34.7977180480957,-73.20455932617188,1.7591516753508796,0.3906765546156464,44.86778055165354
45.93333333333329,34.784950256347656,-73.20606231689453,1.7718129273301162,0.3856785429739334,45.010551776846235
45.96666666666662,34.77235412597656,-73.2077407836914,1.784292786638097,0.3812240496118024,45.09073596903325
45.99999999999995,34.75992965698242,-73.20957946777344,1.7965921237855362,0.3767935376912523,45.2381198387891
46.03333333333328,34.7476692199707,-73.21157836914062,1.8087185557412435,0.37266946501512616,45.34126845654994
46.06666666666661,34.73556900024414,-73.21372985839844,1.8206763262449706,0.3687001506804918,45.45467600651851
46.099999999999945,34.7236213684082,-73.21602630615234,1.8324734875208772,0.36498989149862154,45.57064328199134
46.133333333333276,34.711822509765625,-73.21846008300781,1.8441142833087283,0.36141762760659624,45.65165647812157
46.16666666666661,34.700164794921875,-73.22103881835938,1.8556058953219574,0.3581856672906225,45.770585378489024
46.19999999999994,34.68864059448242,-73.22374725341797,1.8669568110400796,0.35514579345922176,45.8965670324643
46.23333333333327,34.67723846435547,-73.2265853881836,1.8781784559163066,0.35250137920558444,45.974755963256555
46.2666666666666,34.665958404541016,-73.22956085205078,1.8892703946952676,0.3499768866344188,46.07569687823796
46.29999999999993,34.65479278564453,-73.23265075683594,1.900241550111843,0.34755819833601165,46.16782577564802
46.333333333333265,34.64374542236328,-73.2358627319336,1.9110876784262694,0.3451447776604583,46.25985469676706
46.366666666666596,34.6328010559082,-73.23918151855469,1.9218248840868781,0.3430949599825844,46.357592550807134
46.39999999999993,34.62196731567383,-73.24260711669922,1.932445550124861,0.3408726816604089,46.4334396047293
46.43333333333326,34.611236572265625,-73.24614715576172,1.9429568582536558,0.3389876953387079,46.53712781896551
46.46666666666659,34.60060119628906,-73.2497787475586,1.9533677312081437,0.3371493927441888,46.62624966127705
46.49999999999992,34.590065002441406,-73.25350189208984,1.963674360503924,0.33524001461097924,46.62624966127705
46.53333333333325,34.579620361328125,-73.25732421875,1.9738839278544424,0.3336624614396525,46.80613654055172
46.566666666666585,34.56926727294922,-73.26122283935547,1.9839977390257626,0.331884186797362,46.90411889180651
46.599999999999916,34.55900192260742,-73.26521301269531,1.9940187319915865,0.3304073407623477,46.97930110364677
46.63333333333325,34.54882049560547,-73.269287109375,2.003951150491658,0.328988977925381,47.08129078283743
46.66666666666658,34.53872299194336,-73.27342987060547,2.013795865036698,0.3274291461325465,47.08129078283743
46.69999999999991,34.52870559692383,-73.27764892578125,2.0235562488557512,0.32608858704078325,47.24461946441044
46.73333333333324,34.51876449584961,-73.28193664550781,2.03323654568857,0.32479074481771764,47.293233209767614
46.76666666666657,34.5088996887207,-73.28628540039062,2.042837190790525,0.323424612312011,47.40615917714572
46.799999999999905,34.49909591674805,-73.29071807861328,2.0523721123331287,0.3227790622170312,47.457843699301364
46.833333333333236,34.48935317993164,-73.29521179199219,2.0618426160824597,0.32187410977735836,47.567252556421764
46.86666666666657,34.479671478271484,-73.29977416992188,2.071248266783155,0.32108499726492157,47.63976595488029
46.8999999999999,34.47004318237305,-73.30439758300781,2.0805971166593866,0.32042476094081407,47.70601882996007
46.93333333333323,34.460472106933594,-73.30908203125,2.0898853572267413,0.3196788800676278,47.76089159575428
46.96666666666656,34.45095443725586,-73.3138198852539,2.099117232224982,0.3189513552112851,47.84447259613479
46.99999999999989,34.441490173339844,-73.31861877441406,2.1082923063987473,0.3183417436955363,47.90466803078486
47.033333333333225,34.43207550048828,-73.3234634399414,2.117415258743165,0.3176415654104525,47.98649070126134
47.066666666666556,34.42271423339844,-73.32836151123047,2.1264818455184633,0.3169573811920414,48.036671403830596
47.09999999999989,34.41339874267578,-73.33330535888672,2.1355001189488165,0.3163826754847568,48.129788185117974
47.13333333333322,34.40413284301758,-73.33828735351562,2.144466705805173,0.31560964855736834,48.156830873610694
47.16666666666655,34.3949089050293,-73.34332275390625,2.153388352545613,0.31526601496991064,48.23578310991846
47.19999999999988,34.3857307434082,-73.348388671875,2.1622625564518225,0.3145027154860831,48.33526923320931
47.23333333333321,34.3765983581543,-73.35350036621094,2.1710884470130725,0.31396957092819977,48.37439235940328
47.266666666666545,34.36750793457031,-73.358642578125,2.1798707032244926,0.31332144815643737,48.37439235940328
47.299999999999876,34.358455657958984,-73.36382293701172,2.1886126983151204,0.3128927085102555,48.47084372249941
47.33333333333321,34.34943389892578,-73.36904907226562,2.1973216139983855,0.3127845315401219,48.57217573060363
47.36666666666654,34.3404426574707,-73.37430572509766,2.20599832078502,0.3124537401120617,48.660475611221734
47.39999999999987,34.331478118896484,-73.37960052490234,2.214646191904058,0.3123428743197726,48.67590353706207
47.4333333333332,34.322540283203125,-73.38493347167969,2.2232652273555003,0.3122382189776309,48.70904852366048
47.466666666666534,34.31372833251953,-73.39006042480469,2.2317703347164737,0.305847201845026,48.82442692174365
47.499999999999865,34.30503463745117,-73.39498901367188,2.2401686957004237,0.2998069211126431,48.891910506701436
47.533333333333196,34.296470642089844,-73.39971923828125,2.2484488848541515,0.2935052593457021,48.991135347663736
47.56666666666653,34.28804016113281,-73.4042739868164,2.256605787927172,0.28746629201845053,49.13969172566414
47.59999999999986,34.279762268066406,-73.40864562988281,2.2646207977528494,0.2808403444076778,49.23664234511161
47.63333333333319,34.271636962890625,-73.41284942626953,2.272493043820468,0.27445079601726513,49.431770578614696
47.66666666666652,34.26365661621094,-73.4168930053711,2.280229707843468,0.2683893041287843,49.566881031603074
47.699999999999854,34.255821228027344,-73.4207763671875,2.2878307898218413,0.26234791077165137,49.756100691671605
47.733333333333185,34.24812316894531,-73.42449951171875,2.295303906724384,0.2565340658624475,49.928209641957686
47.76666666666652,34.24055862426758,-73.4280776977539,2.3026519965247907,0.2510441720798633,50.17016757274461
47.79999999999985,34.233123779296875,-73.43151092529297,2.309878867707455,0.2456777848443567,50.41018862760238
47.83333333333318,34.22581100463867,-73.43479919433594,2.3169921372411726,0.240541987708059,50.57074004775368
47.86666666666651,34.2186164855957,-73.43795013427734,2.3239951783549815,0.23562804182989402,50.836406700731075
47.89999999999984,34.21154022216797,-73.44097137451172,2.3308875557935247,0.23082733154296875,51.1101875344834
47.933333333333174,34.20457458496094,-73.44385528564453,2.3376773217809683,0.22617104281880163,51.3749248274167
47.966666666666505,34.19770812988281,-73.44661712646484,2.3443750312597733,0.22203236937660176,51.65403254423725
47.99999999999984,34.190948486328125,-73.44925689697266,2.3509730672611604,0.21770404770768603,51.95622320257083
48.03333333333317,34.18428421020508,-73.4517822265625,2.357482419982954,0.21380102713363605,52.27515124523868
48.0666666666665,34.177711486816406,-73.45417785644531,2.3639077684202836,0.20987082158193568,52.56509563281188
48.09999999999983,34.171226501464844,-73.45647430419922,2.370251180036095,0.20638758820908087,52.87849558394969
48.13333333333316,34.164825439453125,-73.45864868164062,2.3765177690808805,0.2028086805884027,52.87849558394969
48.166666666666494,34.158504486083984,-73.4607162475586,2.3827104735283218,0.19951529336869533,53.59170039686917
48.199999999999825,34.152259826660156,-73.46267700195312,2.3888331018628057,0.1963575723106983,53.929668779362814
48.23333333333316,34.146080017089844,-73.46453857421875,2.3948966442821784,0.19362321106448768,54.26815590724714
48.26666666666649,34.13996887207031,-73.46629333496094,2.400897727557398,0.19074262984675877,54.627142524641805
48.29999999999982,34.133914947509766,-73.46794891357422,2.406847341886308,0.1882866134821917,55.00825207926132
48.33333333333315,34.127899169921875,-73.46949768066406,2.412764964946255,0.18635834710845448,55.423510130262684
48.36666666666648,34.12192153930664,-73.470947265625,2.418650161481893,0.18452649646608238,55.81834620821066
48.399999999999814,34.11597442626953,-73.47229766845703,2.424510548462012,0.1829550960110783,56.191555603442744
48.433333333333145,34.11005783081055,-73.47354888916016,2.430346125886613,0.1814235088567158,56.191555603442744
48.46666666666648,34.10416030883789,-73.4747085571289,2.436167883953541,0.18031371465902757,56.61570540840533
48.49999999999981,34.09828186035156,-73.47576904296875,2.441976257918147,0.17920019012442556,57.472318229934494
48.53333333333314,34.09244155883789,-73.47673797607422,2.4477517701030744,0.1776039352608049,57.91352360012727
48.56666666666647,34.086639404296875,-73.47761535644531,2.4534944205083304,0.17604350107308125,58.334561576487154
48.5999999999998,34.08087921142578,-73.47840881347656,2.459199965394148,0.17443754290683927,58.77406006564993
48.633333333333134,34.07516098022461,-73.4791259765625,2.464867969505172,0.17289083800392158,59.215414155595894
48.666666666666465,34.069480895996094,-73.4797592163086,2.470502676581159,0.171458200378863,59.67101008349304
48.6999999999998,34.06383514404297,-73.48030853271484,2.4761078951065114,0.17017237515928121,60.1296337540077
48.73333333333313,34.05821990966797,-73.48078155517578,2.4816869983102667,0.16905367964424706,60.59613659711425
48.76666666666646,34.05262756347656,-73.48117065429688,2.487248038416584,0.16817598117898622,61.07953223331705
48.79999999999979,34.047061920166016,-73.48147583007812,2.4927872069410695,0.16722011226502348,61.53195449045888
48.83333333333312,34.0415153503418,-73.48170471191406,2.4983116855971477,0.16653870822959005,62.05044903781063
48.866666666666454,34.03598403930664,-73.48184967041016,2.5038257181245913,0.16599630495859827,62.513261897997054
48.899999999999785,34.03047180175781,-73.48191833496094,2.5093250607836413,0.16537995602164193,62.98801380096911
48.93333333333312,34.02494430541992,-73.48189544677734,2.514844860444604,0.16582631175693513,63.51566125382239
48.96666666666645,34.0194091796875,-73.4817886352539,2.5182113647460938,0.16608468628302867,22.743498230176346
48.99999999999978,34.013851165771484,-73.4815902709961,2.5184097290039062,0.1668465773171891,22.22950919543442
49.03333333333311,34.00827407836914,-73.4813003540039,2.5186996459960938,0.1675385334189313,21.726415395330005
49.06666666666644,34.00270080566406,-73.4809341430664,2.5190658569335938,0.167558739510424,21.20561432561906
49.099999999999774,33.99712371826172,-73.48048400878906,2.5195159912109375,0.16785670163838864,20.67193464013601
49.133333333333105,33.991546630859375,-73.47994995117188,2.520050048828125,0.16807798573481184,20.187023246856477
49.16666666666644,33.98596954345703,-73.47933959960938,2.520660400390625,0.16831158495749718,20.187023246856477
49.19999999999977,33.98038864135742,-73.47864532470703,2.5213546752929688,0.16871762592243847,19.10996244387658
49.2333333333331,33.97480010986328,-73.47787475585938,2.522125244140625,0.1692421772165022,18.60269745361761
49.26666666666643,33.96915054321289,-73.47699737548828,2.5230026245117188,0.17151868611760032,18.06387016688752
49.29999999999976,33.96344757080078,-73.47600555419922,2.5239944458007812,0.17365725847901203,17.558803075164462
49.333333333333094,33.95768737792969,-73.47492218017578,2.5250778198242188,0.1758356308265551,16.980024473505733
49.366666666666426,33.951881408691406,-73.47372436523438,2.526275634765625,0.17784722513087403,16.453903277171495
49.39999999999976,33.94601821899414,-73.47242736816406,2.5275726318359375,0.1801479262824551,15.94674291988596
49.43333333333309,33.94009780883789,-73.47101593017578,2.5289840698242188,0.18258990183384297,15.451383756343505
49.46666666666642,33.93412399291992,-73.4695053100586,2.5304946899414062,0.18485563227612395,14.830804273159552
49.49999999999975,33.928096771240234,-73.46788024902344,2.5321197509765625,0.1872736022232453,14.302073605553101
49.53333333333308,33.921993255615234,-73.46614074707031,2.5338592529296875,0.19039667283487477,13.82627802655586
49.566666666666414,33.91581726074219,-73.46427917480469,2.5357208251953125,0.19351363666377866,13.24078008141043
49.599999999999746,33.90960693359375,-73.46231842041016,2.5376815795898438,0.19537514933497585,12.709083350407205
49.63333333333308,33.90336990356445,-73.46026611328125,2.53973388671875,0.19698034755766716,12.182059020005326
49.66666666666641,33.89710235595703,-73.45811462402344,2.5418853759765625,0.19879626036222117,11.625995467086714
49.69999999999974,33.890804290771484,-73.45586395263672,2.5441360473632812,0.20064404325858487,11.048150624515399
49.73333333333307,33.88447570800781,-73.4535140991211,2.5464859008789062,0.20252282391717216,10.54134396448719
49.7666666666664,33.878116607666016,-73.4510726928711,2.5489273071289062,0.2043496011034085,9.982416207563547
49.799999999999734,33.87168502807617,-73.44849395751953,2.5515060424804688,0.2078787695521204,9.45928377531987
49.833333333333066,33.86518096923828,-73.44579315185547,2.5542068481445312,0.2112756951038091,8.887086438004669
49.8666666666664,33.85860061645508,-73.44294738769531,2.5570526123046875,0.21508015893144358,8.333996116457437
49.89999999999973,33.85195541381836,-73.43997955322266,2.5600204467773438,0.21833479701166866,7.819679789835148
49.93333333333306,33.84525680541992,-73.4368896484375,2.5631103515625,0.22130743198377684,7.256680995540304
49.96666666666639,33.8385124206543,-73.43368530273438,2.566314697265625,0.22400692294377247,6.7223227210291245
49.99999999999972,33.83171844482422,-73.43035888671875,2.56964111328125,0.2269379562343484,6.155464769230702
50.033333333333054,33.82488250732422,-73.42691802978516,2.5730819702148438,0.22959221273211727,5.672534762855543
50.066666666666386,33.8179817199707,-73.42333221435547,2.5766677856445312,0.23330461751710688,5.1291666255679935
50.09999999999972,33.81101989746094,-73.41961669921875,2.58038330078125,0.2367378779363348,4.562239082580235
50.13333333333305,33.80397415161133,-73.41574096679688,2.584259033203125,0.24124148222255373,3.9995026484505565
50.16666666666638,33.796852111816406,-73.4117202758789,2.5882797241210938,0.24535783188734467,3.479916347162759
50.19999999999971,33.789649963378906,-73.40753173828125,2.59246826171875,0.24994661508107552,2.9506933370825137
50.23333333333304,33.78237533569336,-73.40319061279297,2.5968093872070312,0.25414370073149006,2.3905393495234555
50.266666666666374,33.77504348754883,-73.39871215820312,2.601287841796875,0.2577426962204419,1.8888398484901219
50.299999999999706,33.767662048339844,-73.39409637451172,2.6059036254882812,0.2611742588648533,1.3852991176527283
50.33333333333304,33.76021194458008,-73.38932037353516,2.6106796264648438,0.265485984985008,0.8105124340253652
50.36666666666637,33.7526969909668,-73.38438415527344,2.6156158447265625,0.2697345003580097,0.2592544499826878
50.3999999999997,33.7451171875,-73.3792953491211,2.6207046508789062,0.2738876262014364,0.25430889180872523
50.43333333333303,33.73748016357422,-73.3740463256836,2.6259536743164062,0.27800853105856593,0.7393768315021868
50.46666666666636,33.72979736328125,-73.36865234375,2.63134765625,0.28161749820886284,1.2676072821173638
50.499999999999694,33.72208023071289,-73.36312103271484,2.6368789672851562,0.28484132979739235,1.7996017449752315
50.533333333333026,33.71432113647461,-73.3574447631836,2.6425552368164062,0.2884115484354497,2.34966165449817
50.56666666666636,33.70652770996094,-73.35162353515625,2.64837646484375,0.2918249018046653,2.8588063757045092
50.59999999999969,33.69869613647461,-73.34566497802734,2.6543350219726562,0.2952188200253796,3.382950921392319
50.63333333333302,33.69083023071289,-73.33955383300781,2.6604461669921875,0.29882555147072626,3.89173964377744
50.66666666666635,33.682952880859375,-73.33332061767578,2.6613697850391125,0.30135535946974107,83.86471307064882
50.69999999999968,33.67506408691406,-73.32695770263672,2.6536743566640686,0.3040522684265556,83.33225295611699
50.733333333333015,33.66716003417969,-73.32047271728516,2.645967318561262,0.306718398818827,82.85288056740796
50.766666666666346,33.65924072265625,-73.31385040283203,2.638249126014129,0.3096990302683985,82.33194738187365
50.79999999999968,33.65131378173828,-73.30709838867188,2.630527177378601,0.31238354435265314,81.79173330569898
50.83333333333301,33.64337921142578,-73.30020904541016,2.6228017002963977,0.3152434154104036,81.32114244970461
50.86666666666634,33.635433197021484,-73.29319763183594,2.615068426485254,0.3179137598466432,80.77817043216528
50.89999999999967,33.62748336791992,-73.28604888916016,2.6073354372262645,0.32073957368826117,80.30547165564879
50.933333333333,33.6195068359375,-73.27874755859375,2.5995803098099137,0.32440875674969616,79.78889926371455
50.966666666666335,33.61151123046875,-73.27127838134766,2.5918111255172986,0.3282475955600019,79.29563656535274
50.999999999999666,33.60349655151367,-73.26365661621094,2.584027429064978,0.33180377378361176,78.75732771294541
51.033333333333,33.59546661376953,-73.2558822631836,2.5762330334517722,0.3353034724718622,78.26226121712727
51.06666666666633,33.58743667602539,-73.24797058105469,2.568442735389543,0.3381821297101103,77.78704649955083
51.09999999999966,33.57940673828125,-73.23991394042969,2.5606567625200127,0.3412483296686698,77.24974434119986
51.13333333333299,33.57136154174805,-73.23169708251953,2.552860318131321,0.34498948832711535,76.77382913901309
51.16666666666632,33.56331253051758,-73.22332763671875,2.5450646135782224,0.34835439471949287,76.29470689800509
51.199999999999655,33.555233001708984,-73.21476745605469,2.537244096077545,0.35312877381099556,75.78804864671498
51.233333333332986,33.54713821411133,-73.20602416992188,2.5294137899828684,0.35745429747907737,75.31644471848928
51.26666666666632,33.53901672363281,-73.19709014892578,2.5215624839394386,0.3622123753768465,74.80913243182064
51.29999999999965,33.5308837890625,-73.18797302246094,2.5137052023008355,0.36652415709042235,74.31496690610635
51.33333333333298,33.522735595703125,-73.17868041992188,2.50583790442651,0.3707707718708128,73.8412487587556
51.36666666666631,33.51457595825195,-73.16919708251953,2.4979648585987344,0.375315912877582,73.35457106762581
51.39999999999964,33.50642013549805,-73.15956115722656,2.490100178604203,0.3787237132004396,72.8636712711863
51.433333333332975,33.49827194213867,-73.1497573852539,2.4822481327251804,0.38243470020677095,72.41124445734864
51.466666666666306,33.49013137817383,-73.13978576660156,2.4744087209616668,0.3861758203100424,71.95180310156337
51.49999999999964,33.481998443603516,-73.1296615600586,2.4665814880302226,0.3895892254217355,71.45236218298301
51.53333333333297,33.473876953125,-73.11936950683594,2.458770702213114,0.39331472184187055,70.95766114916694
51.5666666666663,33.46577072143555,-73.10892486572266,2.450979721225722,0.39663757785855985,70.50110798001597
51.59999999999963,33.45769119262695,-73.09832763671875,2.4432199840645255,0.3997774924844011,70.05231795273649
51.63333333333296,33.44963836669922,-73.08759307861328,2.435491035446081,0.40258026383302525,69.57450672617146
51.666666666666295,33.44160842895508,-73.07671356201172,2.427789290013283,0.4056592208894104,69.09065557745035
51.699999999999626,33.433616638183594,-73.06568908691406,2.4201299997614334,0.40849356643969686,68.65833030023393
51.73333333333296,33.42565155029297,-73.05451202392578,2.412501953335775,0.4117431552976307,68.18661872377375
51.76666666666629,33.41771697998047,-73.04319763183594,2.4049085084516943,0.41457880670151565,67.73240421263806
51.79999999999962,33.409820556640625,-73.03173828125,2.3973575187485663,0.4174963421062629,67.29426684566475
51.83333333333295,33.40196228027344,-73.0201416015625,2.38984875658466,0.4202522320152689,66.80127528676472
51.86666666666628,33.39414978027344,-73.00840759277344,2.382389847957631,0.4229064987211906,66.36428239836913
51.899999999999615,33.386383056640625,-72.99655151367188,2.3749803375840406,0.42520553487213186,65.92065103199593
51.933333333332946,33.378665924072266,-72.98457336425781,2.36762403846271,0.42746599703007365,65.46761137517811
51.96666666666628,33.37099838256836,-72.97245788574219,2.360321405877079,0.4301376653340489,64.99523366328556
51.99999999999961,33.363380432128906,-72.96022033691406,2.353071984543712,0.43244848617706694,64.5672552164249
52.03333333333294,33.35581588745117,-72.94786071777344,2.3458795874614298,0.43472321002503306,64.0783107820655
52.06666666666627,33.34830856323242,-72.93536376953125,2.338748482912499,0.4373559980885242,63.664832074867704
52.0999999999996,33.34085464477539,-72.9227523803711,2.331674174972931,0.4394851911289844,63.22234700444122
52.133333333332935,33.333457946777344,-72.91000366210938,2.3246611595667175,0.44217288782996705,62.77669911773192
52.166666666666266,33.32611846923828,-72.89713287353516,2.317708981410415,0.44449141292243044,62.3049764515469
52.1999999999996,33.31884002685547,-72.88414001464844,2.31082145350285,0.44677857492621215,61.90528304157983
52.23333333333293,33.31162643432617,-72.87102508544922,2.3040023888428443,0.44903625307019857,61.468900863731996
52.26666666666626,33.30447006225586,-72.85778045654297,2.29724438907447,0.45163090069847933,61.06062842850883
52.29999999999959,33.29738235473633,-72.84441375732422,2.2905586655524806,0.45388745444025713,60.61076398612286
52.333333333332924,33.29035949707031,-72.8309326171875,2.2839411776363314,0.4560213835607573,60.21984592134135
52.366666666666255,33.28340148925781,-72.81732177734375,2.2773923806094643,0.4585869062390696,59.756287930130604
52.39999999999959,33.27651596069336,-72.80359649658203,2.270919445186089,0.4606673984990864,59.33918721866777
52.43333333333292,33.26969909667969,-72.78975677490234,2.2645185583673757,0.4628247811395757,58.904170780765554
52.46666666666625,33.26295471191406,-72.77579498291016,2.2581937607938767,0.46516290194932247,58.480774172053934
52.49999999999958,33.256282806396484,-72.76171875,2.251944824823865,0.4673212926443753,58.05582174429064
52.53333333333291,33.24968338012695,-72.74752807617188,2.245771750457345,0.46950493682696237,57.68002802648918
52.566666666666244,33.243160247802734,-72.73322296142578,2.2396783506931386,0.47166599082015515,57.213981073554024
52.599999999999575,33.23671340942383,-72.71880340576172,2.233664625531249,0.4738531202487348,56.8294239401465
52.63333333333291,33.2303466796875,-72.70427703857422,2.227734160328779,0.4758103950959556,56.41186880727266
52.66666666666624,33.22406005859375,-72.68963623046875,2.2218871827274485,0.4780035356373295,56.02868685152156
52.69999999999957,33.21784973144531,-72.67488098144531,2.216119879728431,0.48026761636700616,55.592753022274046
52.7333333333329,33.21172332763672,-72.66002655029297,2.210439422045939,0.48204590407668146,55.230324046242
52.76666666666623,33.2056770324707,-72.64506530761719,2.204842224322867,0.48410414259163476,54.83316419644666
52.799999999999564,33.1997184753418,-72.62999725341797,2.199335912556863,0.486102452542805,54.447219471193456
52.833333333332895,33.193843841552734,-72.61483001708984,2.193916446107384,0.487955676255447,54.046689498587156
52.86666666666623,33.188053131103516,-72.59956359863281,2.188583824974428,0.48983290417313546,54.046689498587156
52.89999999999956,33.182350158691406,-72.58419799804688,2.183341862156823,0.4916940289751942,53.26120696900239
52.93333333333289,33.176734924316406,-72.56873321533203,2.1781905576545624,0.493580110370303,52.873635842798876
52.96666666666622,33.171207427978516,-72.55317687988281,2.1731296838259335,0.49527518566612316,52.51023734884418
52.99999999999955,33.165771484375,-72.53752136230469,2.1681632813114753,0.49717224595669557,52.1371416717393
53.033333333332884,33.16042709350586,-72.52177429199219,2.1632911224694706,0.4988782050461568,51.75401530658939
53.066666666666215,33.15517044067383,-72.50593566894531,2.1585093943010953,0.5006445257023708,51.391729048360325
53.09999999999955,33.15000915527344,-72.4900131225586,2.153825495162276,0.5021451138658487,51.02237637952061
53.13333333333288,33.14493942260742,-72.4739990234375,2.149235839695911,0.5039228154872265,50.66111019323376
53.16666666666621,33.13996505737305,-72.45790100097656,2.144744013259099,0.5054716341932811,50.31400337698513
53.19999999999954,33.13508224487305,-72.44172668457031,2.1403459752113028,0.5068582959838773,49.93220341386466
53.23333333333287,33.13029479980469,-72.42546081542969,2.136045993834782,0.5086730937097476,49.58179687280289
53.266666666666204,33.12560272216797,-72.40912628173828,2.131843386204376,0.5098522581279934,49.224980939218156
53.299999999999535,33.121009826660156,-72.39270782470703,2.127742420602352,0.511462978513028,48.892003349999264
53.33333333333287,33.11650848388672,-72.37621307373047,2.1237352433893397,0.5129376247542277,48.53087539370038
53.3666666666662,33.11210632324219,-72.35964965820312,2.119829252921268,0.5141528732240448,48.53087539370038
53.39999999999953,33.10780334472656,-72.34300994873047,2.116024676839855,0.5156122573177473,47.86668006670671
53.43333333333286,33.10359573364258,-72.32630920410156,2.11231724686284,0.5166787938115984,47.5315731766637
53.46666666666619,33.0994873046875,-72.30953216552734,2.108711231272485,0.5181827772319083,47.183883876539106
53.499999999999524,33.09547805786133,-72.29269409179688,2.1052061747853505,0.5192641989963144,46.85588600652562
53.533333333332855,33.0915641784668,-72.27579498291016,2.1017982644026065,0.5203926400056996,46.52800076886721
53.56666666666619,33.08774948120117,-72.25882720947266,2.0984915407648064,0.5217389439070345,46.194367750941026
53.59999999999952,33.08403778076172,-72.24180603027344,2.0952893615873287,0.5226351837905082,45.90281626153912
53.63333333333285,33.080421447753906,-72.22472381591797,2.0921843285142465,0.5238243222098599,45.574167067709624
53.66666666666618,33.076908111572266,-72.20758819580078,2.089183839901483,0.5247625245129529,45.26006731055952
53.69999999999951,33.073490142822266,-72.19039154052734,2.086280497393118,0.5259911754701595,44.907986916146804
53.733333333332844,33.07017135620117,-72.17314910888672,2.083477658704531,0.5267677041791565,44.627362970425764
53.766666666666175,33.06695556640625,-72.1558609008789,2.0807791368345443,0.5275425064521951,44.33352934230708
53.79999999999951,33.063838958740234,-72.13851928710938,2.078181346426058,0.5285833239215146,44.05020992281859
53.83333333333284,33.06081771850586,-72.12113952636719,2.0756800191968043,0.5292122243566746,43.73014987857047
53.86666666666617,33.057899475097656,-72.10370635986328,2.0732832364278737,0.5302719067122035,43.460241375662505
53.8999999999995,33.055076599121094,-72.08623504638672,2.070982916838172,0.5309367957090856,43.145831708172665
53.93333333333283,33.05235290527344,-72.0687255859375,2.0687828734265286,0.5316011117921637,42.85295363008922
53.966666666666164,33.04972839355469,-72.05117797851562,2.0666831061929405,0.5322836923997285,42.56182424305038
53.999999999999496,33.047203063964844,-72.0335922241211,2.064683615137414,0.5329844673589504,42.29215108546699
54.03333333333283,33.044776916503906,-72.0159683227539,2.0627844002599387,0.5337033649999878,42.013754652534004
54.06666666666616,33.04244613647461,-71.99832153320312,2.060981193278257,0.5340014469035439,41.71332433183251
54.09999999999949,33.04021453857422,-71.98063659667969,2.05927826247463,0.5347553722257846,41.47757212820189
54.13333333333282,33.03807830810547,-71.96292114257812,2.057671567208512,0.5353136605544129,41.17609920561919
54.16666666666615,33.03603744506836,-71.94518280029297,2.056160879838185,0.5356608237172488,40.92327173175466
54.199999999999484,33.034095764160156,-71.92741394042969,2.0547502410041965,0.536238990592056,40.67819671507621
54.233333333332816,33.03224563598633,-71.90962982177734,2.0534315694254492,0.5364028947071502,40.44246234415925
54.26666666666615,33.030494689941406,-71.89181518554688,2.052212946383037,0.5370143093703758,40.170639000822916
54.29999999999948,33.02883529663086,-71.87398529052734,2.05108629059587,0.537208403052236,39.902834224875505
54.33333333333281,33.02727127075195,-71.85614013671875,2.0500554150627734,0.5374068498465858,39.65888831388759
54.36666666666614,33.02579879760742,-71.83827209472656,2.0491167344266414,0.5378583378700635,39.40695926819429
54.39999999999947,33.02442169189453,-71.82038879394531,2.0482738340445765,0.5380873351784259,39.19064393631188
54.433333333332804,33.023136138916016,-71.802490234375,2.0475229009177562,0.5383400161954673,38.928624942935805
54.466666666666136,33.021942138671875,-71.78458404541016,2.0468637074044573,0.5383785989848873,38.69484117181708
54.49999999999947,33.020835876464844,-71.76667022705078,2.0462924405058587,0.5384383287388147,38.4821259679168
54.5333333333328,33.01982116699219,-71.74874114990234,2.0458131408625015,0.538733049327466,38.24566834409848
54.56666666666613,33.018898010253906,-71.73080444335938,2.0454255808326693,0.5388134129499847,38.04045461307479
54.59999999999946,33.018062591552734,-71.7128677368164,2.0451257197758097,0.5386845360815188,37.77422521119287
54.63333333333279,33.01731491088867,-71.6949234008789,2.0449137853336543,0.5387971758945478,37.55721881275944
54.666666666666124,33.01665496826172,-71.67697143554688,2.0447897775061907,0.5389227451110126,37.35908233168335
54.699999999999456,33.01607894897461,-71.65902709960938,2.044749428011163,0.5386073629382339,37.139956831490984
54.73333333333279,33.01559066772461,-71.64108276367188,2.0447967774891107,0.5385293397162869,36.9236266624375
54.76666666666612,33.01518630981445,-71.62313842773438,2.04492801294121,0.5384667378786028,36.707866356104375
54.79999999999945,33.01486587524414,-71.60519409179688,2.0451431343674606,0.5384159019721974,36.55620647548785
54.83333333333278,33.014625549316406,-71.5872573852539,2.045438101127316,0.5381494944196338,36.31115669147219
54.86666666666611,33.01447296142578,-71.56932067871094,2.0458207668601522,0.5381206669564449,36.128613808985904
54.899999999999444,33.01439666748047,-71.55139923095703,2.0462792372860457,0.5376483044945594,35.9423534116764
54.933333333332776,33.014400482177734,-71.53347778320312,2.046817780687264,0.5376434447969359,35.71860690990824
54.96666666666611,33.014488220214844,-71.51557159423828,2.0474397547791945,0.5371921174841112,35.563521838055316
54.99999999999944,33.0146484375,-71.49767303466797,2.048133948207082,0.5369782992295306,35.36291461577406
55.03333333333277,33.014892578125,-71.47978210449219,2.0489117999673985,0.5367778762947575,35.19056494849619
55.0666666666661,33.01520919799805,-71.4619140625,2.04976141578023,0.536125410236006,35.007792723531175
55.09999999999943,33.015602111816406,-71.44405364990234,2.0506870639278416,0.5359420187711151,34.833440509477555
55.133333333332764,33.0157356262207,-71.42645263671875,2.051345688336839,0.528045587110314,34.833440509477555
55.166666666666096,33.015621185302734,-71.40911102294922,2.0517487280036937,0.5202597412540887,34.48308106648955
55.19999999999943,33.0152702331543,-71.39201354980469,2.0519080772083242,0.5130322405118554,34.32436319367585
55.23333333333276,33.01469421386719,-71.37515258789062,2.051835402588924,0.5061239486508511,34.177651627863376
55.26666666666609,33.013893127441406,-71.3585205078125,2.051530931787219,0.4995408336343088,34.00025745695261
55.29999999999942,33.012882232666016,-71.34210968017578,2.051010144440232,0.493258000210948,33.84112737894174
55.33333333333275,33.01166915893555,-71.32591247558594,2.050280894187327,0.4872770115249927,33.66580679525539
55.366666666666084,33.01026153564453,-71.30992126464844,2.049351034667878,0.4815913283265453,33.554883962620146
55.399999999999416,33.0086669921875,-71.29412841796875,2.0482284195212563,0.4761942015354974,33.41086536042787
55.43333333333275,33.006893157958984,-71.27853393554688,2.0469206747451127,0.4708512853213632,33.25585023636094
55.46666666666608,33.004947662353516,-71.26312255859375,2.045435881620538,0.4660106688349415,33.11311367223887
55.49999999999941,33.002838134765625,-71.2479019165039,2.0437814385034643,0.4609839986855024,32.97901920576696
55.53333333333274,33.000572204589844,-71.23284912109375,2.0419656543167006,0.45667163290419455,32.84452414461942
55.56666666666607,32.99815368652344,-71.21796417236328,2.0399923420590733,0.4524045043007364,32.69776543956164
55.599999999999405,32.99558639526367,-71.20325469970703,2.0378650870876887,0.44795492319394353,32.586069027039855
55.633333333332736,32.992881774902344,-71.1886978149414,2.0355960113241816,0.4441802323840361,32.46459330545464
55.66666666666607,32.990047454833984,-71.1742935180664,2.0331927407662045,0.4404150597353995,32.32128016393829
55.6999999999994,32.987083435058594,-71.16004180908203,2.0306552754137566,0.4367000801279977,32.191004537985194
55.73333333333273,32.9839973449707,-71.14593505859375,2.027991468906209,0.4332111785633885,32.1067522812906
55.76666666666606,32.980796813964844,-71.13197326660156,2.0252089472412127,0.4297179667145888,31.961734212141337
55.79999999999939,32.977481842041016,-71.11814880371094,2.0223079380604845,0.42649071708893366,31.859962426984776
55.833333333332725,32.974063873291016,-71.10445404052734,2.0193001080022275,0.42344556217726764,31.74275589597724
55.866666666666056,32.97053909301758,-71.09088897705078,2.0161816440676086,0.4204658378385403,31.645258938556832
55.89999999999939,32.9669189453125,-71.07744598388672,2.012964212894832,0.41765725320417,31.538160942512455
55.93333333333272,32.96320724487305,-71.06412506103516,2.0096516274827163,0.41485097950054894,31.444884542995073
55.96666666666605,32.959407806396484,-71.0509262084961,2.006247700830091,0.41204477545115187,31.332287659928745
55.99999999999938,32.95552062988281,-71.03783416748047,2.0027528882203938,0.40970783649196235,31.249517717200707
56.03333333333271,32.95155334472656,-71.02485656738281,1.9991745880095617,0.4071138786938124,31.1307706641431
56.066666666666045,32.947509765625,-71.0119857788086,1.995516840838128,0.40473072211724875,31.064894182391377
56.099999999999376,32.94339370727539,-70.99922180175781,1.9917834597049304,0.4023368512095723,30.984859822556327
56.13333333333271,32.939205169677734,-70.98656463623047,1.9879744446099639,0.3999661457601169,30.881502154276276
56.16666666666604,32.93495178222656,-70.9739990234375,1.9840978768343163,0.3979790656621849,30.770391769042195
56.19999999999937,32.930633544921875,-70.96153259277344,1.9801535287362744,0.3957943408252893,30.770391769042195
56.2333333333327,32.92625427246094,-70.94915771484375,1.9761454409563775,0.3938071456380815,30.720846740414757
56.26666666666603,32.921817779541016,-70.93687438964844,1.9720774264934535,0.39179879090431635,30.633464058477042
56.299999999999365,32.917327880859375,-70.9246826171875,1.9679532983463288,0.38976743747984516,30.464243769157033
56.333333333332696,32.912784576416016,-70.9125747680664,1.9637732841567228,0.38796580138434594,30.42769348546703
56.36666666666603,32.9081916809082,-70.90054321289062,1.9595414245651812,0.38635179329750435,30.344460063856083
56.39999999999936,32.9035530090332,-70.88860321044922,1.9552610772870895,0.3842822420542392,30.272397962102243
56.43333333333269,32.898868560791016,-70.87673950195312,1.950932697605884,0.38265189291654955,30.243133913517376
56.46666666666602,32.894142150878906,-70.86494445800781,1.9465603261621172,0.3812031100295811,30.135241422284516
56.49999999999935,32.88937759399414,-70.85323333740234,1.9421473206711715,0.37929699884075285,30.055279552386967
56.533333333332685,32.88457107543945,-70.84159851074219,1.9376900957759375,0.377656763246197,30.0306160461879
56.566666666666016,32.879730224609375,-70.83002471923828,1.9331967327575132,0.37636131294470815,29.97287385350184
56.59999999999935,32.87485885620117,-70.81852722167969,1.9286705893312772,0.37460701041288297,29.97287385350184
56.63333333333268,32.86995315551758,-70.80709838867188,1.9241080801401276,0.373116216219195,29.858855833576197
56.66666666666601,32.86501693725586,-70.79573822021484,1.9195130181828899,0.3715880922331986,29.84424242011356
56.69999999999934,32.86005401611328,-70.78443908691406,1.9148894441001088,0.37023087344877853,29.785807605117476
56.73333333333267,32.85506057739258,-70.77320098876953,1.9102335448929595,0.3689259439876526,29.737223949437052
56.766666666666005,32.85004425048828,-70.76203155517578,1.905552718917373,0.36732520220421483,29.66665197980823
56.799999999999336,32.84500503540039,-70.75091552734375,1.900847421456789,0.3661472205521518,29.652769705350092
56.83333333333267,32.839942932128906,-70.73986053466797,1.8961174248694876,0.36476564714001636,29.587186346828645
56.866666666666,32.834861755371094,-70.72886657714844,1.891366542154295,0.36334131786359297,29.571809961697127
56.89999999999933,32.82975769042969,-70.71792602539062,1.8865911879541006,0.36217735506560855,29.528001335257937
56.93333333333266,32.82463836669922,-70.70703887939453,1.8817989882665633,0.3609206021521085,29.51223016548512
56.96666666666599,32.81949996948242,-70.69621276855469,1.8769859024511348,0.35950941807795717,29.489927453315378
56.999999999999325,32.81435012817383,-70.68543243408203,1.8721600117889017,0.3584171161669534,29.423688455441045
57.033333333332656,32.809181213378906,-70.6747055053711,1.8673134626404995,0.357220116670419,29.39943152727119
57.06666666666599,32.80400085449219,-70.66403198242188,1.8624538810035733,0.35592722473622995,29.36731729249327
57.09999999999932,32.79880905151367,-70.65340423583984,1.8575814945198497,0.3548428300270989,29.36731729249327
57.13333333333265,32.79360580444336,-70.64282989501953,1.8526960755476014,0.35355539519707313,29.30945590169764
57.16666666666598,32.78839111328125,-70.63230895996094,1.8477976240868361,0.3522708767142067,29.30010158019456
57.199999999999314,32.78316879272461,-70.621826171875,1.8428904084198114,0.3513478763930216,29.255638399812316
57.233333333332645,32.77793884277344,-70.61139678955078,1.8379739732630915,0.3500170752132534,29.276474946453686
57.26666666666598,32.772701263427734,-70.60101318359375,1.8330485462583963,0.34889304817678407,29.247826599099664
57.29999999999931,32.7674560546875,-70.59066772460938,1.8281143550474488,0.3479750891851525,29.203947654550532
57.33333333333264,32.761878967285156,-70.5805435180664,1.822841831328811,0.34676089141693206,29.23095415441838
57.36666666666597,32.755985260009766,-70.57064056396484,1.8172462270977825,0.34572222498283406,29.23746505115958
57.3999999999993,32.74977111816406,-70.5609359741211,1.8113244122807073,0.3457096478586342,29.230368285836786
57.433333333332634,32.743255615234375,-70.55142974853516,1.8050954518717062,0.34574281335372575,29.222536486488387
57.466666666665965,32.73643112182617,-70.5421142578125,1.7985519475148504,0.3464345102818891,29.22246592005997
57.4999999999993,32.729312896728516,-70.5329818725586,1.7917093788471596,0.3473652689461065,29.291805525228593
57.53333333333263,32.7219123840332,-70.5240249633789,1.7845794125068333,0.3485605100782166,29.310651846385856
57.56666666666596,32.714237213134766,-70.51524353027344,1.7771696744915229,0.34988517278592984,29.34372541595975
57.59999999999929,32.706298828125,-70.50662994384766,1.7694918314394181,0.35141235736653764,29.33382939690004
57.63333333333262,32.69810485839844,-70.49818420410156,1.7615535093481738,0.3530219451602314,29.33382939690004
57.666666666665954,32.68967056274414,-70.48988342285156,1.753370643138255,0.35501588878527457,29.463846574478737
57.699999999999285,32.68099594116211,-70.48174285888672,1.7449427775262114,0.3568838146111973,29.545456633742393
57.73333333333262,32.67210006713867,-70.4737548828125,1.7362892051478986,0.3586779931398707,29.584799169872557
57.76666666666595,32.66298294067383,-70.46590423583984,1.7274103812867556,0.3609420834132644,29.65235489375029
57.79999999999928,32.653656005859375,-70.45819854736328,1.7183175172975322,0.36294960137434684,29.757357980436286
57.83333333333261,32.644126892089844,-70.45063018798828,1.7090184668196073,0.3650693983007045,29.833138021629914
57.86666666666594,32.634403228759766,-70.44319915771484,1.6995208558506252,0.3671414652872998,29.894791635761226
57.899999999999274,32.624488830566406,-70.4358901977539,1.6898289526728527,0.36951937502973725,30.016642564205625
57.933333333332605,32.61439514160156,-70.4287109375,1.6799539686410492,0.3715937314340675,30.07868147525161
57.96666666666594,32.604129791259766,-70.42166137695312,1.6699035297528577,0.3735857992342551,30.197240886007034
57.99999999999927,32.59369659423828,-70.41472625732422,1.6596819042905542,0.3758360492564758,30.350562260789573
58.0333333333326,32.583099365234375,-70.40790557861328,1.6492929052529532,0.3780748981024277,30.452648359892446
58.06666666666593,32.572349548339844,-70.40120697021484,1.6387477439948166,0.3799827969361379,30.515882442255084
58.09999999999926,32.56144714355469,-70.39461517333984,1.6280468757995865,0.3822077897251597,30.644522111582695
58.133333333332594,32.55039978027344,-70.38813781738281,1.617197699023187,0.3841878942598258,30.766801383025655
58.166666666665925,32.539215087890625,-70.38176727294922,1.6062080673049903,0.386151605034451,30.766801383025655
58.19999999999926,32.52789306640625,-70.37550354003906,1.5950779806449993,0.3881755639091431,31.051011203900874
58.23333333333259,32.51644515991211,-70.36933898925781,1.5838191056814102,0.39006489779250497,31.194351925005467
58.26666666666592,32.50486755371094,-70.36327362060547,1.5724276294153943,0.39210546542279023,31.368481324131338
58.29999999999925,32.49317169189453,-70.35731506347656,1.5609147632017126,0.3937865259480297,31.45812124379048
58.33333333333258,32.481361389160156,-70.35144805908203,1.5492847753226229,0.3956191250669401,31.61816535142575
58.366666666665914,32.46943664550781,-70.34567260742188,1.5375376657781314,0.39749190903416226,31.755120524725204
58.399999999999245,32.45740509033203,-70.33999633789062,1.5256808329241678,0.3990996368895105,31.918064488358258
58.43333333333258,32.44526672363281,-70.33441162109375,1.513714504402447,0.40084424287171744,32.067838291534045
58.46666666666591,32.43302917480469,-70.32891845703125,1.5016463062106276,0.4024167087292183,32.25836843448318
58.49999999999924,32.420692443847656,-70.3235092163086,1.4894764659904223,0.40411549625278453,32.38645306410126
58.53333333333257,32.40826416015625,-70.31819152832031,1.4772123820977667,0.40554412454048294,32.58345641608619
58.5666666666659,32.39574432373047,-70.31295776367188,1.464854282174376,0.40709303220664167,32.74089121597928
58.599999999999234,32.38313674926758,-70.30780792236328,1.4524059792190838,0.40856409461298404,32.89809306380574
58.633333333332565,32.370445251464844,-70.30274200439453,1.4398712862307046,0.4099559454485616,33.10347962610064
58.6666666666659,32.35767364501953,-70.29776000976562,1.4272540162080718,0.41126728718530325,33.10347962610064
58.69999999999923,32.34482192993164,-70.29285430908203,1.4145543967929004,0.4126853909548955,33.42747632130873
58.73333333333256,32.3318977355957,-70.28803253173828,1.4017798263411267,0.4138307653947466,33.64382784694413
58.76666666666589,32.31889724731445,-70.28328704833984,1.3889267194956407,0.4151855939362396,33.776886179919835
58.79999999999922,32.30582809448242,-70.27862548828125,1.3760024746123705,0.4162686730156142,34.00467859203749
58.833333333332554,32.29269027709961,-70.27404022216797,1.3630073193330428,0.41744966142322126,34.191193156099544
58.866666666665886,32.27948760986328,-70.26952362060547,1.3499452942981993,0.418615695650355,34.3554316599647
58.89999999999922,32.2662239074707,-70.26509094238281,1.336819757223223,0.4195437922863885,34.56639653638714
58.93333333333255,32.252899169921875,-70.26072692871094,1.3236311633915605,0.4206351405507104,34.74452958662342
58.96666666666588,32.2395133972168,-70.25643920898438,1.3103792851614882,0.4216717991862996,34.92461818846012
58.99999999999921,32.226070404052734,-70.25222778320312,1.2970679355318286,0.42261703123277866,35.110099332347765
59.03333333333254,32.21257781982422,-70.24808502197266,1.2837049681419521,0.4234277621963836,35.32642572752533
59.066666666665874,32.19902801513672,-70.24401092529297,1.270282756994215,0.4244713461970713,35.506064389134735
59.099999999999206,32.185428619384766,-70.2400131225586,1.2568087004445416,0.4252450968195815,35.72390312371019
59.13333333333254,32.17177963256836,-70.236083984375,1.2432830261346555,0.4260981942958517,35.93437167128792
59.16666666666587,32.158084869384766,-70.23222351074219,1.229709547063378,0.4268545604675202,36.10993253526213
59.1999999999992,32.144344329833984,-70.22843933105469,1.2160880355889905,0.4275630932955793,36.35231253457109
59.23333333333253,32.130558013916016,-70.22471618652344,1.2024189469949382,0.4284062098190849,36.52511741183263
59.26666666666586,32.11673355102539,-70.22106170654297,1.1887096796371432,0.42898006751797124,36.70352216422036
59.299999999999194,32.102867126464844,-70.21748352050781,1.1749561928750636,0.42961963509128903,36.904605039227995
59.333333333332526,32.08896255493164,-70.2139663696289,1.1611627549909673,0.43027516061731746,37.156223806311445
59.36666666666586,32.07501983642578,-70.21051788330078,1.1473291383431317,0.4308854970406972,37.357954535098614
59.39999999999919,32.061038970947266,-70.2071304321289,1.1334555705732794,0.4315616786430052,37.543719275531316
59.43333333333252,32.047027587890625,-70.20381927490234,1.1195492223956156,0.4319193855397553,37.77684908788342
59.46666666666585,32.032981872558594,-70.20056915283203,1.1056067360947615,0.4325053426194307,37.77684908788342
59.49999999999918,32.01890182495117,-70.19738006591797,1.0916281116707094,0.4331006977314168,38.17048558520131
59.533333333332514,32.00479507446289,-70.19425964355469,1.0776207474793982,0.43343246366360255,38.35704679013351
59.566666666665846,31.990659713745117,-70.19120788574219,1.0635827370214084,0.43383116938615013,38.593974489947726
59.59999999999918,31.976497650146484,-70.18821716308594,1.0495162144378751,0.43423221971716336,38.805563370223894
59.63333333333251,31.96230697631836,-70.18528747558594,1.03541927322939,0.4346981289233936,39.00589032438389
59.66666666666584,31.94809341430664,-70.18242645263672,1.0212974052524646,0.4349594436717493,39.2294458717647
59.69999999999917,31.933855056762695,-70.17962646484375,1.007148931649409,0.4353316913239818,39.40710556637311
59.7333333333325,31.919593811035156,-70.17689514160156,0.9929755312779132,0.43561328115555464,39.65005614938071
59.766666666665834,31.905311584472656,-70.1742172241211,0.9787795659208324,0.4359333823571012,39.819278455156606
59.799999999999166,31.891008377075195,-70.1716079711914,0.9645605802947275,0.4361776569647713,40.026917766988284
59.8333333333325,31.876686096191406,-70.16905975341797,0.9503207085407311,0.43641611929614965,40.264381793872275
59.86666666666583,31.86234474182129,-70.16658020019531,0.9360597230171199,0.4366238271303318,40.473314757357535
59.89999999999916,31.847986221313477,-70.16415405273438,0.9217799855067498,0.43686150254736006,40.677348092881225
59.93333333333249,31.8336124420166,-70.16178894042969,0.9074831748673099,0.43701185194471664,40.853490928291826
59.96666666666582,31.819223403930664,-70.15948486328125,0.8931692910988043,0.4371702982706632,41.061967379510115
59.999999999999154,31.804821014404297,-70.1572494506836,0.8788400130589226,0.4372451305570759,41.26974523970332
60.033333333332486,31.790407180786133,-70.15506744384766,0.8644977025305203,0.4373417177262821,41.472148617049385
60.06666666666582,31.77597999572754,-70.15294647216797,0.8501402253724645,0.4374676795179873,41.68217323577005
60.09999999999915,31.76154136657715,-70.15088653564453,0.8357694880841621,0.4375449864880085,41.86582545820626
60.13333333333248,31.747093200683594,-70.14888763427734,0.8213873971650317,0.43757352973766467,42.10796216375449
60.16666666666581,31.732635498046875,-70.1469497680664,0.8069939526150741,0.437609919774392,42.28737295209723
60.19999999999914,31.718170166015625,-70.14506530761719,0.7925912885754145,0.4376269184626093,42.479717810663175
60.233333333332475,31.703697204589844,-70.14324188232422,0.7781791774043403,0.4376212323551854,42.692915283063364
60.266666666665806,31.689218521118164,-70.1414794921875,0.7637595256012643,0.4375665259824895,42.9141251627187
60.29999999999914,31.67473602294922,-70.13977813720703,0.7493342396655926,0.4374627135936995,43.10705278953301
60.33333333333247,31.660247802734375,-70.13813018798828,0.7349016407396353,0.4374492375799131,43.30362125445616
60.3666666666658,31.645755767822266,-70.13654327392578,0.720463407681089,0.43735984603299094,43.4738739789313
60.39999999999913,31.631261825561523,-70.135009765625,0.7060216746310821,0.4372452503683305,43.680913730894204
60.43333333333246,31.61676597595215,-70.13352966308594,0.6915764415896157,0.43713650440266477,43.85796166432277
60.466666666665795,31.602266311645508,-70.13211822509766,0.6771253467738377,0.43704597009928875,44.05791470691819
60.499999999999126,31.5877685546875,-70.13075256347656,0.6626747926071481,0.4368580886616535,44.24127318181784
60.53333333333246,31.57326889038086,-70.12944793701172,0.6482205108072789,0.4367471622074206,44.48632532203884
60.56666666666579,31.55877113342285,-70.1281967163086,0.6337665420147719,0.4365494921028466,44.62046031256074
60.59999999999912,31.54427719116211,-70.12700653076172,0.6193145650873274,0.436281805149317,44.80883763735973
60.63333333333245,31.52978515625,-70.12586975097656,0.604862901167245,0.43609656012901915,45.02831663495282
60.66666666666578,31.515296936035156,-70.12478637695312,0.5904134567539444,0.4358600714009252,45.19547576323274
60.699999999999115,31.500812530517578,-70.1237564086914,0.5759662318474191,0.4356293769203542,45.36936053619735
60.733333333332446,31.486331939697266,-70.1227798461914,0.5615212264476758,0.43540448589736924,45.54572724342045
60.76666666666578,31.47185707092285,-70.12185668945312,0.5470803470541239,0.43512830287163257,45.763953734129394
60.79999999999911,31.45738983154297,-70.1209945678711,0.5326452725244526,0.4347871226328265,45.922042026333656
60.83333333333244,31.442928314208984,-70.12017822265625,0.5182145516426961,0.4345362042452112,46.10721045090989
60.86666666666577,31.428478240966797,-70.11941528320312,0.503793676265366,0.4341060054668054,46.24583012988763
60.8999999999991,31.41403579711914,-70.11870574951172,0.4893788333936438,0.43379587378944723,46.45838154385537
60.933333333332435,31.399600982666016,-70.11804962158203,0.4749700230275218,0.4334915627098596,46.621514007058614
60.966666666665766,31.385177612304688,-70.11743927001953,0.4605712858075494,0.4330883598630842,46.82148512919267
60.9999999999991,31.370763778686523,-70.11688995361328,0.44618025995087435,0.43272891430740185,46.94779021585171
61.03333333333243,31.356361389160156,-70.11638641357422,0.43179930724034893,0.4323356785833611,47.143355939539866
61.06666666666576,31.341968536376953,-70.11592864990234,0.4174265211765597,0.4320039154179297,47.31627355822067
61.09999999999909,31.32758903503418,-70.11552429199219,0.40306548711661383,0.43155556741594253,47.499653118976596
61.13333333333242,31.31322479248047,-70.11517333984375,0.3887181115599194,0.43105587618903857,47.499653118976596
61.166666666665755,31.298871994018555,-70.1148681640625,0.3743808091493779,0.43068127466980244,47.78492549002033
61.199999999999086,31.284536361694336,-70.11460876464844,0.36005929938322084,0.4301393704046182,47.78492549002033
61.23333333333242,31.270214080810547,-70.1144027709961,0.34574954162090665,0.4297128655149389,48.12613575727682
61.26666666666575,31.255884170532227,-70.11424255371094,0.3314307920106167,0.42992417743929645,48.12613575727682
61.29999999999908,31.241546630859375,-70.1141357421875,0.3171028229106319,0.4301381258560073,48.431754284016534
61.33333333333241,31.2271671295166,-70.11408233642578,0.3027313173315208,0.4313880155242923,48.6006472654059
61.36666666666574,31.212743759155273,-70.11408233642578,0.28831436877387784,0.43270111083984375,48.788146156480316
61.399999999999075,31.198280334472656,-70.1141357421875,0.27385579023652523,0.43390569845602667,48.900699140077116
61.433333333332406,31.183780670166016,-70.1142349243164,0.2593596223600112,0.4350001056206381,49.01291068291193
61.46666666666574,31.16924476623535,-70.11438751220703,0.24482563750260966,0.4361011436940682,49.21228420102017
61.49999999999907,31.15467643737793,-70.11459350585938,0.23025764866314632,0.4370935542587161,49.38164596965457
61.5333333333324,31.14007568359375,-70.11485290527344,0.21565565584162788,0.43809173606680607,49.53014998478376
61.56666666666573,31.125446319580078,-70.11515808105469,0.20102369967859282,0.43897640179374253,49.53014998478376
61.59999999999906,31.110788345336914,-70.11551666259766,0.1863615525323248,0.4398707886102429,49.84594069959241
61.633333333332395,31.096105575561523,-70.11592102050781,0.17167325504336903,0.44065009955401957,49.84594069959241
61.666666666665726,31.081398010253906,-70.11637878417969,0.15695857957000334,0.4414406215692002,50.165860111777576
61.69999999999906,31.066669464111328,-70.11688232421875,0.14222156675277162,0.44211453452752814,50.33232028356668
61.73333333333239,31.05190086364746,-70.11743927001953,0.12744292395583376,0.44337295075107075,50.47506208376016
61.76666666666572,31.037094116210938,-70.1180419921875,0.11262478532031873,0.44457028611309474,50.64416989742097
61.79999999999905,31.02225112915039,-70.11869812011719,0.09776882970391892,0.445724457334024,50.76920504491528
61.833333333332384,31.007373809814453,-70.1194076538086,0.08287696360604863,0.4468268812576414,50.929402071449736
61.866666666665715,30.99246597290039,-70.12016296386719,0.06795322766724823,0.4478087597030765,51.095998203125454
61.89999999999905,30.977527618408203,-70.1209716796875,0.052997394245802236,0.44880687449175055,51.25589259473273
61.93333333333238,30.962562561035156,-70.121826171875,0.03801350398225938,0.4496829874137723,51.39528780443262
61.96666666666571,30.947572708129883,-70.12272644042969,0.023003463376022087,0.4505058892323876,51.54230103197821
61.99999999999904,30.932558059692383,-70.1236801147461,0.007967044785381112,0.45134714595657377,51.70126754307376
62.03333333333237,30.917522430419922,-70.12467956542969,0.007091711149129006,0.45206431440563655,51.8436715262487
62.066666666665704,30.9024658203125,-70.12572479248047,0.022172804427497188,0.452785387090996,52.00455015693158
62.099999999999035,30.887392044067383,-70.12682342529297,0.037272649692628265,0.4534127831348657,52.129465111187535
62.13333333333237,30.872299194335938,-70.12796020507812,0.052392698160488416,0.45406799399025677,52.30176838506078
62.1666666666657,30.857192993164062,-70.12914276123047,0.0675274579745596,0.45457252183644287,52.42053468342325
62.19999999999903,30.842073440551758,-70.13037872314453,0.08267715677656794,0.4550995778336168,52.58213650795672
62.23333333333236,30.826940536499023,-70.13165283203125,0.097841339283067,0.4555933764575953,52.76427245148868
62.26666666666569,30.811798095703125,-70.13298034667969,0.11301664777867396,0.4560156001270076,52.84907547145142
62.299999999999024,30.796648025512695,-70.13434600830078,0.1282007204805368,0.45634492721454367,53.058302880075814
62.333333333332355,30.781490325927734,-70.13575744628906,0.14339378503037542,0.45669816346512665,53.16265738560891
62.36666666666569,30.766324996948242,-70.13721466064453,0.15859584142818942,0.45705536760944926,53.33291324365059
62.39999999999902,30.751155853271484,-70.13871765136719,0.1738030766751566,0.45730264694036166,53.43028519189264
62.43333333333235,30.73598289489746,-70.1402587890625,0.18901526312955083,0.4575307575389713,53.43028519189264
62.46666666666568,30.720808029174805,-70.141845703125,0.20423072193368205,0.4577284799399826,53.728580607626256
62.49999999999901,30.705631256103516,-70.14347076416016,0.21944922544583034,0.457905817611929,53.845238235209855
62.533333333332344,30.6904354095459,-70.1451416015625,0.2346881598024316,0.45862283545953664,54.01893076607685
62.566666666665675,30.67521858215332,-70.14686584472656,0.24994965914461437,0.4594261261028796,54.157997361373575
62.59999999999901,30.65998649597168,-70.14862823486328,0.26522754869070403,0.46001111029521635,54.29810134943278
62.63333333333234,30.644737243652344,-70.15043640136719,0.28052396258183004,0.46068237014689295,54.29810134943278
62.66666666666567,30.62947654724121,-70.15229034423828,0.2958331813197611,0.4611869070234292,54.59758094584602
62.699999999999,30.61420440673828,-70.15419006347656,0.31115520490448967,0.4616952326513338,54.68439813666849
62.73333333333233,30.598920822143555,-70.1561279296875,0.3264898056942963,0.46217848842637704,54.81114096843739
62.766666666665664,30.583627700805664,-70.15811157226562,0.34183530483149493,0.46263696168797014,54.933602404760265
62.799999999998995,30.568330764770508,-70.16014099121094,0.35718598281783964,0.46292905934638584,55.0708406531114
62.83333333333233,30.55302619934082,-70.1622085571289,0.37254542501044025,0.46330777743856033,55.206810893373685
62.86666666666566,30.537717819213867,-70.16431427001953,0.38790981841047145,0.4635757500130199,55.34279129507257
62.89999999999899,30.52240753173828,-70.16646575927734,0.40327748416024317,0.4638215473114736,55.46915266107949
62.93333333333232,30.507095336914062,-70.16865539550781,0.4186481946180289,0.4640388296694056,55.57097122381519
62.96666666666565,30.491783142089844,-70.17088317871094,0.434020043284419,0.46420221402042194,55.718309842601464
62.999999999998984,30.476472854614258,-70.17314910888672,0.449391123660001,0.4643117572622297,55.830231521166446
63.033333333332315,30.461164474487305,-70.17546081542969,0.46476166338649777,0.4644582223697715,55.99767123869238
63.06666666666565,30.44586181640625,-70.17780303955078,0.480127394181638,0.4644261215319306,56.10398291509612
63.09999999999898,30.430564880371094,-70.18019104003906,0.49548877132887054,0.464466272786436,56.19796714385883
63.13333333333231,30.415273666381836,-70.18260955810547,0.5108453395447425,0.4644388112685314,56.32563175254269
63.16666666666564,30.39999008178711,-70.18506622314453,0.526195419971575,0.4643929855849284,56.44583688195245
63.19999999999897,30.384714126586914,-70.18756103515625,0.5415390126093571,0.4643500886475326,56.558601116821684
63.233333333332304,30.369447708129883,-70.19009399414062,0.5568742109586834,0.46425367241362714,56.68695561354398
63.266666666665635,30.354190826416016,-70.19265747070312,0.5722007873778302,0.46412225387895334,56.74008162611894
63.29999999999897,30.338945388793945,-70.19525909423828,0.5875170630091051,0.4639748182567716,56.90700734378364
63.3333333333323,30.323902130126953,-70.19758605957031,0.6026230546007018,0.45666504035305766,57.00314455995957
63.36666666666563,30.309049606323242,-70.19965362548828,0.6175306564325296,0.4498722740383668,57.11444978718169
63.39999999999896,30.29438591003418,-70.20146179199219,0.6322417750040084,0.4432427207155719,57.1947353880801
63.43333333333229,30.279903411865234,-70.20303344726562,0.6467647192379447,0.4370258209314702,57.34267851024136
63.466666666665624,30.26559829711914,-70.20436096191406,0.661103074491448,0.430997381357071,57.38904498039312
63.499999999998956,30.251461029052734,-70.2054672241211,0.6752670561867377,0.4254145601726885,57.55462824828535
63.53333333333229,30.237491607666016,-70.20635986328125,0.6892568919655438,0.4199373580606561,57.64320440668747
63.56666666666562,30.22368049621582,-70.20703887939453,0.7030821143249198,0.4148337933855323,57.716467628410236
63.59999999999895,30.210025787353516,-70.20751190185547,0.716744857406006,0.40988698677387675,57.79853081833139
63.63333333333228,30.19651985168457,-70.20779418945312,0.730253202489888,0.4052665618125086,57.93880488697312
63.66666666666561,30.18316078186035,-70.20789337158203,0.7436092837177057,0.4007831399856308,58.01040500352763
63.699999999998944,30.169940948486328,-70.20780944824219,0.7568207270871034,0.3966029926860398,58.01040500352763
63.733333333332276,30.1568603515625,-70.20755004882812,0.7698877602398079,0.3924950618106042,58.22926568779505
63.76666666666561,30.14391326904297,-70.2071304321289,0.7828165579574932,0.3886164195548528,58.28357082105874
63.79999999999894,30.13109588623047,-70.20655059814453,0.7956109332389883,0.3849147420539332,58.37338957595999
63.83333333333227,30.1184024810791,-70.20581817626953,0.8082768332242475,0.3814355496355318,58.46299904505649
63.8666666666656,30.105831146240234,-70.2049331665039,0.8208161644126879,0.37807344752647043,58.54761906423243
63.89999999999893,30.09337615966797,-70.20391082763672,0.8332351015859865,0.3749062290056159,58.584587493446016
63.933333333332264,30.081035614013672,-70.20275115966797,0.8455355512435595,0.3718474245697786,58.6950352218482
63.966666666665596,30.068805694580078,-70.20145416259766,0.8577213263842258,0.36895503476349795,58.831896712460896
63.99999999999893,30.056684494018555,-70.20003509521484,0.8697947887908413,0.3661195566487463,58.880473905908055
64.03333333333227,30.044668197631836,-70.19850158691406,0.8817599791039575,0.3634126083473599,58.95474440578615
64.0666666666656,30.032752990722656,-70.19684600830078,0.8936204826806703,0.36089026948642694,59.04330647716193
64.09999999999893,30.020936965942383,-70.19508361816406,0.8950836181640653,0.3584020292099858,29.194852741060988
64.13333333333226,30.009212493896484,-70.19320678710938,0.8932067871093778,0.35621224797387857,29.133534348405032
64.16666666666559,29.997573852539062,-70.19122314453125,0.8912231445312528,0.3541941974002358,29.01491526076927
64.19999999999892,29.985998153686523,-70.18913269042969,0.8891326904296903,0.35288825716913885,28.965417921739352
64.23333333333225,29.974483489990234,-70.18692779541016,0.8869277954101591,0.3517159903632644,28.90173206656103
64.26666666666559,29.963029861450195,-70.18462371826172,0.8846237182617216,0.35049242561749366,28.82492464758441
64.29999999999892,29.95163345336914,-70.18221282958984,0.8822128295898466,0.3494587975774732,28.74180055860017
64.33333333333225,29.940292358398438,-70.1797103881836,0.8797103881835966,0.3484169676028996,28.67398946112096
64.36666666666558,29.92900848388672,-70.17711639404297,0.8771163940429716,0.3473458890472602,28.629539322542044
64.39999999999891,29.91777992248535,-70.17443084716797,0.8744308471679716,0.34635744231340804,28.570937621915885
64.43333333333224,29.90660285949707,-70.17166137695312,0.8716613769531278,0.3454519244170192,28.570937621915885
64.46666666666557,29.895465850830078,-70.16880798339844,0.8688079833984403,0.34490192104993,28.436431187634657
64.4999999999989,29.884363174438477,-70.16586303710938,0.8658630371093778,0.3445981986776494,28.3883931925048
64.53333333333224,29.87329864501953,-70.162841796875,0.8628417968750028,0.3440879733946849,28.30459298195863
64.56666666666557,29.862268447875977,-70.15974426269531,0.8597442626953153,0.3437062267664246,28.219706420266114
64.5999999999989,29.851272583007812,-70.15656280517578,0.8565628051757841,0.34340594714238126,28.158350298253456
64.63333333333223,29.840309143066406,-70.1533203125,0.8533203125000028,0.3429864380572288,28.088500518085596
64.66666666666556,29.82938003540039,-70.1500015258789,0.8500015258789091,0.34265692041828244,28.061344656357768
64.6999999999989,29.8184814453125,-70.14662170410156,0.8466217041015653,0.34231887916886405,28.023887604063706
64.73333333333223,29.8076171875,-70.14318084716797,0.8431808471679716,0.34188365686083144,27.95183763158407
64.76666666666556,29.796783447265625,-70.1396713256836,0.8396713256835966,0.34164016400839764,27.87786214148729
64.79999999999889,29.785980224609375,-70.13611602783203,0.8361160278320341,0.3411961112270397,27.833476722025992
64.83333333333222,29.775209426879883,-70.13249969482422,0.8324996948242216,0.3408506320042922,27.749033884679754
64.86666666666555,29.764467239379883,-70.12883758544922,0.8288375854492216,0.34047771384285525,27.711520526764268
64.89999999999888,29.753755569458008,-70.1251220703125,0.8251220703125028,0.3401329632978094,27.61761859434731
64.93333333333221,29.743074417114258,-70.12135314941406,0.8213531494140653,0.339797884213789,27.561838672924615
64.96666666666555,29.732419967651367,-70.11754608154297,0.8175460815429716,0.339425917129444,27.532954141649967
64.99999999999888,29.7217960357666,-70.11370086669922,0.8137008666992216,0.3389516857873133,27.493366881034202
65.03333333333221,29.711198806762695,-70.10980987548828,0.8098098754882841,0.3386694076062115,27.43485144576837
65.06666666666554,29.70063018798828,-70.10588073730469,0.8058807373046903,0.3382609151205688,27.36285548489097
65.09999999999887,29.690088272094727,-70.10191345214844,0.8019134521484403,0.3379115387139129,27.37077534366508
65.1333333333322,29.67957305908203,-70.09790802001953,0.7979080200195341,0.337567581555854,27.269174165672244
65.16666666666553,29.669086456298828,-70.09387969970703,0.7938796997070341,0.33701124940497945,27.20806129581706
65.19999999999887,29.658626556396484,-70.08981323242188,0.7898132324218778,0.3366765449707882,27.18109317982343
65.2333333333322,29.648191452026367,-70.0857162475586,0.7857162475585966,0.33631684371537957,27.13953007489521
65.26666666666553,29.637781143188477,-70.08159637451172,0.7815963745117216,0.3358766077302313,27.13953007489521
65.29999999999886,29.627397537231445,-70.07744598388672,0.7774459838867216,0.3354705851634156,27.024777419530867
65.33333333333219,29.61703872680664,-70.07327270507812,0.7732727050781278,0.33503595103834743,26.99358135595548
65.36666666666552,29.60670280456543,-70.06907653808594,0.7690765380859403,0.33465683229603205,26.937936541084827
65.39999999999885,29.596393585205078,-70.06485748291016,0.7648574829101591,0.3341741871487393,26.900570731145017
65.43333333333219,29.58610725402832,-70.06061553955078,0.7606155395507841,0.3337999749668608,26.841683991805493
65.46666666666552,29.57584571838379,-70.05635070800781,0.7563507080078153,0.3333753315506382,26.821448893989995
65.49999999999885,29.565608978271484,-70.05207824707031,0.7520782470703153,0.33277664210457747,26.815813273712703
65.53333333333218,29.555395126342773,-70.04778289794922,0.7477828979492216,0.3324086577758493,26.7673199576056
65.56666666666551,29.545204162597656,-70.04346466064453,0.7434646606445341,0.3320431055247179,26.699722240326338
65.59999999999884,29.535037994384766,-70.03913879394531,0.7391387939453153,0.33144786761869166,26.63665564432046
65.63333333333217,29.52489471435547,-70.03479766845703,0.7347976684570341,0.33099599730504925,26.607074929011887
65.6666666666655,29.514774322509766,-70.03044891357422,0.7304489135742216,0.33045514086971606,26.55512395440259
65.69999999999884,29.504676818847656,-70.02608489990234,0.7260848999023466,0.3300057211339854,26.522560987979848
65.73333333333217,29.49460220336914,-70.0217056274414,0.7217056274414091,0.32955775502082335,26.514503500528495
65.7666666666655,29.484548568725586,-70.01731872558594,0.7173187255859403,0.32907207370428493,26.483788667670794
65.79999999999883,29.474504470825195,-70.0129165649414,0.7129165649414091,0.32899335688673415,26.421554453257436
65.83333333333216,29.464468002319336,-70.00850677490234,0.7085067749023466,0.32887574162888594,26.37511655904148
65.8666666666655,29.45444107055664,-70.00407409667969,0.7040740966796903,0.3288908589782075,26.333177869854133
65.89999999999883,29.444421768188477,-69.99962615966797,0.6996261596679716,0.32886700540556507,26.324971078241877
65.93333333333216,29.434412002563477,-69.99517059326172,0.6951705932617216,0.32869854256011183,26.29154724810861
65.96666666666549,29.42441177368164,-69.99070739746094,0.6907073974609403,0.32853040194279637,26.254364286149187
65.99999999999882,29.41442108154297,-69.9862289428711,0.6862289428710966,0.3284561408022558,26.254364286149187
66.03333333333215,29.40443992614746,-69.98174285888672,0.6817428588867216,0.32828885343509084,26.162589662992104
66.06666666666548,29.394468307495117,-69.97724914550781,0.6772491455078153,0.32812188990004576,26.138942230084627
66.09999999999881,29.38450813293457,-69.97274780273438,0.6727478027343778,0.32790310708575,26.100679398949257
66.13333333333215,29.37455940246582,-69.9682388305664,0.6682388305664091,0.32768469777549314,26.087805156096152
66.16666666666548,29.364620208740234,-69.9637222290039,0.6637222290039091,0.3275187558449041,26.045298789870287
66.19999999999881,29.354694366455078,-69.9592056274414,0.6592056274414091,0.3271541399245254,26.020609080060062
66.23333333333214,29.344778060913086,-69.95468139648438,0.6546813964843778,0.32698868974206796,25.938815084690294
66.26666666666547,29.334875106811523,-69.95014953613281,0.6501495361328153,0.3267195010484467,25.94087478353098
66.2999999999988,29.324983596801758,-69.94561767578125,0.6456176757812528,0.32640734622159157,25.924219879496253
66.33333333333213,29.31510353088379,-69.94108581542969,0.6410858154296903,0.3260952540447724,25.886753634367157
66.36666666666547,29.30523681640625,-69.9365463256836,0.6365463256835966,0.32582682449815625,25.859557360144
66.3999999999988,29.29538345336914,-69.9320068359375,0.6320068359375028,0.3254629890884173,25.81984616565176
66.43333333333213,29.28554344177246,-69.9274673461914,0.6274673461914091,0.32509923998667384,25.79780531743215
66.46666666666546,29.27571678161621,-69.92292785644531,0.6229278564453153,0.3247355774829567,25.75178554728569
66.49999999999879,29.265901565551758,-69.91838836669922,0.6183883666992216,0.32442393591119334,25.729333187024157
66.53333333333212,29.256086349487305,-69.9138412475586,0.6138412475585966,0.32452008101786745,25.709209874014473
66.56666666666545,29.24627113342285,-69.90929412841797,0.6092941284179716,0.32452008101786745,25.664117526794662
66.59999999999879,29.2364559173584,-69.90473937988281,0.6047393798828153,0.324616359029187,25.643279890318063
66.63333333333212,29.226638793945312,-69.90017700195312,0.6001770019531278,0.3247646594581278,25.614576690501536
66.66666666666545,29.216825485229492,-69.8956069946289,0.5956069946289091,0.3247574408783687,25.612388762145162
66.69999999999878,29.20701026916504,-69.89104461669922,0.5910446166992216,0.32471276982693253,25.57133986805267
66.73333333333211,29.19719886779785,-69.886474609375,0.5864746093750028,0.32470557026068336,25.52160739488694
66.76666666666544,29.187389373779297,-69.88189697265625,0.5818969726562528,0.3247504237811209,25.52160739488694
66.79999999999878,29.17758560180664,-69.87732696533203,0.5773269653320341,0.32449810577525395,25.468559136542606
66.8333333333321,29.167783737182617,-69.87274932861328,0.5727493286132841,0.3245430283227131,25.454404897824585
66.86666666666544,29.157987594604492,-69.86817932128906,0.5681793212890653,0.32429067010774437,25.431789513349866
66.89999999999877,29.148197174072266,-69.86360168457031,0.5636016845703153,0.32423198934408454,25.382542917279526
66.9333333333321,29.138412475585938,-69.8590316772461,0.5590316772460966,0.32397957076116457,25.386009698477103
66.96666666666543,29.128631591796875,-69.85445404052734,0.5544540405273466,0.3239728400060636,25.32862379841205
66.99999999999876,29.118860244750977,-69.84988403320312,0.5498840332031278,0.32361670388180064,25.2866151383408
67.0333333333321,29.109092712402344,-69.84532165527344,0.5453216552734403,0.32341611354321725,25.281647579061712
67.06666666666543,29.099334716796875,-69.84075164794922,0.5407516479492216,0.3232539259804657,25.248568723149507
67.09999999999876,29.089582443237305,-69.83618927001953,0.5361892700195341,0.32300142222379524,25.197289296163255
67.13333333333209,29.0798397064209,-69.83163452148438,0.5316345214843778,0.3226452996760362,25.183393440924842
67.16666666666542,29.070104598999023,-69.82707214355469,0.5270721435546903,0.32253503375582443,25.149207000986337
67.19999999999875,29.060379028320312,-69.82252502441406,0.5225250244140653,0.3220818463606357,25.145383272418428
67.23333333333208,29.050662994384766,-69.81797790527344,0.5179779052734403,0.321822695166396,25.11292033274066
67.26666666666542,29.040956497192383,-69.81343841552734,0.5134384155273466,0.3214665603302514,25.07284273260727
67.29999999999875,29.031259536743164,-69.80889892578125,0.5088989257812528,0.3212074223889334,25.019919057991647
67.33333333333208,29.021574020385742,-69.80436706542969,0.5043670654296903,0.3207994495325012,25.019919057991647
67.36666666666541,29.01189613342285,-69.79984283447266,0.4998428344726591,0.32049515696363245,24.984329462837845
67.39999999999874,29.00223159790039,-69.79532623291016,0.4953262329101591,0.32003537755279193,25.008259473870492
67.43333333333207,28.992576599121094,-69.79080963134766,0.4908096313476591,0.31977620610724217,24.931248986524807
67.4666666666654,28.982933044433594,-69.78630065917969,0.48630065917969034,0.3193682503319452,24.889048331149997
67.49999999999874,28.973299026489258,-69.78179931640625,0.48179931640625284,0.31901214657781973,24.878823275160073
67.53333333333207,28.963680267333984,-69.77730560302734,0.4773056030273466,0.3185005319572102,24.842883170494787
67.5666666666654,28.954071044921875,-69.77281951904297,0.4728195190429716,0.31814445522785073,24.841287011736558
67.59999999999873,28.944475173950195,-69.76834106445312,0.46834106445312784,0.31768469540816047,24.768855153554163
67.63333333333206,28.934890747070312,-69.76387023925781,0.46387023925781534,0.3172767953831088,24.796841222226565
67.66666666666539,28.92531967163086,-69.75940704345703,0.4594070434570341,0.3168170475865098,24.777820667602313
67.69999999999872,28.915760040283203,-69.75495147705078,0.4549514770507841,0.3164091673027759,24.73136656319351
67.73333333333206,28.90621566772461,-69.75050354003906,0.45050354003906534,0.31589756579896183,24.69443482424303
67.76666666666539,28.896682739257812,-69.74606323242188,0.44606323242187784,0.3154897006234714,24.6627949016772
67.79999999999872,28.887165069580078,-69.74163818359375,0.44163818359375284,0.3148815394766408,24.663387207705767
67.83333333333205,28.87765884399414,-69.73721313476562,0.43721313476562784,0.3145702525983995,24.672018247002036
67.86666666666538,28.868017196655273,-69.73310852050781,0.43310852050781534,0.31436968596108333,24.61728721593593
67.89999999999871,28.85824203491211,-69.72930908203125,0.42930908203125284,0.3146276654364356,24.605596602669223
67.93333333333204,28.848297119140625,-69.72582244873047,0.4258224487304716,0.31615212371330337,24.51801582542927
67.96666666666538,28.83819007873535,-69.72264099121094,0.42264099121094034,0.3178781904003019,24.546134985750186
67.9999999999987,28.827924728393555,-69.71974182128906,0.41974182128906534,0.3200067866282847,24.529042565937498
68.03333333333204,28.817508697509766,-69.71713256835938,0.41713256835937784,0.3221361671728546,24.459989231979264
68.06666666666537,28.806949615478516,-69.71479797363281,0.41479797363281534,0.32442270464929557,24.43192343721742
68.0999999999987,28.79625129699707,-69.71271514892578,0.4127151489257841,0.3269754721406313,24.43192343721742
68.13333333333203,28.78542137145996,-69.71089935302734,0.4108993530273466,0.3294327878273573,24.355991021239955
68.16666666666536,28.774463653564453,-69.70932006835938,0.40932006835937784,0.33212821227052064,24.356866342039787
68.1999999999987,28.763385772705078,-69.70797729492188,0.40797729492187784,0.33476892979347156,24.27751917875547
68.23333333333203,28.7521915435791,-69.70686340332031,0.40686340332031534,0.3374853599823318,24.260557146102883
68.26666666666536,28.740886688232422,-69.70597839355469,0.40597839355469034,0.3401833285526255,24.246278484747453
68.29999999999869,28.729473114013672,-69.7052993774414,0.4052993774414091,0.3430126315401653,24.222322609179006
68.33333333333202,28.717958450317383,-69.704833984375,0.40483398437500284,0.34572194560138453,24.133128555934015
68.36666666666535,28.706344604492188,-69.7045669555664,0.4045669555664091,0.3485074566095007,24.130198712600723
68.39999999999868,28.694639205932617,-69.7044906616211,0.4044906616210966,0.35116941578678784,24.060522845936564
68.43333333333202,28.682842254638672,-69.70460510253906,0.40460510253906534,0.35392519110665344,24.02188374811702
68.46666666666535,28.670961380004883,-69.70489501953125,0.40489501953125284,0.3565323414973098,23.978916923578755
68.49999999999868,28.659000396728516,-69.70536804199219,0.40536804199219034,0.3591099888160704,23.917401371274305
68.53333333333201,28.646961212158203,-69.70600128173828,0.4060012817382841,0.36167480134047925,23.914756894195662
68.56666666666534,28.634851455688477,-69.70680236816406,0.40680236816406534,0.36408673018374316,23.87197405289808
68.59999999999867,28.622671127319336,-69.70775604248047,0.4077560424804716,0.3665281769437084,23.805857156358744
68.633333333332,28.61042594909668,-69.7088623046875,0.40886230468750284,0.3688514405526817,23.785442510563644
68.66666666666534,28.59811782836914,-69.71012115478516,0.4101211547851591,0.37116988761326164,23.736076289923442
68.69999999999867,28.58574867248535,-69.71151733398438,0.41151733398437784,0.373431118508386,23.684014854763685
68.733333333332,28.573301315307617,-69.71305847167969,0.41305847167969034,0.3762720099813534,23.646239064585888
68.76666666666533,28.56077766418457,-69.7147445678711,0.4147445678710966,0.37909930366148276,23.617710503390317
68.79999999999866,28.548181533813477,-69.71656799316406,0.41656799316406534,0.3818227888853227,23.542507027861458
68.83333333333199,28.535518646240234,-69.71852111816406,0.41852111816406534,0.3843788197369579,23.496307259965505
68.86666666666532,28.522790908813477,-69.7206039428711,0.4206039428710966,0.3869109883270831,23.41333578394991
68.89999999999866,28.51000213623047,-69.72280883789062,0.42280883789062784,0.38932356672097496,23.398445479730242
68.93333333333199,28.497156143188477,-69.72512817382812,0.42512817382812784,0.391610738850841,23.34801140664358
68.96666666666532,28.4842529296875,-69.72756958007812,0.42756958007812784,0.39396452228137324,23.294960308339405
68.99999999999865,28.47130012512207,-69.7301254272461,0.4301254272460966,0.39607669809092155,23.247925926669225
69.03333333333198,28.458295822143555,-69.73278045654297,0.4327804565429716,0.3981770571892176,23.241571581098036
69.06666666666531,28.44524574279785,-69.73554229736328,0.4355422973632841,0.4001738398262717,23.138230472660688
69.09999999999864,28.432151794433594,-69.73841094970703,0.4384109497070341,0.40213503333039385,23.08903688858046
69.13333333333198,28.419017791748047,-69.74137115478516,0.4413711547851591,0.4039038952320943,23.054988460306838
69.16666666666531,28.405845642089844,-69.74443054199219,0.44443054199219034,0.40568317568095236,23.00967192780209
69.19999999999864,28.392637252807617,-69.74757385253906,0.44757385253906534,0.40731775527521485,22.96224871876722
69.23333333333197,28.37939453125,-69.75080871582031,0.45080871582031534,0.40896285067333765,22.89053456383278
69.2666666666653,28.366262435913086,-69.75379943847656,0.45379943847656534,0.40405038664746556,22.849037507074772
69.29999999999863,28.353235244750977,-69.75654602050781,0.45654602050781534,0.39940741128035345,22.79698312174004
69.33333333333196,28.34031105041504,-69.75907135009766,0.4590713500976591,0.395058071545662,22.741238914767035
69.3666666666653,28.327486038208008,-69.76136779785156,0.46136779785156534,0.3908697345116778,22.741238914767035
69.39999999999863,28.314760208129883,-69.7634506225586,0.4634506225585966,0.38685451909442353,22.63908389586234
69.43333333333196,28.302127838134766,-69.76533508300781,0.46533508300781534,0.3831646729415253,22.600414961936707
69.46666666666529,28.28959083557129,-69.76701354980469,0.46701354980469034,0.37946582936853057,22.55226401956628
69.49999999999862,28.277141571044922,-69.76850128173828,0.4685012817382841,0.3761353216574178,22.477382899926603
69.53333333333195,28.2647647857666,-69.76980590820312,0.46980590820312784,0.3733606535704792,22.435931651872536
69.56666666666528,28.252460479736328,-69.77091979980469,0.47091979980469034,0.3706386801832605,22.406296917816523
69.59999999999862,28.240222930908203,-69.77185821533203,0.4718582153320341,0.3682042945437126,22.317185455661658
69.63333333333195,28.228052139282227,-69.77262878417969,0.47262878417969034,0.3658548218033043,22.297213280396974
69.66666666666528,28.215946197509766,-69.77323150634766,0.4732315063476591,0.36362809323397727,22.253362782880558
69.69999999999861,28.203901290893555,-69.773681640625,0.47368164062500284,0.3615994422490079,22.190825502624353
69.73333333333194,28.19192123413086,-69.77397155761719,0.47397155761719034,0.359506927206952,22.15501991908124
69.76666666666527,28.18000030517578,-69.77412414550781,0.47412414550781534,0.35765716432744205,22.095234762215355
69.7999999999986,28.168136596679688,-69.77413177490234,0.4741317749023466,0.3559113284782505,22.0040016631155
69.83333333333194,28.15633201599121,-69.77399444580078,0.4739944458007841,0.3541613842044341,21.95969932774844
69.86666666666527,28.144582748413086,-69.77373504638672,0.4737350463867216,0.35256392187879315,21.922159097994438
69.8999999999986,28.132888793945312,-69.77335357666016,0.4733535766601591,0.3510052438667801,21.908807415206173
69.93333333333193,28.121248245239258,-69.77284240722656,0.47284240722656534,0.3495530024632671,21.83747583956105
69.96666666666526,28.109661102294922,-69.772216796875,0.47221679687500284,0.34812058676845103,21.78439953208378
69.9999999999986,28.09811782836914,-69.77147674560547,0.4714767456054716,0.3470091698016646,21.760197502150106
70.03333333333192,28.086620330810547,-69.7706298828125,0.47062988281250284,0.34585931248122503,21.682988267817038
70.06666666666526,28.075164794921875,-69.76966857910156,0.46966857910156534,0.34487398653592355,21.682988267817038
70.09999999999859,28.06375503540039,-69.76860809326172,0.4686080932617216,0.34376811704861643,21.647102810825796
70.13333333333192,28.052385330200195,-69.7674560546875,0.46745605468750284,0.3428376442199028,21.572054726334787
70.16666666666525,28.041057586669922,-69.76620483398438,0.46620483398437784,0.3418990992413146,21.499139220725983
70.19999999999858,28.02977180480957,-69.76486206054688,0.46486206054687784,0.34096146620037043,21.48563261236315
70.23333333333191,28.018524169921875,-69.76343536376953,0.4634353637695341,0.3401327370825181,21.426688155235723
70.26666666666524,28.00731658935547,-69.76191711425781,0.46191711425781534,0.33929846648502426,21.355844200915538
70.29999999999858,27.99614715576172,-69.76032257080078,0.4603225708007841,0.3384803304143344,21.344673565011668
70.33333333333191,27.985015869140625,-69.75865173339844,0.45865173339844034,0.33767960483187365,21.31976583856938
70.36666666666524,27.973920822143555,-69.75691223144531,0.45691223144531534,0.3369174103855605,21.278317311521423
70.39999999999857,27.962862014770508,-69.75508880615234,0.4550888061523466,0.3362437959009425,21.247224910301586
70.4333333333319,27.951839447021484,-69.75320434570312,0.45320434570312784,0.335474845360771,21.217829006201665
70.46666666666523,27.940853118896484,-69.75125885009766,0.4512588500976591,0.33471767646623896,21.217829006201665
70.49999999999856,27.929901123046875,-69.7492446899414,0.4492446899414091,0.3340699759068411,21.122874936026022
70.5333333333319,27.918968200683594,-69.74716186523438,0.44716186523437784,0.3338865902452202,21.086462136152004
70.56666666666523,27.908052444458008,-69.7450180053711,0.4450180053710966,0.3337287553999892,21.077359917966884
70.59999999999856,27.89715576171875,-69.74281311035156,0.44281311035156534,0.33352560784814345,21.041007829677664
70.63333333333189,27.88627815246582,-69.74054718017578,0.4405471801757841,0.33333337720492956,21.02386217588449
70.66666666666522,27.87541961669922,-69.73822784423828,0.4382278442382841,0.33310419746228054,20.965207937508772
70.69999999999855,27.864578247070312,-69.73585510253906,0.43585510253906534,0.33293945206539294,20.94552178210798
70.73333333333188,27.853755950927734,-69.73342895507812,0.43342895507812784,0.33272730090854785,20.91249153333192
70.76666666666522,27.842954635620117,-69.73094940185547,0.4309494018554716,0.3324679486848249,20.90797403834879
70.79999999999855,27.832170486450195,-69.72842407226562,0.42842407226562784,0.3322764610543762,20.87596684024156
70.83333333333188,27.8214054107666,-69.72586059570312,0.42586059570312784,0.3319825897603509,20.824785758922882
70.86666666666521,27.810659408569336,-69.7232437133789,0.4232437133789091,0.3318014054976283,20.80230964649977
70.89999999999854,27.7999324798584,-69.72059631347656,0.42059631347656534,0.33146365295642666,20.794275183184187
70.93333333333187,27.78922462463379,-69.71790313720703,0.4179031372070341,0.33124043493656463,20.748617068954612
70.9666666666652,27.778535842895508,-69.71517181396484,0.4151718139648466,0.3309670127546483,20.721328802927765
70.99999999999854,27.767868041992188,-69.71240234375,0.41240234375000284,0.33064293013069174,20.69846304271382
71.03333333333187,27.757217407226562,-69.70960235595703,0.4096023559570341,0.3303760846313827,20.68163448845372
71.0666666666652,27.7465877532959,-69.7067642211914,0.4067642211914091,0.3300607466364004,20.624291731797882
71.09999999999853,27.735979080200195,-69.70390319824219,0.40390319824219034,0.3296307895975534,20.626845681818185
71.13333333333186,27.725387573242188,-69.70100402832031,0.40100402832031534,0.3294338860677349,20.58194300289534
71.1666666666652,27.71481704711914,-69.69808197021484,0.3980819702148466,0.3290091206650308,20.575209037231378
71.19999999999852,27.704267501831055,-69.69512939453125,0.39512939453125284,0.32864806108883826,20.553450638287146
71.23333333333186,27.693735122680664,-69.69215393066406,0.39215393066406534,0.32833817355475037,20.530794189469134
71.26666666666519,27.683225631713867,-69.68914794921875,0.38914794921875284,0.32792802921932934,20.511832448235
71.29999999999852,27.672733306884766,-69.68612670898438,0.38612670898437784,0.32755930086912305,20.498812590905413
71.33333333333185,27.662261962890625,-69.68307495117188,0.38307495117187784,0.3272094798608404,20.478581566420743
71.36666666666518,27.651809692382812,-69.68000793457031,0.38000793457031534,0.32678876149964564,20.462925391365612
71.39999999999851,27.641376495361328,-69.67691802978516,0.3769180297851591,0.3264340676207031,20.43682693336888
71.43333333333184,27.630964279174805,-69.6738052368164,0.3738052368164091,0.32602661453182025,20.41163652539339
71.46666666666518,27.620573043823242,-69.67068481445312,0.37068481445312784,0.32548936552696334,20.40779537398332
71.49999999999851,27.61020278930664,-69.66754150390625,0.36754150390625284,0.3250850995352934,20.383384871459263
71.53333333333184,27.599851608276367,-69.66437530517578,0.3643753051757841,0.32473772002969276,20.38536448096459
71.56666666666517,27.589521408081055,-69.66120147705078,0.3612014770507841,0.3242030211735355,20.37973906587617
71.5999999999985,27.579212188720703,-69.65801239013672,0.3580123901367216,0.32373639160397605,20.37973906587617
71.63333333333183,27.56892204284668,-69.6548080444336,0.3548080444335966,0.3233255946324626,20.316762194865362
71.66666666666517,27.558650970458984,-69.65159606933594,0.35159606933594034,0.3228475504307209,20.32082211387691
71.6999999999985,27.54840087890625,-69.64836883544922,0.3483688354492216,0.32238404715357766,20.305460016994566
71.73333333333183,27.53817367553711,-69.64512634277344,0.34512634277344034,0.3218672129242598,20.32285659867477
71.76666666666516,27.527965545654297,-69.64188385009766,0.3418838500976591,0.3213218122244087,20.281680796624812
71.79999999999849,27.517776489257812,-69.63861846923828,0.3386184692382841,0.3209853955661544,20.23818543612375
71.83333333333182,27.507610321044922,-69.6353530883789,0.3353530883789091,0.3203315773703934,20.29290383987998
71.86666666666515,27.49746322631836,-69.632080078125,0.33208007812500284,0.3198570223721955,20.24275331594542
71.89999999999849,27.487337112426758,-69.62879180908203,0.3287918090820341,0.31939913315500634,20.202547708852855
71.93333333333182,27.477231979370117,-69.62550354003906,0.32550354003906534,0.3188005405456866,20.18918133418407
71.96666666666515,27.467145919799805,-69.62220001220703,0.3222000122070341,0.3183986564255693,20.216580121238447
71.99999999999848,27.457080841064453,-69.618896484375,0.31889648437500284,0.31780055927774603,20.216675188327432
72.03333333333181,27.447036743164062,-69.61558532714844,0.31558532714844034,0.3172741690249674,20.16936528663011
72.06666666666514,27.437013626098633,-69.61227416992188,0.31227416992187784,0.3166764501785575,20.18874671392885
72.09999999999847,27.42700958251953,-69.60894775390625,0.30894775390625284,0.31627731233430695,20.19200253096907
72.1333333333318,27.417028427124023,-69.60562896728516,0.3056289672851591,0.31555352461834907,20.156751533477053
72.16666666666514,27.407066345214844,-69.602294921875,0.30229492187500284,0.31515558266667315,20.11716424783012
72.19999999999847,27.397125244140625,-69.59896850585938,0.29896850585937784,0.31448605798851514,20.14811121325487
72.2333333333318,27.387205123901367,-69.59563446044922,0.2956344604492216,0.3139620676490789,20.158566892935532
72.26666666666513,27.377307891845703,-69.59229278564453,0.2922927856445341,0.31338441821116886,20.14772000582745
72.29999999999846,27.367427825927734,-69.58895111083984,0.2889511108398466,0.3128965383945975,20.102222154668166
72.3333333333318,27.35757064819336,-69.58561706542969,0.28561706542969034,0.31217275748475876,20.089937735041964
72.36666666666513,27.347732543945312,-69.58226776123047,0.2822677612304716,0.3117779986350995,20.087847996214666
72.39999999999846,27.33791732788086,-69.57892608642578,0.2789260864257841,0.31105422550250583,20.090546832941413
72.43333333333179,27.328123092651367,-69.5755844116211,0.2755844116210966,0.31045845262743,20.099412714894687
72.46666666666512,27.318347930908203,-69.57223510742188,0.27223510742187784,0.30999106947060645,20.096081754790276
72.49999999999845,27.308595657348633,-69.56889343261719,0.26889343261719034,0.3092673068283806,20.10287115019185
72.53333333333178,27.29886245727539,-69.56554412841797,0.2655441284179716,0.30880045345853924,20.074398184144837
72.56666666666511,27.28915023803711,-69.56220245361328,0.2622024536132841,0.30813080619998273,20.121021910537166
72.59999999999845,27.279460906982422,-69.5588607788086,0.2588607788085966,0.3074815996264709,20.06625572708765
72.63333333333178,27.269792556762695,-69.55551147460938,0.25551147460937784,0.3069614815105829,20.08531637240906
72.66666666666511,27.260143280029297,-69.55216979980469,0.25216979980469034,0.30634588095841747,20.076012832770058
72.69999999999844,27.250516891479492,-69.54883575439453,0.2488357543945341,0.305622142159097,20.062128979384074
72.73333333333177,27.240909576416016,-69.54549407958984,0.2454940795898466,0.3051566219276066,20.089714951268142
72.7666666666651,27.231325149536133,-69.54216003417969,0.24216003417969034,0.30443289518631805,20.080418421382678
72.79999999999843,27.221759796142578,-69.538818359375,0.23881835937500284,0.30396792337265505,20.046801088635416
72.83333333333177,27.212217330932617,-69.53549194335938,0.23549194335937784,0.3031687932704968,20.046801088635416
72.8666666666651,27.202695846557617,-69.53215789794922,0.2321578979492216,0.3026500803738829,20.037489778616067
72.89999999999843,27.193195343017578,-69.5288314819336,0.2288314819335966,0.30198038002653604,20.07317785608539
72.93333333333176,27.1837158203125,-69.52550506591797,0.2255050659179716,0.30138638788536615,20.069808104752028
72.96666666666509,27.174259185791016,-69.52218627929688,0.22218627929687784,0.30066268973444776,20.045856652211363
72.99999999999842,27.164779663085938,-69.51885223388672,0.2188522338867216,0.3014622506413831,20.062557773135524
73.03333333333175,27.1552791595459,-69.5155029296875,0.21550292968750284,0.3022079838784528,20.037673355571037
73.06666666666509,27.145742416381836,-69.51214599609375,0.21214599609375284,0.3033094558320365,20.06295029293431
73.09999999999842,27.136173248291016,-69.5087661743164,0.2087661743164091,0.3044551787657465,20.063930521155807
73.13333333333175,27.12657356262207,-69.50537872314453,0.2053787231445341,0.30539468126663927,20.04849982511875
73.16666666666508,27.116941452026367,-69.5019760131836,0.2019760131835966,0.30646433829323066,20.042466967192635
73.19999999999841,27.107284545898438,-69.4985580444336,0.1985580444335966,0.3073182580089576,20.025318148175312
73.23333333333174,27.097599029541016,-69.49512481689453,0.1951248168945341,0.30828014953995575,20.053374196529102
73.26666666666507,27.087888717651367,-69.49168395996094,0.19168395996094034,0.30905774232097344,20.025918165069232
73.2999999999984,27.078153610229492,-69.48823547363281,0.18823547363281534,0.30983533856492174,20.004791273131243
73.33333333333174,27.068397521972656,-69.48477172851562,0.18477172851562784,0.31058156655025604,19.97778814038178
73.36666666666507,27.05862045288086,-69.4813003540039,0.1813003540039091,0.3112512954571311,19.974873104793
73.3999999999984,27.048826217651367,-69.47782135009766,0.1778213500976591,0.31181318240141126,19.966511954107986
73.43333333333173,27.039012908935547,-69.47432708740234,0.1743270874023466,0.3125056955677172,19.954528623043892
73.46666666666506,27.02918243408203,-69.47083282470703,0.1708328247070341,0.3129908894305233,19.93255128593028
73.4999999999984,27.019336700439453,-69.46733093261719,0.16733093261719034,0.3134988791886734,19.92762374979589
73.53333333333173,27.009477615356445,-69.46382141113281,0.16382141113281534,0.3139529737889883,19.874789812947807
73.56666666666506,26.999605178833008,-69.4603042602539,0.1603042602539091,0.31440708944434503,19.91013655556724
73.59999999999839,26.989721298217773,-69.456787109375,0.15678710937500284,0.3147305223347065,19.82096200905219
73.63333333333172,26.979825973510742,-69.45326232910156,0.15326232910156534,0.315130725779378,19.857053593366558
73.66666666666505,26.969919204711914,-69.4497299194336,0.1497299194335966,0.31553096121650914,19.821232172291207
73.69999999999838,26.960004806518555,-69.44619750976562,0.14619750976562784,0.3157465576042945,19.79491899694738
73.73333333333171,26.950082778930664,-69.44266510009766,0.1426651000976591,0.31596217268131893,19.761146719077963
73.76666666666505,26.94015121459961,-69.43912506103516,0.1391250610351591,0.3163084917660499,19.783698927883837
73.79999999999838,26.93021011352539,-69.43557739257812,0.13557739257812784,0.31665485602460436,19.707087693671753
73.83333333333171,26.920255661010742,-69.4320297241211,0.1320297241210966,0.3170321256791882,19.72700845979836
73.86666666666504,26.910293579101562,-69.42848205566406,0.12848205566406534,0.3172477339581762,19.6674896160843
73.89999999999837,26.900320053100586,-69.4249267578125,0.12492675781250284,0.3176479613265799,19.655876561653674
73.9333333333317,26.89032554626465,-69.4213638305664,0.12136383056640909,0.318317696192189,19.630422099231744
73.96666666666503,26.880306243896484,-69.41779327392578,0.11779327392578409,0.3190952290488661,19.630422099231744
73.99999999999837,26.87026596069336,-69.41421508789062,0.11421508789062784,0.31976496351387074,19.56187753528824
74.0333333333317,26.860206604003906,-69.41063690185547,0.11063690185547159,0.320304019764113,19.598769826393035
74.06666666666503,26.850130081176758,-69.40705108642578,0.10705108642578409,0.3208659316967846,19.51888943847515
74.09999999999836,26.840036392211914,-69.40345764160156,0.10345764160156534,0.32142784938667296,19.511786247682284
74.13333333333169,26.829925537109375,-69.39985656738281,0.09985656738281534,0.3219897728036366,19.459066148201924
74.16666666666502,26.819799423217773,-69.39625549316406,0.09625549316406534,0.32242103880976636,19.488318975070158
74.19999999999835,26.809659957885742,-69.39264678955078,0.09264678955078409,0.3228751292515041,19.410232397341623
74.23333333333169,26.79950714111328,-69.38904571533203,0.08904571533203409,0.3231759297189366,19.40534397028815
74.26666666666502,26.789344787597656,-69.38542938232422,0.08542938232422159,0.32359877017679933,19.381835794281624
74.29999999999835,26.779170989990234,-69.38182067871094,0.08182067871094034,0.32384565702316126,19.327912224912293
74.33333333333168,26.76898765563965,-69.37820434570312,0.07820434570312784,0.324191836151523,19.33726405852138
74.36666666666501,26.75879669189453,-69.37459564208984,0.07459564208984659,0.324331058396389,19.284194714236012
74.39999999999834,26.748600006103516,-69.37097930908203,0.07097930908203409,0.32456931307454917,19.269776711075544
74.43333333333167,26.738393783569336,-69.36736297607422,0.06736297607422159,0.3248389732721927,19.226250236201732
74.466666666665,26.728179931640625,-69.36375427246094,0.06375427246094034,0.32497840188407473,19.223325483695923
74.49999999999834,26.717952728271484,-69.3601303100586,0.06013031005859659,0.3255086988432509,19.165672707475448
74.53333333333167,26.707717895507812,-69.35651397705078,0.05651397705078409,0.32564812222912165,19.156208548771428
74.566666666665,26.697473526000977,-69.35289764404297,0.05289764404297159,0.3259178944372122,19.118132174452736
74.59999999999833,26.687223434448242,-69.34927368164062,0.04927368164062784,0.3261559938123687,19.1305617171055
74.63333333333166,26.676965713500977,-69.34565734863281,0.04565734863281534,0.32629562226580605,19.082001245725973
74.666666666665,26.666704177856445,-69.342041015625,0.04204101562500284,0.3264035544944963,19.076458743176648
74.69999999999833,26.656435012817383,-69.33841705322266,0.03841705322265909,0.3266955290232698,19.053579900750915
74.73333333333166,26.64616584777832,-69.33480072021484,0.03480072021484659,0.32661943224586004,19.02384508560343
74.76666666666499,26.635892868041992,-69.33119201660156,0.031192016601565342,0.3266514487773867,19.024141668306445
74.79999999999832,26.62560272216797,-69.32757568359375,0.027575683593752842,0.327213187201965,18.96759265509456
74.83333333333165,26.61529541015625,-69.3239517211914,0.023951721191409092,0.3277749318670823,18.960681663786303
74.86666666666498,26.604982376098633,-69.32032775878906,0.020327758789065342,0.3279368803145749,18.937184738067412
74.89999999999831,26.59466552734375,-69.31671142578125,0.016711425781252842,0.32796906773210965,18.931843725931714
74.93333333333165,26.584327697753906,-69.3130874633789,0.013087463378909092,0.32863877085642995,18.89625169601727
74.96666666666498,26.573972702026367,-69.30946350097656,0.009463500976565342,0.3291248030912559,18.86947653727086
74.99999999999831,26.563600540161133,-69.30583190917969,0.005831909179690342,0.32968648844618553,18.855830973007066
75.03333333333164,26.553213119506836,-69.30220031738281,0.002200317382815342,0.33011856982847665,18.879964637566054
75.06666666666497,26.542810440063477,-69.2985610961914,0.0014389038085909078,0.33062622919717793,18.843346626447797
75.0999999999983,26.532394409179688,-69.29492950439453,0.005070495605465908,0.33092890855296947,18.83183137269657
75.13333333333163,26.5219669342041,-69.29129028320312,0.008709716796872158,0.3313284604766185,18.800606817145212
75.16666666666497,26.51152801513672,-69.28765106201172,0.012348937988278408,0.33165262845003035,18.769395083403282
75.1999999999983,26.501079559326172,-69.28401184082031,0.015988159179684658,0.3319227978528109,18.807136169775134
75.23333333333163,26.490623474121094,-69.2803726196289,0.019627380371090908,0.3321389525879953,18.77285579788511
75.26666666666496,26.480159759521484,-69.2767333984375,0.023266601562497158,0.33235512436526815,18.764621694665184
75.29999999999829,26.469690322875977,-69.2730941772461,0.026905822753903408,0.3325172643620989,18.755576710625114
75.33333333333162,26.459213256835938,-69.26945495605469,0.030545043945309658,0.3327334658831121,18.754497302172034
75.36666666666495,26.448732376098633,-69.26581573486328,0.03418426513671591,0.3328415730022713,18.7579020601391
75.39999999999829,26.43824577331543,-69.26217651367188,0.03782348632812216,0.3330037416177144,18.71970741650971
75.43333333333162,26.427757263183594,-69.25853729248047,0.04146270751952841,0.3330577999372555,18.711607935316096
75.46666666666495,26.417266845703125,-69.2549057006836,0.04509429931640341,0.33303691402649155,18.688443867913715
75.49999999999828,26.40677261352539,-69.25127410888672,0.04872589111327841,0.33314506026863555,18.672297559366193
75.53333333333161,26.39628028869629,-69.24764251708984,0.05235748291015341,0.3330909866217635,18.708873042461708
75.56666666666494,26.38578987121582,-69.2440185546875,0.05598144531249716,0.33296210920660757,18.697959237897606
75.59999999999827,26.375293731689453,-69.24039459228516,0.05960540771484091,0.3331243665742748,18.691979371682542
75.6333333333316,26.36479377746582,-69.23676300048828,0.06323699951171591,0.33330728751373395,18.731715401232183
75.66666666666494,26.354291915893555,-69.23313903808594,0.06686096191405966,0.3332866333637871,18.723710167138474
75.69999999999827,26.343788146972656,-69.2295150756836,0.07048492431640341,0.3333407243849898,18.669917006747163
75.7333333333316,26.333282470703125,-69.22589111328125,0.07410888671874716,0.33339481645102675,18.71617361061687
75.76666666666493,26.322776794433594,-69.22227478027344,0.07772521972655966,0.33332024911971314,18.730660980200817
75.79999999999826,26.312273025512695,-69.2186508178711,0.08134918212890341,0.3333407243849898,18.716496185152216
75.8333333333316,26.301769256591797,-69.21503448486328,0.08496551513671591,0.3332661449507338,18.701959451901214
75.86666666666493,26.291250228881836,-69.21141815185547,0.08858184814452841,0.3336990074119014,18.70105925751638
75.89999999999826,26.280719757080078,-69.20779418945312,0.09220581054687216,0.3340981081585105,18.72220338446694
75.93333333333159,26.27017593383789,-69.20416259765625,0.09583740234374716,0.33455134252825947,18.727974178595968
75.96666666666492,26.25962257385254,-69.20053100585938,0.09946899414062216,0.33482186213506787,18.69673502009062
75.99999999999825,26.249059677124023,-69.19690704345703,0.10309295654296591,0.3350180617695089,18.71968506498299
76.03333333333158,26.238487243652344,-69.19326782226562,0.10673217773437216,0.3354374045239529,18.707836499765797
76.06666666666491,26.227909088134766,-69.18963623046875,0.11036376953124716,0.3355253340954726,18.744536347453337
76.09999999999825,26.217323303222656,-69.18599700927734,0.11400299072265341,0.33581616366232364,18.770433349034743
76.13333333333158,26.20673179626465,-69.18236541748047,0.11763458251952841,0.33590419878083083,18.777631573315894
76.16666666666491,26.196136474609375,-69.17872619628906,0.12127380371093466,0.33608673682967305,18.777631573315894
76.19999999999824,26.18565559387207,-69.17472076416016,0.1252792358398409,0.3366052774571293,18.744739235702706
76.23333333333157,26.17528533935547,-69.17036437988281,0.12963562011718466,0.337443678915289,18.76069720494292
76.2666666666649,26.165023803710938,-69.1656723022461,0.1343276977539034,0.3385014559786758,18.790646224103167
76.29999999999824,26.15486717224121,-69.16065216064453,0.1393478393554659,0.339886872444966,18.821263785600678
76.33333333333157,26.144811630249023,-69.15531921386719,0.14468078613280966,0.3414656959021865,18.858492535792745
76.3666666666649,26.134855270385742,-69.14967346191406,0.15032653808593466,0.343370434311161,18.87588223491152
76.39999999999823,26.124998092651367,-69.14374542236328,0.1562545776367159,0.3450725216855386,18.905515709803314
76.43333333333156,26.115232467651367,-69.13752746582031,0.16247253417968466,0.34731451695802407,18.9049954547308
76.46666666666489,26.105560302734375,-69.13104248046875,0.16895751953124716,0.3493497220155288,18.91777567204207
76.49999999999822,26.095975875854492,-69.12429809570312,0.17570190429687216,0.351586643708707,18.901285931597403
76.53333333333156,26.08647918701172,-69.11729431152344,0.18270568847655966,0.35400011671027537,18.96164578224257
76.56666666666489,26.077068328857422,-69.11005401611328,0.1899459838867159,0.35621273972720724,18.97913825412104
76.59999999999822,26.067739486694336,-69.10258483886719,0.19741516113280966,0.35851682576080174,19.01783547152792
76.63333333333155,26.05849266052246,-69.09488677978516,0.2051132202148409,0.36095362180616036,19.06724956594553
76.66666666666488,26.04932403564453,-69.08697509765625,0.21302490234374716,0.3633077987532626,19.04703191194144
76.69999999999821,26.040233612060547,-69.07884979248047,0.2211502075195284,0.36577417435113324,19.059727146406274
76.73333333333154,26.03121566772461,-69.0705337524414,0.2294662475585909,0.3680106761761431,19.142025175290723
76.76666666666488,26.02227210998535,-69.06201171875,0.23798828124999716,0.37060903246630594,19.114534815339006
76.7999999999982,26.013395309448242,-69.05330657958984,0.2466934204101534,0.37298704001074895,19.158329222066698
76.83333333333154,26.00458526611328,-69.0444107055664,0.2555892944335909,0.37560364000403906,19.187004154197503
76.86666666666487,25.995840072631836,-69.03533935546875,0.26466064453124716,0.37800928753133234,19.25383882000637
76.8999999999982,25.987159729003906,-69.02609252929688,0.27390747070312216,0.38048251441640624,19.25994841169504
76.93333333333153,25.978540420532227,-69.01668548583984,0.2833145141601534,0.38276161069156256,19.29426045047445
76.96666666666486,25.969982147216797,-69.00711822509766,0.2928817749023409,0.38509592081134564,19.34996522110082
76.9999999999982,25.961483001708984,-68.99739837646484,0.3026016235351534,0.38734976265254223,19.366715410929068
77.03333333333153,25.953041076660156,-68.9875259399414,0.3124740600585909,0.3896896089138136,19.393852058064947
77.06666666666486,25.944658279418945,-68.97752380371094,0.32247619628905966,0.39151323973027835,19.44783605043037
77.09999999999819,25.936330795288086,-68.96737670898438,0.33262329101562216,0.39380130904504684,19.46340816879158
77.13333333333152,25.928058624267578,-68.95709991455078,0.3429000854492159,0.3957741597181219,19.570467114149846
77.16666666666485,25.919841766357422,-68.94670867919922,0.3532913208007784,0.3974230409054483,19.515458012159144
77.19999999999818,25.911664962768555,-68.93616485595703,0.3638351440429659,0.40028626374641463,19.582503910908727
77.23333333333152,25.90353012084961,-68.92549133300781,0.37450866699218466,0.4026037390218281,19.627322520948496
77.26666666666485,25.895437240600586,-68.91468048095703,0.3853195190429659,0.4051324592155303,19.678786449555407
77.29999999999818,25.88738441467285,-68.90374755859375,0.39625244140624716,0.4073562533477713,19.678786449555407
77.33333333333151,25.879243850708008,-68.89305114746094,0.40694885253905966,0.4032540061909875,19.734302018166673
77.36666666666484,25.87101936340332,-68.88257598876953,0.4174240112304659,0.3995422717705835,19.817527934462696
77.39999999999817,25.862714767456055,-68.87232971191406,0.42767028808593466,0.3956731642677194,19.85422864027732
77.4333333333315,25.854331970214844,-68.86228942871094,0.43771057128905966,0.3923910278632616,19.893743781940085
77.46666666666484,25.84600257873535,-68.85209655761719,0.44790344238280966,0.3949000445646939,19.899790982580125
77.49999999999817,25.83772087097168,-68.84175872802734,0.4582412719726534,0.3973810057115977,19.994864784603273
77.5333333333315,25.82948875427246,-68.83126831054688,0.46873168945312216,0.4000436774124451,20.004747981784707
77.56666666666483,25.821306228637695,-68.82064819335938,0.47935180664062216,0.4022021299742787,20.0477246314468
77.59999999999816,25.81317138671875,-68.80989837646484,0.4901016235351534,0.40442650096273536,20.116221918080456
77.63333333333149,25.805082321166992,-68.79901885986328,0.5009811401367159,0.4067151050623496,20.18206354741988
77.66666666666482,25.797040939331055,-68.78801727294922,0.5119827270507784,0.40881397091233945,20.20634342158083
77.69999999999816,25.789043426513672,-68.77690124511719,0.5230987548828097,0.41082071201927756,20.20634342158083
77.73333333333149,25.781091690063477,-68.76567077636719,0.5343292236328097,0.41281737708856464,20.31526062629747
77.76666666666482,25.773183822631836,-68.75432586669922,0.5456741333007784,0.4148701103016412,20.36035225873591
77.79999999999815,25.765321731567383,-68.74288940429688,0.5571105957031222,0.4163467705739751,20.396309132494036
77.83333333333148,25.75749969482422,-68.7313461303711,0.5686538696289034,0.4183160151886692,20.43054001759442
77.86666666666481,25.749723434448242,-68.71971130371094,0.5802886962890597,0.41982791136628733,20.494462094548844
77.89999999999814,25.741987228393555,-68.7079849243164,0.5920150756835909,0.42145126888237455,20.542790152050447
77.93333333333148,25.734291076660156,-68.69617462158203,0.6038253784179659,0.4228978623296288,20.595668781056304
77.9666666666648,25.726638793945312,-68.68428039550781,0.6157196044921847,0.4242959346815256,20.65706383119891
77.99999999999814,25.719024658203125,-68.67230224609375,0.6276977539062472,0.4258004389822264,20.6955153436306
78.03333333333147,25.711450576782227,-68.66024780273438,0.6397521972656222,0.427093295039036,20.764798073205704
78.0666666666648,25.703914642333984,-68.64812469482422,0.6518753051757784,0.42823363724554225,20.797237687329336
78.09999999999813,25.69641876220703,-68.63592529296875,0.6640747070312472,0.4295489053157727,20.84777143692513
78.13333333333146,25.688833236694336,-68.62400817871094,0.6759918212890597,0.42379479537124864,20.885741050627182
78.1666666666648,25.6811580657959,-68.61235046386719,0.6876495361328097,0.41872366463882826,20.960394465316167
78.19999999999813,25.67340087890625,-68.60095977783203,0.6990402221679659,0.4134362213367299,21.010827006543625
78.23333333333146,25.66556167602539,-68.58980560302734,0.7101943969726534,0.409001033791749,21.03022287096419
78.26666666666479,25.65764617919922,-68.57890319824219,0.7210968017578097,0.4041853140504754,21.100944505598967
78.29999999999812,25.649658203125,-68.56822967529297,0.7317703247070284,0.39994833231157684,21.136886740859435
78.33333333333145,25.641727447509766,-68.55743408203125,0.7425659179687472,0.40186757352507924,21.20066659362345
78.36666666666478,25.63385009765625,-68.54651641845703,0.7534835815429659,0.4038851529470414,21.27680613348619
78.39999999999812,25.62602996826172,-68.5354995727539,0.7645004272460909,0.40530578788651406,21.30079611868407
78.43333333333145,25.618261337280273,-68.52436828613281,0.7756317138671847,0.4072240811274935,21.378638473620498
78.46666666666478,25.61054801940918,-68.51313781738281,0.7868621826171847,0.40872586269128447,21.418906670922325
78.49999999999811,25.60288429260254,-68.50181579589844,0.7981842041015597,0.4101570323102166,21.483624859899283
78.53333333333144,25.595272064208984,-68.49039459228516,0.8096054077148409,0.4117656151046393,21.483624859899283
78.56666666666477,25.587711334228516,-68.4788818359375,0.8211181640624972,0.4132037958468587,21.55029557122195
78.5999999999981,25.5802001953125,-68.46728515625,0.8327148437499972,0.41449990208821946,21.66415486347715
78.63333333333144,25.572736740112305,-68.45560455322266,0.8443954467773409,0.41584334255455263,21.677935425560992
78.66666666666477,25.56532096862793,-68.44384765625,0.8561523437499972,0.4170089493292809,21.74123389456361
78.6999999999981,25.557952880859375,-68.43201446533203,0.8679855346679659,0.418188727968128,21.793263186069186
78.73333333333143,25.550630569458008,-68.42011260986328,0.8798873901367159,0.4192175653188277,21.820332833902615
78.76666666666476,25.543354034423828,-68.40814208984375,0.8918579101562472,0.4202584686564669,21.89561218797072
78.7999999999981,25.53598976135254,-68.39643096923828,0.9035690307617159,0.4150235864790255,21.925708999312608
78.83333333333142,25.528541564941406,-68.38497924804688,0.9150207519531222,0.40982410034313893,21.98710540338994
78.86666666666476,25.520998001098633,-68.37377166748047,0.9262283325195284,0.4052945790930804,22.03402276367192
78.89999999999809,25.513362884521484,-68.36279296875,0.9372070312499972,0.40117844890389953,22.076195993752496
78.93333333333142,25.505638122558594,-68.35204315185547,0.9479568481445284,0.3971239851536849,22.1916635840576
78.96666666666475,25.49782943725586,-68.34151458740234,0.9584854125976534,0.39324752006932284,22.19697822761202
78.99999999999808,25.48994255065918,-68.33119201660156,0.9688079833984347,0.3897211866365808,22.25251665213372
79.03333333333141,25.481975555419922,-68.32107543945312,0.9789245605468722,0.38631118506766027,22.30287084560734
79.06666666666474,25.473936080932617,-68.3111572265625,0.9888427734374972,0.38301917351250786,22.387841057501245
79.09999999999808,25.4658260345459,-68.30142974853516,0.9985702514648409,0.37994343401415265,22.387841057501245
79.13333333333141,25.457651138305664,-68.29188537597656,1.0081146240234347,0.3770034197036573,22.416794438372264
79.16666666666474,25.44940948486328,-68.28251647949219,1.0174835205078097,0.3743407078041971,22.50741841039724
79.19999999999807,25.441102981567383,-68.27332305908203,1.026676940917966,0.37170590291033073,22.534187455183876
79.2333333333314,25.43273162841797,-68.26428985595703,1.035710144042966,0.36947324805017084,22.60387145088465
79.26666666666473,25.424299240112305,-68.25541687011719,1.0445831298828097,0.3672213844895351,22.660534103437225
79.29999999999806,25.41580581665039,-68.24668884277344,1.0533111572265597,0.36535603604563033,22.701299591466874
79.3333333333314,25.407258987426758,-68.23812103271484,1.0618789672851534,0.3630565976267002,22.76044362069594
79.36666666666473,25.398658752441406,-68.22969055175781,1.0703094482421847,0.3612939881497039,22.78085648735266
79.39999999999806,25.3900089263916,-68.22139739990234,1.0786026000976534,0.35949446803917595,22.849801209857993
79.43333333333139,25.381311416625977,-68.21324157714844,1.0867584228515597,0.35769778979558914,22.90301203886246
79.46666666666472,25.372568130493164,-68.20520782470703,1.094792175292966,0.35621286841020916,22.980617319622684
79.49999999999805,25.363780975341797,-68.19730377197266,1.102696228027341,0.3545692185649818,23.02819728249281
79.53333333333138,25.35495376586914,-68.18952178955078,1.110478210449216,0.35303114556604115,23.06149657430192
79.56666666666472,25.346088409423828,-68.18185424804688,1.1181457519531222,0.3516349866763999,23.06304354200004
79.59999999999805,25.337186813354492,-68.17430877685547,1.1256912231445284,0.35007898147955524,23.149073805515634
79.63333333333138,25.328250885009766,-68.16686248779297,1.1331375122070284,0.34895305209434013,23.17166963669246
79.66666666666471,25.319265365600586,-68.15951538085938,1.1404846191406222,0.34820623976569637,23.23696455307211
79.69999999999804,25.31023597717285,-68.15226745605469,1.1477325439453097,0.34735578650423693,23.2721670013442
79.73333333333137,25.301162719726562,-68.1451187133789,1.154881286621091,0.3465337938470913,23.32220452575654
79.7666666666647,25.292049407958984,-68.13805389404297,1.1619461059570284,0.34593021154600373,23.343285006983898
79.79999999999804,25.282896041870117,-68.13107299804688,1.1689270019531222,0.3453481108947773,23.40801746832455
79.83333333333137,25.273706436157227,-68.12417602539062,1.1758239746093722,0.3446960639193708,23.470874707195456
79.8666666666647,25.264636993408203,-68.11703491210938,1.1829650878906222,0.3463022691322034,23.489997722096753
79.89999999999803,25.255680084228516,-68.10965728759766,1.190342712402341,0.3481235541301036,23.539750117480114
79.93333333333136,25.246837615966797,-68.10205078125,1.1979492187499972,0.3499190840734389,23.55542897984442
79.9666666666647,25.23810577392578,-68.09422302246094,1.2057769775390597,0.35180532369492906,23.62602771171101
79.99999999999802,25.229318618774414,-68.08650207519531,1.2134979248046847,0.35091937834705705,23.656515144014385
80.03333333333136,25.220483779907227,-68.07888793945312,1.2211120605468722,0.34989497969914013,23.74539351405008
80.06666666666469,25.21160125732422,-68.07138061523438,1.2286193847656222,0.34890286890016636,23.795099862089018
80.09999999999802,25.202672958374023,-68.06396484375,1.2360351562499972,0.3481915707872253,23.808800083668675
80.13333333333135,25.193702697753906,-68.05664825439453,1.243351745605466,0.34727258724299764,23.864689855370575
80.16666666666468,25.1846923828125,-68.04943084716797,1.2505691528320284,0.3463366399554468,23.89977250309246
80.19999999999801,25.175643920898438,-68.04229736328125,1.2577026367187472,0.3456662115901467,23.953441704729396
80.23333333333134,25.16655921936035,-68.03524780273438,1.2647521972656222,0.34497144134861624,24.021597386050754
80.26666666666468,25.157440185546875,-68.02828979492188,1.2717102050781222,0.34411275095399463,24.03169400343827
80.29999999999801,25.14828872680664,-68.02140808105469,1.2785919189453097,0.3435061346492193,24.07393465833987
80.33333333333134,25.13909149169922,-68.01460266113281,1.2853973388671847,0.3432383815088603,24.09216463463774
80.36666666666467,25.129850387573242,-68.00786590576172,1.2921340942382784,0.34307971458159897,24.13541210490019
80.399999999998,25.120569229125977,-68.00119018554688,1.2988098144531222,0.34297904930055306,24.165681348204807
80.43333333333133,25.111248016357422,-67.99458312988281,1.3054168701171847,0.3427599346805554,24.21056305969701
80.46666666666466,25.101892471313477,-67.98804473876953,1.311955261230466,0.3424165639649642,24.30809784228426
80.499999999998,25.092500686645508,-67.98155975341797,1.3184402465820284,0.3423953691765205,24.298188882954218
80.53333333333133,25.083084106445312,-67.97514343261719,1.3248565673828097,0.3418435896089375,24.358297083904528
80.56666666666466,25.073646545410156,-67.96878814697266,1.331211853027341,0.3413377982648509,24.415000902614455
80.59999999999799,25.064170837402344,-67.96247863769531,1.3375213623046847,0.3415246032326045,24.438652611720933
80.63333333333132,25.054662704467773,-67.95622253417969,1.3437774658203097,0.34145143254891835,24.497829637772732
80.66666666666465,25.045122146606445,-67.95001983642578,1.349980163574216,0.34138853723945856,24.528660351019365
80.69999999999798,25.035551071166992,-67.94386291503906,1.3561370849609347,0.3414115543254853,24.54991782767819
80.73333333333132,25.02595329284668,-67.937744140625,1.3622558593749972,0.341468994367632,24.613157083824344
80.76666666666465,25.016326904296875,-67.93167877197266,1.368321228027341,0.34133626830528946,24.613157083824344
80.79999999999798,25.006675720214844,-67.92565155029297,1.3743484497070284,0.3413582865922747,24.68172739982781
80.83333333333131,24.99700164794922,-67.91966247558594,1.3803375244140597,0.3413371076256472,24.68754021806482
80.86666666666464,24.987306594848633,-67.9137191772461,1.3862808227539034,0.34115270012358606,24.742217209327773
80.89999999999797,24.97759246826172,-67.9078140258789,1.392185974121091,0.34104480822083827,24.804126939074866
80.9333333333313,24.967859268188477,-67.90194702148438,1.3980529785156222,0.3409416838817009,24.860036829320286
80.96666666666464,24.958106994628906,-67.8961181640625,1.4038818359374972,0.3408433314335449,24.880010400010136
80.99999999999797,24.948341369628906,-67.89031982421875,1.4096801757812472,0.3407188854845287,24.932889416472722
81.0333333333313,24.938560485839844,-67.88455963134766,1.415440368652341,0.3405304078149415,24.953013196355265
81.06666666666463,24.92876625061035,-67.87882995605469,1.4211700439453097,0.3404123975770186,24.985773849590863
81.09999999999796,24.918960571289062,-67.87313842773438,1.4268615722656222,0.3401328525967282,25.047737668828184
81.1333333333313,24.90914535522461,-67.86746978759766,1.432530212402341,0.34003639901099664,25.091402099329603
81.16666666666463,24.89931869506836,-67.8618392944336,1.4381607055664034,0.33976334821061444,25.10883496344595
81.19999999999796,24.889638900756836,-67.85588836669922,1.4441116333007784,0.34088233003756524,25.1568226398021
81.23333333333129,24.88010025024414,-67.8496322631836,1.4503677368164034,0.3422166219244796,25.17822567230541
81.26666666666462,24.870540618896484,-67.84342956542969,1.4565704345703097,0.3418684101177895,25.251845624094702
81.29999999999795,24.860958099365234,-67.83726501464844,1.4627349853515597,0.3418241217516077,25.268350376068323
81.33333333333128,24.851356506347656,-67.83114624023438,1.4688537597656222,0.3415654987331885,25.34438090731925
81.36666666666461,24.84173583984375,-67.8250732421875,1.4749267578124972,0.3413131646026244,25.35380477666876
81.39999999999795,24.83209991455078,-67.81903839111328,1.480961608886716,0.34109153517158214,25.40234102826174
81.43333333333128,24.822446823120117,-67.81304168701172,1.4869583129882784,0.34092282238860283,25.444220898619204
81.46666666666461,24.812780380249023,-67.80709075927734,1.4929092407226534,0.3405411763823657,25.477984643715168
81.49999999999794,24.803102493286133,-67.8011703491211,1.4988296508789034,0.3403549283266585,25.512261827051464
81.53333333333127,24.793411254882812,-67.7952880859375,1.5047119140624972,0.3401014697938655,25.550964119980428
81.5666666666646,24.78371238708496,-67.78944396972656,1.5105560302734347,0.3397051041159524,25.59417510824306
81.59999999999793,24.774002075195312,-67.78363800048828,1.516361999511716,0.33941050692502783,25.685888057546467
81.63333333333127,24.764284133911133,-67.77786254882812,1.5221374511718722,0.3391383231270229,25.691278133305946
81.6666666666646,24.754545211791992,-67.77210998535156,1.5278900146484347,0.3393298270637443,25.72627161915585
81.69999999999793,24.744787216186523,-67.7663803100586,1.5336196899414034,0.33947443420570506,25.794216381656337
81.73333333333126,24.735008239746094,-67.76068115234375,1.5393188476562472,0.33955544612482325,25.848765077414647
81.76666666666459,24.7252140045166,-67.75499725341797,1.5450027465820284,0.33972102622035455,25.84052460741252
81.79999999999792,24.715574264526367,-67.74901580810547,1.5509841918945284,0.3403410753864083,25.91146622923831
81.83333333333125,24.706083297729492,-67.74272918701172,1.5572708129882784,0.34152606044662176,25.957620330153834
81.86666666666459,24.69673728942871,-67.73615264892578,1.563847351074216,0.34283939668400515,25.97253258819733
81.89999999999792,24.68753433227539,-67.72930145263672,1.5706985473632784,0.34419468308124973,25.99461816982511
81.93333333333125,24.678468704223633,-67.7221908569336,1.5778091430664034,0.34564658960201833,26.05654030876427
81.96666666666458,24.669538497924805,-67.71481323242188,1.5851867675781222,0.3475055901391927,26.13872255732701
81.99999999999791,24.660736083984375,-67.70719909667969,1.5928009033203097,0.34915870152584666,26.13872255732701
82.03333333333124,24.652061462402344,-67.6993408203125,1.6006591796874972,0.35114300555341543,26.24410747705509
82.06666666666457,24.643508911132812,-67.69125366210938,1.6087463378906222,0.3531195759488552,26.286678480703806
82.0999999999979,24.63507652282715,-67.68294525146484,1.6170547485351534,0.35513571205680544,26.311133252488837
82.13333333333124,24.62676239013672,-67.67443084716797,1.6255691528320284,0.35701245725078495,26.38090037398271
82.16666666666457,24.618558883666992,-67.66570281982422,1.6342971801757784,0.3593443776391721,26.418998293509286
82.1999999999979,24.6104679107666,-67.65678405761719,1.6432159423828097,0.3612580042052798,26.45432374926688
82.23333333333123,24.60248374938965,-67.64767456054688,1.6523254394531222,0.36339619259223926,26.50350002525941
82.26666666666456,24.5946044921875,-67.63838958740234,1.6616104125976534,0.3653273577451422,26.54989355168305
82.2999999999979,24.58682632446289,-67.6289291381836,1.6710708618164034,0.3674234523209321,26.603463467030032
82.33333333333123,24.57914924621582,-67.61930084228516,1.680699157714841,0.36942854666032204,26.603463467030032
82.36666666666456,24.571569442749023,-67.60950469970703,1.690495300292966,0.3715858541516314,26.682138835044913
82.39999999999789,24.564083099365234,-67.59955596923828,1.700444030761716,0.37352418620465955,26.783187375092577
82.43333333333122,24.55668830871582,-67.58946228027344,1.7105377197265597,0.37537839189397026,26.83140614557615
82.46666666666455,24.54920768737793,-67.57952880859375,1.7204711914062472,0.3730552233796658,26.86647113609634
82.49999999999788,24.541645050048828,-67.56976318359375,1.7302368164062472,0.3705466549719898,26.923352417807003
82.53333333333121,24.53400421142578,-67.56015014648438,1.7398498535156222,0.36839327843583025,26.958087511097578
82.56666666666455,24.526288986206055,-67.55068969726562,1.7493103027343722,0.3662271421542743,26.992698169465275
82.59999999999788,24.51850128173828,-67.5413818359375,1.7586181640624972,0.36408262941657205,27.05772363954428
82.63333333333121,24.51064682006836,-67.53221130371094,1.7677886962890597,0.3622321168786997,27.095614513637805
82.66666666666454,24.50272560119629,-67.52317810058594,1.7768218994140597,0.360430326700012,27.161983286692244
82.69999999999787,24.49474334716797,-67.51427459716797,1.7857254028320284,0.3587337135505602,27.219286428206335
82.7333333333312,24.48686408996582,-67.50516510009766,1.794834899902341,0.36132958339786686,27.30262310222338
82.76666666666453,24.479087829589844,-67.49585723876953,1.804142761230466,0.36386241513067713,27.317505423068976
82.79999999999787,24.471410751342773,-67.4863510131836,1.8136489868164034,0.3665723254313338,27.36859562319795
82.8333333333312,24.463830947875977,-67.4766616821289,1.823338317871091,0.36905677231875555,27.435510952763327
82.86666666666453,24.45634651184082,-67.466796875,1.8332031249999972,0.3714809311517598,27.46110156045696
82.89999999999786,24.44895362854004,-67.45675659179688,1.8432434082031222,0.37405321716051565,27.520908717863122
82.93333333333119,24.441478729248047,-67.4468765258789,1.853123474121091,0.37167302803936375,27.540319751104075
82.96666666666452,24.43392562866211,-67.4371566772461,1.8628433227539034,0.3692862132756499,27.632604799049584
82.99999999999785,24.426300048828125,-67.4275894165039,1.872410583496091,0.3670337195982464,27.679098224913563
83.03333333333119,24.418603897094727,-67.41816711425781,1.8818328857421847,0.36497873637817807,27.722568298880496
83.06666666666452,24.410839080810547,-67.40888977050781,1.8911102294921847,0.3629398449942545,27.79895833110109
83.09999999999785,24.40300941467285,-67.39974975585938,1.9002502441406222,0.361052884826146,27.847722684704923
83.13333333333118,24.395118713378906,-67.39073944091797,1.9092605590820284,0.359310517558614,27.927765099870243
83.16666666666451,24.387170791625977,-67.38186645507812,1.9181335449218722,0.3573645255397975,27.94982913132213
83.19999999999784,24.379165649414062,-67.37310791015625,1.9268920898437472,0.3559704620938704,27.990285067649708
83.23333333333117,24.37110710144043,-67.3644790649414,1.935520935058591,0.3541997299075284,28.051425396072766
83.2666666666645,24.362998962402344,-67.35596466064453,1.944035339355466,0.3527226945809115,28.12194244321867
83.29999999999784,24.354843139648438,-67.3475570678711,1.9524429321289034,0.35140369225917945,28.11353094364632
83.33333333333117,24.34662628173828,-67.3392562866211,1.9607437133789034,0.3503965624095705,28.190365957145104
83.3666666666645,24.33835220336914,-67.3310546875,1.9689453124999972,0.3495052802199502,28.219034646077315
83.39999999999783,24.330039978027344,-67.32295227050781,1.9759938752646449,0.34823558997220405,26.82846634662377
83.43333333333116,24.32168960571289,-67.31495666503906,1.9737204481494026,0.34683221035783446,26.752915948276364
83.4666666666645,24.31346893310547,-67.30672454833984,1.9716887186331844,0.3490164510752685,26.69087674221317
83.49999999999783,24.305374145507812,-67.29827880859375,1.9698824619825295,0.35095654360465406,26.687207396536028
83.53333333333116,24.29740333557129,-67.28961181640625,1.9683044793285494,0.3532499230858092,26.63126957045495
83.56666666666449,24.289552688598633,-67.2807388305664,1.966942911336909,0.3554240875953823,26.575479476929935
83.59999999999782,24.281631469726562,-67.27198791503906,1.965453619042111,0.35410705709905577,26.508421630946295
83.63333333333115,24.273643493652344,-67.26333618164062,1.9638528271776274,0.353262264194659,26.481659114257283
83.66666666666448,24.26559066772461,-67.25479888916016,1.962133369213196,0.35207958118515387,26.40989189930661
83.69999999999781,24.257474899291992,-67.24636840820312,1.9603011748159855,0.3510624385730535,26.3412726544975
83.73333333333115,24.24930191040039,-67.23802947998047,1.9583696675883482,0.3502883443570024,26.328829445797503
83.76666666666448,24.241073608398438,-67.22978973388672,1.9563360463991715,0.34934013879360154,26.282594924110185
83.79999999999781,24.232791900634766,-67.22164154052734,1.9542062409156162,0.3485423426990805,26.22120376371934
83.83333333333114,24.224458694458008,-67.21358489990234,1.9519818154057127,0.34773065008750587,26.181393365367352
83.86666666666447,24.21607780456543,-67.20561981201172,1.9496658984055122,0.34686271988671435,26.124245657326707
83.8999999999978,24.207651138305664,-67.19773864746094,1.9472644195821731,0.34613481916294847,26.076183515302684
83.93333333333113,24.199182510375977,-67.18993377685547,1.94478487287088,0.34550006911957915,26.01166972573176
83.96666666666447,24.190671920776367,-67.18221282958984,1.9422228928725085,0.3447301057499726,25.960721393599762
83.9999999999978,24.1821231842041,-67.17456817626953,1.9395859735222432,0.3440486291685829,25.95586882035305
84.03333333333113,24.173538208007812,-67.16699981689453,1.9368756790881,0.34334194606543517,25.888102241119064
84.06666666666446,24.164905548095703,-67.15949249267578,1.9340913547602252,0.34321197629921585,25.828348660732658
84.09999999999779,24.156225204467773,-67.15204620361328,1.9312330005385963,0.3430976940626707,25.801767423686485
84.13333333333112,24.14750099182129,-67.14466094970703,1.9283037449592813,0.34291176037688315,25.739360869140498
84.16666666666445,24.138736724853516,-67.13733673095703,1.9253067165583237,0.34265273996019724,25.693325160154412
84.19999999999779,24.129932403564453,-67.13007354736328,1.922241915335721,0.34240753255412254,25.665526954853657
84.23333333333112,24.121089935302734,-67.12285614013672,1.9191196363577863,0.3424210724096664,25.602078256008326
84.26666666666445,24.112207412719727,-67.1156997680664,1.9159295845582012,0.3422010838407052,25.579360787370383
84.29999999999778,24.103282928466797,-67.10858154296875,1.9126832918663772,0.34246750641414725,25.528947973245735
84.33333333333111,24.094322204589844,-67.10150909423828,1.909381085687238,0.34246560863785463,25.45924982413994
84.36666666666444,24.085325241088867,-67.094482421875,1.9060229660207777,0.3424726690772921,25.45924982413994
84.39999999999777,24.0762939453125,-67.0875015258789,1.9026104971350375,0.3424434129570242,25.415051753016822
84.4333333333311,24.067230224609375,-67.08055877685547,1.8991496086971726,0.3425164482007093,25.371930896951987
84.46666666666444,24.058135986328125,-67.07366180419922,1.895637499576068,0.34241212239564744,25.318177802353237
84.49999999999777,24.049013137817383,-67.06680297851562,1.8920800994388909,0.34240746083736057,25.25019549765624
84.5333333333311,24.03986358642578,-67.05997467041016,1.8884833379528119,0.34249974310310294,25.20549414099086
84.56666666666443,24.030691146850586,-67.05319213867188,1.8848416128555863,0.3422320062286131,25.193078900342485
84.59999999999776,24.021493911743164,-67.04644012451172,1.8811620906774833,0.34228781157985977,25.133836478111988
84.6333333333311,24.01227569580078,-67.03972625732422,1.8774435345554052,0.34212039692864094,25.10957481395515
84.66666666666443,24.00303840637207,-67.03305053710938,1.8736875087573759,0.34191151010017706,25.02926514547668
84.69999999999776,23.9937801361084,-67.02639770507812,1.8699011798136524,0.34202071294015984,25.031690349104363
84.73333333333109,23.984506607055664,-67.01978302001953,1.8660805097300295,0.3417267322944793,25.00084088511039
84.76666666666442,23.975217819213867,-67.0132064819336,1.8622254985065128,0.34143694804330993,24.95353312654165
84.79999999999775,23.965913772583008,-67.00665283203125,1.8583448769413777,0.3414147765937004,24.91064784481956
84.83333333333108,23.95659828186035,-67.00012969970703,1.8544374081715311,0.3411695479535739,24.886560067043693
84.86666666666441,23.947269439697266,-66.9936294555664,1.8505058933280962,0.34110470971880413,24.837713619355416
84.89999999999775,23.937931060791016,-66.98716735839844,1.8465447301488298,0.34068698003367875,24.783956662404893
84.93333333333108,23.9285831451416,-66.98072814941406,1.8425626494320237,0.3405322971462684,24.72029125522447
84.96666666666441,23.919227600097656,-66.97431182861328,1.838561215445697,0.34033197927765335,24.717837831230852
84.99999999999774,23.90986442565918,-66.96792602539062,1.834536062790716,0.3400040683983723,24.6472963855724
85.03333333333107,23.900495529174805,-66.96156311035156,1.8304931211342415,0.33975964771634637,24.641922575253552
85.0666666666644,23.89112091064453,-66.95523071289062,1.8264280250771319,0.3393883574495307,24.561517917058154
85.09999999999773,23.881744384765625,-66.94891357421875,1.822352633953714,0.33917979111637464,24.50645752697131
85.13333333333107,23.87236213684082,-66.942626953125,1.8182550884296658,0.33881169225544133,24.48895933292414
85.1666666666644,23.862977981567383,-66.93635559082031,1.8141472478393152,0.3386046659710645,24.493837171480177
85.19999999999773,23.853586196899414,-66.93010711669922,1.8100200539794413,0.3384141593998751,24.424019476776213
85.23333333333106,23.84418296813965,-66.92387390136719,1.80587474371314,0.33844691760386525,24.41520826443253
85.26666666666439,23.834774017333984,-66.91765594482422,1.8017160098444922,0.33833741287402563,24.338667489919114
85.29999999999772,23.825361251831055,-66.91145324707031,1.797545416641504,0.3381807984725199,24.31062508790541
85.33333333333105,23.815940856933594,-66.9052734375,1.7933554701690029,0.33799481906456885,24.25732359837113
85.36666666666439,23.8065185546875,-66.89910125732422,1.7891595940293357,0.3379171924675413,24.219719685319134
85.39999999999772,23.79709243774414,-66.89295196533203,1.7849474931561995,0.337637268931558,24.18719154128146
85.43333333333105,23.78766632080078,-66.88681030273438,1.7807310268839214,0.33751226656819866,24.189615547061106
85.46666666666438,23.778236389160156,-66.88068389892578,1.7765027012773134,0.3373585495219163,24.105691638309576
85.49999999999771,23.768808364868164,-66.87457275390625,1.772267209140457,0.3370613622919761,24.067116504194452
85.53333333333104,23.759380340576172,-66.86847686767578,1.7680229862053196,0.3368125946081767,24.03598162737155
85.56666666666437,23.74995231628418,-66.86239624023438,1.7637700324719012,0.3365642656587591,23.987706444748945
85.5999999999977,23.740528106689453,-66.85633087158203,1.7595114764762587,0.336220137762082,23.97135629953872
85.63333333333104,23.731107711791992,-66.85027313232422,1.755251683617515,0.3360000601871609,23.93828607283794
85.66666666666437,23.721689224243164,-66.84423065185547,1.7509847242285257,0.3357045280159177,23.866482775626782
85.6999999999977,23.712276458740234,-66.83819580078125,1.7467180922444705,0.33543646747339223,23.854236321511717
85.73333333333103,23.70286750793457,-66.83218383789062,1.7424414925990523,0.33496992067272646,23.854236321511717
85.76666666666436,23.693466186523438,-66.82617950439453,1.7381667846265898,0.3346538189038994,23.773433810477986
85.7999999999977,23.684070587158203,-66.82018280029297,1.7338924040590615,0.3343859637639119,23.761413057838247
85.83333333333103,23.674680709838867,-66.814208984375,1.7296096200981863,0.3338721992388115,23.663680495983712
85.86666666666436,23.665287017822266,-66.8082275390625,1.7253280730004095,0.33409164005744435,23.64110400949708
85.89999999999769,23.655887603759766,-66.80226135253906,1.7210331023002703,0.33399091262442004,23.61238324679513
85.93333333333102,23.646682739257812,-66.79598236083984,1.7170766683034098,0.3342749475093179,23.567906888165417
85.96666666666435,23.637664794921875,-66.78941345214844,1.713439417740302,0.334703590207649,23.486024962437522
85.99999999999768,23.628828048706055,-66.78255462646484,1.7101166578068792,0.33558667449209884,23.492684303501647
86.03333333333102,23.620166778564453,-66.77542877197266,1.7070905995016419,0.33647564910207806,23.431442275782864
86.06666666666435,23.611675262451172,-66.76803588867188,1.7043565500205229,0.33776398928982476,23.382721765796695
86.09999999999768,23.603351593017578,-66.76039123535156,1.701904214297203,0.33904539151086693,23.34212218497128
86.13333333333101,23.59518814086914,-66.75251007080078,1.6997186044613195,0.3404103921602393,23.272141384978863
86.16666666666434,23.58717918395996,-66.744384765625,1.6977993931079223,0.3422682828942921,23.267373078701038
86.19999999999767,23.57932472229004,-66.73603820800781,1.6961334840396074,0.3438340194965768,23.250599758461945
86.233333333331,23.57161521911621,-66.72747039794922,1.6947130559162333,0.3457736652040834,23.173648099187307
86.26666666666434,23.564048767089844,-66.71869659423828,1.6935278136715086,0.34757408568942405,23.13227283299067
86.29999999999767,23.556621551513672,-66.709716796875,1.6925746287693817,0.34960014689709545,23.075435052982755
86.333333333331,23.549327850341797,-66.70055389404297,1.6918357122083505,0.35134196815136015,23.043045753463016
86.36666666666433,23.542165756225586,-66.69119262695312,1.6913182305186831,0.3536043301363397,22.986831250725707
86.39999999999766,23.535131454467773,-66.6816635131836,1.6910015935677571,0.3553264265536279,22.986831250725707
86.43333333333099,23.52821922302246,-66.67195129394531,1.6908898393497838,0.3576248473993475,22.89288504789972
86.46666666666432,23.521427154541016,-66.6620864868164,1.6909639420001783,0.35930760157898994,22.829614856273214
86.49999999999766,23.514753341674805,-66.65205383300781,1.6912310680491927,0.36148932011148543,22.829614856273214
86.53333333333099,23.50819206237793,-66.6418685913086,1.6916777938944776,0.36347019277348513,22.721066509443084
86.56666666666432,23.501741409301758,-66.63153839111328,1.6922981898688696,0.36536497514940325,22.710484787396275
86.59999999999765,23.495208740234375,-66.62136840820312,1.6927596489362455,0.362620856795537,22.672736655300614
86.63333333333098,23.488601684570312,-66.61134338378906,1.693077158967003,0.3601928221737804,22.626928461758
86.66666666666431,23.481918334960938,-66.6014633178711,1.6932491556930986,0.3578471434706257,22.563278124495415
86.69999999999764,23.47516632080078,-66.59172821044922,1.6932818961866491,0.35542342432788054,22.52740083429058
86.73333333333098,23.468345642089844,-66.5821304321289,1.6931797458467772,0.3532351993889157,22.52740083429058
86.7666666666643,23.461462020874023,-66.57266235351562,1.6929517628767172,0.3511778442657634,22.435344791945408
86.79999999999764,23.454517364501953,-66.56332397460938,1.6925995115444827,0.34912779243501735,22.4056792390787
86.83333333333097,23.4475154876709,-66.55410766601562,1.6921304857852562,0.34723185471272866,22.351436533212116
86.8666666666643,23.44045639038086,-66.54501342773438,1.691544685599046,0.34537287389103216,22.264571305122082
86.89999999999763,23.4333438873291,-66.5360336303711,1.6908496049210506,0.3436597362394544,22.228704160789693
86.93333333333096,23.426183700561523,-66.52716827392578,1.6900499365553274,0.34187210694079784,22.174480461922208
86.9666666666643,23.41897201538086,-66.5184097290039,1.6891469173649774,0.34036518779710834,22.14197212477846
86.99999999999763,23.411718368530273,-66.50975799560547,1.6881483686901229,0.33870502666418867,22.088016540750928
87.03333333333096,23.4044189453125,-66.50121307373047,1.6870511619947148,0.33714617341120917,22.071806485985565
87.06666666666429,23.397079467773438,-66.49275970458984,1.6858687208811023,0.33584913627500457,21.977395388771832
87.09999999999762,23.389699935913086,-66.48440551757812,1.6845966799501566,0.33440235943282853,21.95627074910774
87.13333333333095,23.38228416442871,-66.47614288330078,1.6832425331370524,0.3330740348911106,21.909079502568996
87.16666666666428,23.374834060668945,-66.46797180175781,1.6818078447098253,0.33172813816709407,21.85122613946285
87.19999999999762,23.367351531982422,-66.45988464355469,1.6802985443356413,0.33053188501613023,21.790229705032544
87.23333333333095,23.35983657836914,-66.4518814086914,1.6787146320144948,0.3293534066590908,21.767179733185724
87.26666666666428,23.352294921875,-66.44396209716797,1.6770608005504595,0.3280744883601544,21.69925831392084
87.29999999999761,23.344722747802734,-66.43612670898438,1.6753339214074972,0.32689144276267484,21.69984169636215
87.33333333333094,23.337127685546875,-66.42835998535156,1.6735489824559702,0.32589303458800883,21.634098537874767
87.36666666666427,23.32950782775879,-66.4206771850586,1.671695688629587,0.32462114494756067,21.5602350797894
87.3999999999976,23.32186508178711,-66.41305541992188,1.6697887003937781,0.3238094853586515,21.539628703065876
87.43333333333094,23.31420135498047,-66.40550994873047,1.6678208512183037,0.32264556352202856,21.496043758013545
87.46666666666427,23.3065185546875,-66.39803314208984,1.6657980707703217,0.32161351354481565,21.463126035146587
87.4999999999976,23.298816680908203,-66.390625,1.6637203590498377,0.32059239860293276,21.448743612187368
87.53333333333093,23.291101455688477,-66.3832778930664,1.6615967742600641,0.3196157262030289,21.351409418725538
87.56666666666426,23.283369064331055,-66.37599182128906,1.6594241878649407,0.31873036605263055,21.304191800149727
87.59999999999759,23.275625228881836,-66.36876678466797,1.6572072926685553,0.31772838632494027,21.2862468422139
87.63333333333092,23.267866134643555,-66.36160278320312,1.6549429601348447,0.3168182670682539,21.238012255158527
87.66666666666426,23.260095596313477,-66.3544921875,1.6526386841990106,0.3159867931943703,21.21624766156947
87.69999999999759,23.252315521240234,-66.3474349975586,1.6502960291290778,0.31511926030145,21.161999047366496
87.73333333333092,23.244508743286133,-66.34042358398438,1.6479052819119624,0.31479379298208315,21.120853708806788
87.76666666666425,23.236677169799805,-66.33345794677734,1.6454680068156757,0.3144332687146228,21.072167847417475
87.79999999999758,23.228809356689453,-66.32652282714844,1.6429835490303546,0.31464031951737303,21.02929753090466
87.83333333333091,23.22090721130371,-66.31961822509766,1.6404534728240343,0.31481055900232013,20.985746486051237
87.86666666666424,23.212751388549805,-66.31304168701172,1.637527636807378,0.31431110096531634,20.947436349968882
87.89999999999758,23.2043514251709,-66.3067855834961,1.6342182277196493,0.3142107483340814,20.938418870842995
87.9333333333309,23.19571876525879,-66.30083465576172,1.6305433619672953,0.31455162096562855,20.916829971413843
87.96666666666424,23.186857223510742,-66.29518127441406,1.6265105334854955,0.3153393069900496,20.85308931322683
87.99999999999757,23.177780151367188,-66.2898178100586,1.6221350575495577,0.31629731224357927,20.864514652161223
88.0333333333309,23.168493270874023,-66.28472900390625,1.617430357761844,0.31769149754974324,20.84570656495063
88.06666666666423,23.159006118774414,-66.2799072265625,1.6124086208616215,0.319264831358609,20.810103778603786
88.09999999999756,23.149324417114258,-66.27534484863281,1.6070789050520944,0.32108499726492157,20.783384335732077
88.1333333333309,23.13945770263672,-66.27102661132812,1.6014577624716764,0.3231088132514901,20.77521869246673
88.16666666666423,23.129413604736328,-66.26695251464844,1.5955514501924657,0.3251675717983958,20.794822258399904
88.19999999999756,23.119197845458984,-66.26311492919922,1.589369026417677,0.3273834444858526,20.754789301080887
88.23333333333089,23.108816146850586,-66.2594985961914,1.5829239147496679,0.32980566607794143,20.730200094763315
88.26666666666422,23.098276138305664,-66.25609588623047,1.5762267376596695,0.3322697604127714,20.760729442873345
88.29999999999755,23.08758544921875,-66.25289916992188,1.5692881176189213,0.3347519163195685,20.73306182321615
88.33333333333088,23.07672691345215,-66.24991607666016,1.5620896108160645,0.3378253690331878,20.7812225514134
88.36666666666422,23.065710067749023,-66.24712371826172,1.5546521347886466,0.3409565063239143,20.75174329767931
88.39999999999755,23.05453872680664,-66.2445297241211,1.5469744526735723,0.3440565326327925,20.72969395545307
88.43333333333088,23.043222427368164,-66.24211883544922,1.5390731166092415,0.3471079305525821,20.75380675767664
88.46666666666421,23.03176498413086,-66.23988342285156,1.5309556205308534,0.35020432252620365,20.72844555224273
88.49999999999754,23.020170211791992,-66.23782348632812,1.5226250929744516,0.35329007297640885,20.75720849884019
88.53333333333087,23.008445739746094,-66.23593139648438,1.5140921564112726,0.3562848914263531,20.745549867624494
88.5666666666642,22.99659538269043,-66.23419952392578,1.5053643047765184,0.3592872255109321,20.768801625274172
88.59999999999754,22.98462677001953,-66.23262023925781,1.4964521605414227,0.36217074204803545,20.797652163468992
88.63333333333087,22.97254180908203,-66.23119354248047,1.4873572879739994,0.3650665283203125,20.80412632918976
88.6666666666642,22.96034812927246,-66.22991180419922,1.4780903095455042,0.3678257906780735,20.847351487001735
88.69999999999753,22.94805145263672,-66.22877502441406,1.468655918060008,0.37047330822550895,20.82139614471099
88.73333333333086,22.935653686523438,-66.22776794433594,1.4590644085838134,0.37315805417415693,20.881527016195136
88.7666666666642,22.923160552978516,-66.22689819335938,1.4493161085218458,0.3757011675244506,20.88445811564644
88.79999999999752,22.91057586669922,-66.22615051269531,1.4394228772084523,0.37820631884113515,20.88327646684467
88.83333333333086,22.897905349731445,-66.22552490234375,1.4293894074476978,0.3805785722927068,20.937439826368532
88.86666666666419,22.885150909423828,-66.22502136230469,1.4192172635076088,0.3829312864188015,20.938271480431947
88.89999999999752,22.872316360473633,-66.2246322631836,1.408913939323374,0.38521336995604916,20.966920143995747
88.93333333333085,22.859407424926758,-66.22434997558594,1.3984884930982087,0.387360649675528,20.985913298200703
88.96666666666418,22.846426010131836,-66.22417449951172,1.3879424891001393,0.38947802214938365,20.999861519131688
88.99999999999751,22.833377838134766,-66.22410583496094,1.377280620133237,0.39145057996776234,21.031011787753286
89.03333333333084,22.820262908935547,-66.22413635253906,1.3665072515966488,0.3934489411610936,21.051407137025958
89.06666666666418,22.807065963745117,-66.2242660522461,1.3556098693461685,0.3959274756011363,21.0924161869115
89.09999999999751,22.793790817260742,-66.22449493408203,1.3445916019178528,0.39831358371111625,21.11441181707134
89.13333333333084,22.780439376831055,-66.22481536865234,1.333458378978855,0.4006585527293917,21.149454522516088
89.16666666666417,22.767017364501953,-66.22522735595703,1.3222148933332618,0.4028500138408837,21.20222035265123
89.1999999999975,22.75352668762207,-66.2257308959961,1.3108627092490839,0.4050021280481244,21.2499513387143
89.23333333333083,22.739973068237305,-66.226318359375,1.2994108849295551,0.4069903444601425,21.267717250197705
89.26666666666416,22.726356506347656,-66.22698974609375,1.28785942037466,0.40899311245871384,21.327201499606335
89.2999999999975,22.71268081665039,-66.22773742675781,1.2762158095195886,0.41088339412073965,21.37338584205167
89.33333333333083,22.698930740356445,-66.22856903076172,1.2644631728210145,0.4132560307820889,21.385561754130453
89.36666666666416,22.685108184814453,-66.22948455810547,1.2526030745469545,0.4155852605973311,21.42268176319733
89.39999999999749,22.67121696472168,-66.23047637939453,1.240643008632588,0.41779748039185094,21.47504926103227
89.43333333333082,22.657258987426758,-66.23153686523438,1.2285889047451004,0.41994616838811294,21.4977398803053
89.46666666666415,22.643239974975586,-66.23267364501953,1.2164410902894123,0.4219508034681848,21.5394319601217
89.49999999999748,22.629159927368164,-66.23387908935547,1.2042039306646601,0.4239466393390556,21.5394319601217
89.53333333333082,22.615026473999023,-66.23515319824219,1.191883682942958,0.4257229989483765,21.633947803356474
89.56666666666415,22.60083770751953,-66.23649597167969,1.1794787828562734,0.4275648737239941,21.69027638848895
89.59999999999748,22.58660125732422,-66.2378921508789,1.1670042182749927,0.4291424559140589,21.72568126465288
89.63333333333081,22.572317123413086,-66.2393569946289,1.154451258400822,0.430771428860805,21.784603771954615
89.66666666666414,22.5579891204834,-66.24088287353516,1.1418273971689652,0.4322707218291623,21.820226252693235
89.69999999999747,22.543617248535156,-66.24246978759766,1.1291326345794062,0.4337765549042362,21.87686974610266
89.7333333333308,22.529207229614258,-66.24411010742188,1.1163760288353761,0.4350923637387106,21.938601407998878
89.76666666666414,22.514759063720703,-66.24580383300781,1.1035575799368753,0.4364130883043296,21.99389092587211
89.79999999999747,22.500471115112305,-66.24723052978516,1.0910233185223488,0.4307700607257265,22.041524060795258
89.8333333333308,22.486339569091797,-66.24840545654297,1.0787613852574909,0.42540914568725313,22.040077883584022
89.86666666666413,22.472360610961914,-66.24933624267578,1.0667642862070947,0.4202973589018227,22.154088565339244
89.89999999999746,22.458526611328125,-66.25003051757812,1.0550213988999286,0.4155423048943757,22.206397989958198
89.9333333333308,22.444835662841797,-66.25049591064453,1.0435267936688266,0.4109656859707322,22.26131661833571
89.96666666666412,22.431283950805664,-66.25074005126953,1.0322729765786034,0.4066173303974366,22.286398997695496
89.99999999999746,22.417865753173828,-66.25077056884766,1.02125088942603,0.40254697006513906,22.33177133997556
90.03333333333079,22.404577255249023,-66.25059509277344,1.0104530382759347,0.39868969394147313,22.368179192911157
90.06666666666412,22.391416549682617,-66.25022888183594,0.9998691280620041,0.39497399067627603,22.396200373615933
90.09999999999745,22.37837791442871,-66.24967193603516,0.989494465980165,0.39151574440687986,22.43116715957343
90.13333333333078,22.36545753479004,-66.24893188476562,0.9793215580952235,0.38824669644447385,22.547826871258017
90.16666666666411,22.35265350341797,-66.24801635742188,0.9693444747400191,0.38510163427944993,22.56798186266192
90.19999999999744,22.339962005615234,-66.2469253540039,0.9595600873785054,0.3821491390038029,22.61251954882934
90.23333333333078,22.32737922668457,-66.24568176269531,0.9499521712772082,0.37932250192243544,22.65217833482893
90.26666666666411,22.314903259277344,-66.24427032470703,0.9405278929663813,0.37666660051940976,22.68586449634039
90.29999999999744,22.30253028869629,-66.24271392822266,0.931271027712561,0.3741142792177247,22.762063511471663
90.33333333333077,22.29025650024414,-66.24101257324219,0.9221784469796902,0.37173437097461454,22.79310720399933
90.3666666666641,22.278078079223633,-66.23917388916016,0.9132426568325865,0.36949320418058507,22.84713262897338
90.39999999999743,22.2659969329834,-66.23719787597656,0.904465221539269,0.36725039186051106,22.854509097135686
90.43333333333076,22.254005432128906,-66.23509216308594,0.8958355186284952,0.3652493772327724,22.87995664323195
90.4666666666641,22.24210548400879,-66.23286437988281,0.8873507469691666,0.36320050238875745,22.986952969347143
90.49999999999743,22.23029136657715,-66.23051452636719,0.8790062137571939,0.3613663847262789,23.04010075009902
90.53333333333076,22.21856117248535,-66.2280502319336,0.8707959893254107,0.3595875142965905,23.023710022726114
90.56666666666409,22.2069149017334,-66.22547149658203,0.862720073673825,0.3578504556334633,23.103071308611785
90.59999999999742,22.19534683227539,-66.22279357910156,0.8547650432000796,0.3562194909262321,23.11386015978774
90.63333333333075,22.18385887145996,-66.22000885009766,0.8469368275713411,0.3546197447828309,23.168076942311316
90.66666666666409,22.17244529724121,-66.21713256835938,0.83922200318525,0.35311245485878345,23.207399423825454
90.69999999999742,22.161108016967773,-66.21415710449219,0.8316264997089748,0.3516369979127226,23.253909660458355
90.73333333333075,22.14984130859375,-66.21109008789062,0.8241412589393035,0.3503009814111214,23.291402028513033
90.76666666666408,22.138643264770508,-66.20793914794922,0.8167603512090665,0.34898731665125243,23.30785217411321
90.79999999999741,22.12751579284668,-66.20470428466797,0.8094853407862942,0.3476441782592748,23.354708783826037
90.83333333333074,22.116455078125,-66.20138549804688,0.8023130991349239,0.34643668874941547,23.396669426285982
90.86666666666407,22.105459213256836,-66.197998046875,0.7952333311886722,0.3451745684095017,23.437403847717643
90.8999999999974,22.094526290893555,-66.19453430175781,0.7882488380786316,0.3440547768517943,23.46615413162186
90.93333333333074,22.083656311035156,-66.19100189208984,0.7813552544056823,0.34288619418972255,23.506769201324595
90.96666666666407,22.072847366333008,-66.1874008178711,0.7745510159017807,0.34179075322884883,23.53745063153514
90.9999999999974,22.062097549438477,-66.18373107910156,0.7678345582989133,0.34076823694748193,23.577998625707043
91.03333333333073,22.05140495300293,-66.18000030517578,0.7611999519299192,0.3397429371699772,23.642550095250296
91.06666666666406,22.040769577026367,-66.17621612548828,0.7546428313956458,0.3386563365170026,23.62665612477297
91.0999999999974,22.030187606811523,-66.17237091064453,0.7481644335591887,0.33776825448847625,23.663131261966736
91.13333333333073,22.019662857055664,-66.16847229003906,0.7417635215574686,0.33670853871555256,23.707863807235462
91.16666666666406,22.00918960571289,-66.1645278930664,0.7354310371872564,0.3357417684026294,23.73619326299804
91.19999999999739,21.998767852783203,-66.16053009033203,0.7291713458476917,0.33486687615735244,23.791816003167988
91.23333333333072,21.9883975982666,-66.15648651123047,0.722980082139646,0.3339213075272665,23.813401618847582
91.26666666666405,21.978076934814453,-66.15239715576172,0.7168556817950837,0.33303908181785097,23.8420078203641
91.29999999999738,21.967803955078125,-66.14826202392578,0.7107965805459946,0.3322199349335209,23.84778246604622
91.33333333333071,21.957576751708984,-66.14408874511719,0.7047968487251958,0.33137705154584424,23.895730218388337
91.36666666666405,21.947397232055664,-66.1398696899414,0.698862415999859,0.3305763788502726,23.91806210354088
91.39999999999738,21.93726348876953,-66.1356201171875,0.6929829873036839,0.3296611281634306,23.937436553701136
91.43333333333071,21.927173614501953,-66.13133239746094,0.687161363767783,0.3288937410018311,23.968524158932194
91.46666666666404,21.91712760925293,-66.12701416015625,0.6813931799930143,0.32804337425819335,23.995272251391288
91.49999999999737,21.90712547302246,-66.12266540527344,0.6756784359793829,0.3271986527834078,24.017608906760426
91.5333333333307,21.89716339111328,-66.11827850341797,0.6700183685899687,0.32655655784143783,24.02705202226722
91.56666666666403,21.887243270874023,-66.1138687133789,0.6644058112945285,0.3256831748416743,24.04814704031288
91.59999999999737,21.877363204956055,-66.10942840576172,0.6588435652241686,0.32495973727647387,24.101113380052954
91.6333333333307,21.867523193359375,-66.10496520996094,0.6533272649797501,0.3241471124057901,24.08428281447936
91.66666666666403,21.857694625854492,-66.10045623779297,0.6478465427383241,0.32440470447975883,24.145752146063916
91.69999999999736,21.847877502441406,-66.09591674804688,0.6423926677016094,0.3244758717322219,24.132829707863376
91.73333333333069,21.83807373046875,-66.0913314819336,0.6369759349359034,0.3246917756878067,24.178901754297144
91.76666666666402,21.82828140258789,-66.08671569824219,0.6315860493749088,0.32477011865456,24.188942550219483
91.79999999999735,21.818504333496094,-66.08206939697266,0.6262261395546662,0.32474801918058827,24.225695607348158
91.83333333333069,21.808738708496094,-66.07738494873047,0.6208974423382823,0.32493128239202007,24.243213774231386
91.86666666666402,21.79898452758789,-66.07267761230469,0.6155912269274595,0.3249196135567953,24.22943211244542
91.89999999999735,21.78924560546875,-66.06793212890625,0.6103193526565308,0.32500706923816164,24.269502837302653
91.93333333333068,21.77952003479004,-66.06316375732422,0.6050715244592041,0.32494873951722386,24.28885707675607
91.96666666666401,21.769805908203125,-66.0583724975586,0.5998461780674416,0.3249436611775322,24.32158880666277
91.99999999999734,21.760107040405273,-66.05355834960938,0.5946464420173024,0.3248378846955081,24.358312434583414
92.03333333333067,21.75042152404785,-66.04871368408203,0.5894751174398969,0.3248876883840747,24.35516572687252
92.066666666664,21.74074935913086,-66.04385375976562,0.5843234735369403,0.3247347759147796,24.417240038098527
92.09999999999734,21.73109245300293,-66.03897094726562,0.5791974399756048,0.3246350635504766,24.45820315828351
92.13333333333067,21.72144889831543,-66.03407287597656,0.574091087088727,0.3244847059988921,24.461577343195675
92.166666666664,21.71181869506836,-66.0291519165039,0.5690087802754401,0.32443950289733214,24.467203187783575
92.19999999999733,21.702190399169922,-66.02420806884766,0.5639411339275925,0.32470161748976445,24.455579024523228
92.23333333333066,21.692564010620117,-66.01924133300781,0.5588881480451923,0.32496498161054105,24.511472569449303
92.266666666664,21.682937622070312,-66.01424407958984,0.5538526237593541,0.3253857839729481,24.53536526995532
92.29999999999733,21.673315048217773,-66.00923919677734,0.5488245934086985,0.3253897686820895,24.558945510698486
92.33333333333066,21.6636962890625,-66.00420379638672,0.5438171531906618,0.32571184550604954,24.61619492113536
92.36666666666399,21.65407943725586,-65.99915313720703,0.5388200080389225,0.3258737441682343,24.610615494638704
92.39999999999732,21.644468307495117,-65.99408721923828,0.5338362864895374,0.325934972240684,24.608411312704654
92.43333333333065,21.634859085083008,-65.98900604248047,0.5288628600064524,0.3260980854720971,24.653488621421957
92.46666666666398,21.62525749206543,-65.9839096069336,0.5239044213937573,0.3261101338241277,24.683666314343995
92.49999999999731,21.615659713745117,-65.97879791259766,0.5189578421153808,0.32622398885263565,24.728790318900973
92.53333333333065,21.606067657470703,-65.97367095947266,0.5140246864393615,0.32628802111895877,24.741630867291
92.56666666666398,21.596481323242188,-65.9685287475586,0.5091049543657045,0.32635277320553435,24.74137669133601
92.59999999999731,21.586902618408203,-65.96338653564453,0.50419147936414,0.32615109489184574,24.793416552014254
92.63333333333064,21.577329635620117,-65.95822143554688,0.49929579336406876,0.32632534782302525,24.810626970156672
92.66666666666397,21.567764282226562,-65.95305633544922,0.494406364436101,0.326123933660437,24.858935204489022
92.6999999999973,21.558208465576172,-65.9478759765625,0.48953348764653626,0.3260901333158974,24.846038166842295
92.73333333333063,21.54865837097168,-65.94269561767578,0.48466530366104477,0.3259392315063669,24.880951953113616
92.76666666666397,21.53911781311035,-65.9375,0.47981367181395634,0.32590645683142944,24.925105027324307
92.7999999999973,21.529586791992188,-65.93230438232422,0.47496986130699576,0.32565522555150545,24.93733108994961
92.83333333333063,21.520063400268555,-65.9271011352539,0.47013667327127184,0.32556396145277844,24.96170518645327
92.86666666666396,21.510549545288086,-65.9218978881836,0.46531130657568104,0.32531291858408434,25.002564588271714
92.89999999999729,21.50104522705078,-65.91667938232422,0.4605024920184881,0.32528200335134483,25.033658029713383
92.93333333333062,21.49155044555664,-65.91146850585938,0.45569713340228335,0.32492106462647813,25.03164167763498
92.96666666666395,21.482067108154297,-65.90625,0.4509055257933618,0.3247304151475818,25.044286242565228
92.99999999999729,21.472593307495117,-65.90103149414062,0.44612173952457335,0.3244797868909314,25.14815604442026
93.03333333333062,21.463130950927734,-65.89580535888672,0.4413517042630704,0.32428970589639894,25.1460240133985
93.06666666666395,21.453678131103516,-65.89058685302734,0.43658512494255336,0.32392861162627606,25.153534609857996
93.09999999999728,21.444236755371094,-65.88536834716797,0.4318279312301938,0.3236280908891969,25.163393854539773
93.13333333333061,21.4348087310791,-65.88014221191406,0.42708605279313894,0.3233884947988485,25.21295197763142
93.16666666666394,21.425390243530273,-65.87492370605469,0.42234763029707234,0.3230273053483025,25.21295197763142
93.19999999999727,21.415983200073242,-65.86970520019531,0.41761859340915797,0.3227270410209301,25.26613127027677
93.2333333333306,21.40658950805664,-65.86448669433594,0.4129005063974174,0.3223768412842114,25.31067891712311
93.26666666666394,21.397207260131836,-65.85926818847656,0.4081918049938314,0.32207676348061776,25.30952891019233
93.29999999999727,21.38783836364746,-65.85405731201172,0.4034896880672691,0.3216154681916233,25.367934725434473
93.3333333333306,21.378480911254883,-65.84884643554688,0.3987969567488672,0.32131547415290435,25.39043911073109
93.36666666666393,21.3691349029541,-65.84363555908203,0.39411361103860887,0.3210155669451578,25.375530412028755
93.39999999999726,21.35980224609375,-65.83843231201172,0.38943684980539633,0.3205542664401839,25.431836654270917
93.4333333333306,21.350482940673828,-65.83323669433594,0.38476667304921264,0.32009296600895215,25.457850217224294
93.46666666666393,21.341176986694336,-65.82804107666016,0.3801074461692057,0.3197431785842903,25.516776691167372
93.49999999999726,21.331884384155273,-65.8228530883789,0.37545480376622764,0.3192818753387676,25.54473987866846
93.53333333333059,21.32260513305664,-65.81766510009766,0.3708131112394344,0.31893220442921566,25.546006613745323
93.56666666666392,21.313339233398438,-65.81249237060547,0.366173637790531,0.318359269046327,25.550490767875534
93.59999999999725,21.304088592529297,-65.80731964111328,0.36154667848582583,0.3179596486981407,25.599548790346443
93.63333333333058,21.294851303100586,-65.80215454101562,0.35692630365816347,0.31749834252752424,25.61711941033447
93.66666666666391,21.285627365112305,-65.7969970703125,0.352312513307533,0.3170370364148731,25.61711941033447
93.69999999999725,21.276418685913086,-65.79183959960938,0.34771123710110063,0.31663756723254605,25.665341806575416
93.73333333333058,21.267223358154297,-65.78669738769531,0.3431121799725692,0.31606448133982834,25.700482766178396
93.76666666666391,21.258045196533203,-65.78156280517578,0.33852283585711845,0.3155032956301958,25.71130828882758
93.79999999999724,21.248882293701172,-65.77643585205078,0.33394164048672387,0.31499205226429794,25.79044114438478
93.83333333333057,21.23973274230957,-65.77131652832031,0.32936702959337216,0.31453074493983685,25.77021959828157
93.8666666666639,21.230600357055664,-65.76620483398438,0.3248021317131122,0.31396957092819977,25.820095348336984
93.89999999999723,21.221481323242188,-65.76110076904297,0.32024381830987586,0.3135082629783132,25.829651938693427
93.93333333333057,21.212377548217773,-65.75601196289062,0.3156892882525648,0.31288528405175786,25.861960881087622
93.9666666666639,21.203289031982422,-65.75092315673828,0.3111472723394572,0.31248578827643103,25.903340346227186
93.99999999999723,21.194215774536133,-65.745849609375,0.3066090397722697,0.31186278261550904,25.894936045358367
94.03333333333056,21.185157775878906,-65.74078369140625,0.30207895595013845,0.31135153458170095,25.954151777735863
94.06666666666389,21.176115036010742,-65.73573303222656,0.29755265547393245,0.31072861507331584,25.964304371176517
94.09999999999722,21.16708755493164,-65.73068237304688,0.2930388691419247,0.3103290439269397,26.028798012336804
94.13333333333055,21.1580753326416,-65.72564697265625,0.28852886615583406,0.309706097662098,26.025064969927485
94.16666666666389,21.149078369140625,-65.72061920166016,0.28402701191480784,0.30919484161990707,26.03151378672665
94.19999999999722,21.140098571777344,-65.71560668945312,0.27953050528772316,0.30852201765855736,26.089385304125038
94.23333333333055,21.131132125854492,-65.7105941772461,0.27504494853682043,0.3081723349065468,26.102310400979608
94.26666666666388,21.122182846069336,-65.70560455322266,0.27056037400072025,0.3073879648122936,26.15134309895247
94.29999999999721,21.113250732421875,-65.70061492919922,0.26608987787685073,0.30693827049714784,26.15134309895247
94.33333333333054,21.104333877563477,-65.69564819335938,0.2616187996997565,0.30620399886624444,26.182742264888834
94.36666666666387,21.09543228149414,-65.69068145751953,0.2571602356668686,0.30580416893163,26.19642493042194
94.3999999999972,21.086549758911133,-65.68572998046875,0.25270858351594666,0.30508146318623075,26.254247012369145
94.43333333333054,21.077680587768555,-65.68079376220703,0.2482591504429175,0.3045087892578794,26.28111741519379
94.46666666666387,21.068828582763672,-65.67586517333984,0.24381943038298,0.30394749998217035,26.28111741519379
94.4999999999972,21.05999183654785,-65.67094421386719,0.23938785906809876,0.30343620949534994,26.301203591250882
94.53333333333053,21.05117416381836,-65.6660385131836,0.23496319963519166,0.30271360459235747,26.338658692090814
94.56666666666386,21.042369842529297,-65.66114807128906,0.23054075928018544,0.3021411023947967,26.39240865145576
94.5999999999972,21.033584594726562,-65.65626525878906,0.22612959620627615,0.3015297550475656,26.341821043515345
94.63333333333053,21.02481460571289,-65.6513900756836,0.2217265818774341,0.3010184476914928,26.41095721482584
94.66666666666386,21.01605987548828,-65.64653778076172,0.21732298549537835,0.3002849656294643,26.444113529312734
94.69999999999719,21.007322311401367,-65.64168548583984,0.21293346752554518,0.29983464270094917,26.431702778248344
94.73333333333052,20.99860191345215,-65.63685607910156,0.2085449317705198,0.29905126458994524,26.501422190306865
94.76666666666385,20.989896774291992,-65.63202667236328,0.20416891015969257,0.2986508923765304,26.52610278883889
94.79999999999718,20.98120880126953,-65.6272201538086,0.199793870763665,0.29786766570074,26.539398470781443
94.83333333333051,20.972537994384766,-65.62242126464844,0.1954285443807291,0.29730624999136446,26.551818832821084
94.86666666666385,20.963882446289062,-65.61763763427734,0.1910670013437185,0.2966841234846457,26.59010494741442
94.89999999999718,20.955244064331055,-65.61286163330078,0.18671517131979148,0.2961226863354187,26.601501066391158
94.93333333333051,20.946622848510742,-65.60810089111328,0.18236868890980312,0.29545054671911497,26.593069418188843
94.96666666666384,20.938016891479492,-65.60334777832031,0.17803035524488203,0.29493917997065777,26.59494465359015
94.99999999999717,20.929428100585938,-65.5986099243164,0.17369736919390252,0.2942671076046125,26.676553560035174
95.0333333333305,20.920856475830078,-65.59388732910156,0.16936973075687276,0.29359511383310477,26.703861819233882
95.06666666666383,20.91230010986328,-65.58917236328125,0.16505024106491026,0.29308372714981545,26.717738417793495
95.09999999999717,20.90376091003418,-65.58447265625,0.1607360989868812,0.29241180193490474,26.703881464918293
95.1333333333305,20.895238876342773,-65.57978057861328,0.15643166992194615,0.29185027960893495,26.778907196511735
95.16666666666383,20.886734008789062,-65.57511138916016,0.15212822307180843,0.29106819137412615,26.780922991988028
95.19999999999716,20.878246307373047,-65.57044982910156,0.1478344892347676,0.29050661912696446,26.8087196733198
95.23333333333049,20.869773864746094,-65.5657958984375,0.1435489041427778,0.2899952055183365,26.82958520370318
95.26666666666382,20.861318588256836,-65.5611572265625,0.1392686666647377,0.2893234859916159,26.856511679114735
95.29999999999715,20.852880477905273,-65.55653381347656,0.13499377680064442,0.28865184804800387,26.90675035910109
95.33333333333049,20.844459533691406,-65.55191802978516,0.13072859994963468,0.2880902367054872,26.8773358169428
95.36666666666382,20.836055755615234,-65.54732513427734,0.1264644053134356,0.28730881919862494,26.90983128187152
95.39999999999715,20.827667236328125,-65.54273223876953,0.12221272482143473,0.2869072158003371,26.913943940961886
95.43333333333048,20.81929588317871,-65.53816223144531,0.11796202654424162,0.2861259660465229,26.95282657328542
95.46666666666381,20.810943603515625,-65.53359985351562,0.11372260554815647,0.2855140647136822,26.98992607309868
95.49999999999714,20.80260467529297,-65.529052734375,0.10948540362996409,0.2849431780960654,26.98992607309868
95.53333333333048,20.794286727905273,-65.5245132446289,0.1052610432609093,0.28428101292457403,27.001280816462227
95.5666666666638,20.78598403930664,-65.51998901367188,0.10104046623778273,0.28365996077448874,27.04803759071719
95.59999999999714,20.777528762817383,-65.5157470703125,0.09653322800447946,0.28379077782152723,27.070454217608827
95.63333333333047,20.7689266204834,-65.51177978515625,0.0917483867642286,0.2841875856201586,27.081669531733713
95.6666666666638,20.76011848449707,-65.50809478759766,0.08663308480911175,0.28643711335028044,27.125909359600072
95.69999999999713,20.751108169555664,-65.50469207763672,0.08119045067517772,0.28894253646604684,27.103317612814802
95.73333333333046,20.741907119750977,-65.50154876708984,0.07544296616799884,0.2916946122783072,27.169870624372283
95.7666666666638,20.732521057128906,-65.49866485595703,0.06939532409164542,0.29457359601744143,27.195949462294255
95.79999999999713,20.722936630249023,-65.49603271484375,0.06304093996908045,0.2981785788926513,27.2338253202047
95.83333333333046,20.713157653808594,-65.49365234375,0.05638294233636084,0.3019355760585286,27.24801770632792
95.86666666666379,20.703195571899414,-65.49150848388672,0.049439447599914074,0.3057045795710855,27.261966662635107
95.89999999999712,20.69305419921875,-65.48959350585938,0.04221794969492571,0.30961770398992994,27.334811471927722
95.93333333333045,20.6827449798584,-65.48789978027344,0.03473219962868125,0.3134227802222999,27.377386734318595
95.96666666666378,20.672269821166992,-65.4864273071289,0.026983761669213235,0.3173443147345777,27.411748113816696
95.99999999999712,20.661638259887695,-65.48516082763672,0.018989187954930542,0.32120189754361433,27.471128154846554
96.03333333333045,20.650854110717773,-65.48409271240234,0.0107559724210129,0.3251074731926776,27.471128154846554
96.06666666666378,20.639925003051758,-65.48323059082031,0.002286006740427036,0.3288917499692095,27.545545400929818
96.09999999999711,20.62885856628418,-65.4825439453125,0.00639699041816449,0.3326315593953521,27.59895641150689
96.13333333333044,20.617656707763672,-65.48204803466797,0.015300185585029318,0.3363849067849947,27.636728459442725
96.16666666666377,20.606327056884766,-65.48172760009766,0.024408590889777763,0.34002544113136196,27.70573925427461
96.1999999999971,20.59487533569336,-65.48157501220703,0.033713148129202765,0.34358213163530715,27.742477855105133
96.23333333333044,20.58330535888672,-65.4815902709961,0.04321072876724738,0.34709960605445966,27.809748312183572
96.26666666666377,20.571622848510742,-65.48176574707031,0.05289227460070163,0.350514844883467,27.837049077248583
96.2999999999971,20.559833526611328,-65.48210144042969,0.06275309282548708,0.353823007719367,27.907138179979857
96.33333333333043,20.54791831970215,-65.48258209228516,0.07280009532356972,0.3577469268984096,27.961818873118062
96.36666666666376,20.5358829498291,-65.48322296142578,0.0830373200891707,0.36157261665231893,28.033671627770477
96.39999999999709,20.523733139038086,-65.4840087890625,0.09345134351991949,0.36525591658301665,28.09913478320993
96.43333333333042,20.511474609375,-65.48493957519531,0.10403747281174287,0.368814480590465,28.11035350009546
96.46666666666376,20.49911117553711,-65.48600769042969,0.11478821402945531,0.3722846085671856,28.178561535622595
96.49999999999709,20.48664665222168,-65.4872055053711,0.12569607323787182,0.3756583446474625,28.271122005579514
96.53333333333042,20.47408676147461,-65.48853302001953,0.13675635763291338,0.37889554714741996,28.357501015058205
96.56666666666375,20.46143341064453,-65.489990234375,0.14796750294655034,0.3821095194000546,28.413328248214857
96.59999999999708,20.448694229125977,-65.49156188964844,0.15931452130840926,0.38507293004713833,28.45051755603235
96.63333333333041,20.435871124267578,-65.49325561523438,0.1708002138495996,0.3880343439863884,28.496091809853947
96.66666666666374,20.422969818115234,-65.49506378173828,0.18241552236691427,0.39082201817210366,28.59396480829322
96.69999999999708,20.409992218017578,-65.49697875976562,0.1941545171931759,0.39354379759552455,28.653726486206356
96.7333333333304,20.396944046020508,-65.49900817871094,0.2060168709234642,0.3961514866167371,28.73845874482413
96.76666666666374,20.383825302124023,-65.50113677978516,0.21799385275948427,0.3987093497263892,28.785825215112943
96.79999999999707,20.370643615722656,-65.50336456298828,0.2300792056291524,0.40105845826475606,28.88662460540886
96.8333333333304,20.357398986816406,-65.50569152832031,0.24227292953246277,0.40342467235987634,28.95371768392113
96.86666666666373,20.34409523010254,-65.50811004638672,0.2545675305342194,0.40565410771415805,29.028584899851282
96.89999999999706,20.330738067626953,-65.5106201171875,0.26695831583035423,0.40772885640057677,29.065200949709073
96.9333333333304,20.31732749938965,-65.51322174072266,0.27944528542086206,0.4098177728204035,29.138411107897184
96.96666666666373,20.30386734008789,-65.51590728759766,0.2920209453705522,0.4117635794990466,29.184901731397105
96.99999999999706,20.290359497070312,-65.51868438720703,0.30468809681054726,0.4137108829909269,29.32798670068511
97.03333333333039,20.276809692382812,-65.52153015136719,0.3174289507393512,0.4153625195563077,29.355879394131687
97.06666666666372,20.26321792602539,-65.52445983886719,0.3302522379552368,0.4171178051895666,29.443650344628068
97.09999999999705,20.249588012695312,-65.5274658203125,0.34315046452301906,0.41872355516677584,29.52324510493261
97.13333333333038,20.23592185974121,-65.53054809570312,0.3561220661746731,0.42028293128997785,29.59383321501413
97.16666666666372,20.22222137451172,-65.53369903564453,0.36916111324303835,0.4217446457681408,29.68632808024216
97.19999999999705,20.2084903717041,-65.53692626953125,0.38226884259119975,0.4231547341057869,29.751066422658006
97.23333333333038,20.194730758666992,-65.54021453857422,0.3954349591528461,0.4244121791453954,29.787047882122117
97.26666666666371,20.180944442749023,-65.54356384277344,0.40865789865996693,0.4256199134063732,29.852440663195605
97.29999999999704,20.167131423950195,-65.54698181152344,0.42194202651168733,0.4268885086781795,29.92319103390738
97.33333333333037,20.153297424316406,-65.55046081542969,0.435278284504798,0.42794241743795486,30.012750273844688
97.3666666666637,20.139442443847656,-65.55400085449219,0.448666672639307,0.4290024758881036,30.087128945126764
97.39999999999704,20.125568389892578,-65.55760192871094,0.4621056266471841,0.43001325306277294,30.13587638281969
97.43333333333037,20.111677169799805,-65.5612564086914,0.47558921686126354,0.43091657850930665,30.24308788084016
97.4666666666637,20.09777069091797,-65.5649642944336,0.4891158790135151,0.4317692837746331,30.29870554454248
97.49999999999703,20.083850860595703,-65.5687255859375,0.5026840488359144,0.43257148655478966,30.397610562994725
97.53333333333036,20.06991958618164,-65.57254028320312,0.516292162060448,0.4333233086570019,30.456192098916823
97.56666666666369,20.055978775024414,-65.57640838623047,0.5299386544190887,0.4340248761032467,30.534576351124265
97.59999999999702,20.042028427124023,-65.58031463623047,0.5436147951135473,0.43460774963637017,30.596932714286794
97.63333333333036,20.0280704498291,-65.58427429199219,0.5573277506740831,0.4352626833593484,30.596932714286794
97.66666666666369,20.014108657836914,-65.5882797241211,0.5710700271654999,0.43574948072848796,30.719760617525697
97.69999999999702,20.000141143798828,-65.59233093261719,0.5848431888558387,0.43629504330745605,30.820455613485976
97.73333333333035,19.986316680908203,-65.59610748291016,0.5961074829101562,0.42993057078629693,24.277048770589285
97.76666666666368,19.97262954711914,-65.599609375,0.599609375,0.42384052615547035,24.149536856994423
97.79999999999701,19.95907974243164,-65.60284423828125,0.60284423828125,0.4179179258730102,24.066564101919813
97.83333333333034,19.94565773010254,-65.60584259033203,0.6058425903320312,0.4125851148365397,23.987810856772324
97.86666666666368,19.932363510131836,-65.60858917236328,0.6085891723632812,0.40724930661137343,23.89673571391204
97.89999999999701,19.919193267822266,-65.6111068725586,0.6111068725585938,0.4022619632647925,23.850204210480342
97.93333333333034,19.90614128112793,-65.6134033203125,0.6134033203125,0.39757417680225293,23.80332139171785
97.96666666666367,19.893205642700195,-65.615478515625,0.615478515625,0.39303111760557863,23.727149006203582
97.999999999997,19.880382537841797,-65.61734771728516,0.6173477172851562,0.38875871662283185,23.66388920804048
98.03333333333033,19.86766815185547,-65.6190185546875,0.6190185546875,0.3847110315171207,23.611852466565693
98.06666666666366,19.85506248474121,-65.62049102783203,0.6204910278320312,0.38074127501646304,23.518876249132134
98.099999999997,19.842557907104492,-65.62178039550781,0.6217803955078125,0.3771262889119089,23.469358094870064
98.13333333333033,19.830156326293945,-65.62288665771484,0.6228866577148438,0.3735247252915222,23.39901575810431
98.16666666666366,19.81785011291504,-65.62382507324219,0.6238250732421875,0.37025823459609636,23.340213561306705
98.19999999999699,19.805641174316406,-65.62459564208984,0.6245956420898438,0.3669969512799091,23.29869736163842
98.23333333333032,19.79352378845215,-65.62520599365234,0.6252059936523438,0.36398243404297015,23.237650703216215
98.26666666666365,19.781496047973633,-65.62566375732422,0.6256637573242188,0.3610934501455691,23.154878801267458
98.29999999999698,19.769556045532227,-65.62596893310547,0.6259689331054688,0.358317054439813,23.113050092126
98.33333333333032,19.757701873779297,-65.62613677978516,0.6261367797851562,0.3556607996536228,23.037378291727148
98.36666666666365,19.745929718017578,-65.62616729736328,0.6261672973632812,0.35316585953439544,22.99096056505208
98.39999999999698,19.73423957824707,-65.62606048583984,0.6260604858398438,0.3507188316871404,22.91788051534697
98.43333333333031,19.722627639770508,-65.6258316040039,0.6258316040039062,0.34842581975287834,22.865323850630148
98.46666666666364,19.711091995239258,-65.62547302246094,0.6254730224609375,0.3462364913276535,22.807767156814837
98.49999999999697,19.699630737304688,-65.625,0.625,0.3441304481184019,22.78146329919467
98.5333333333303,19.688243865966797,-65.6244125366211,0.6244125366210938,0.34206045792886947,22.717696760527325
98.56666666666364,19.67692756652832,-65.62371826171875,0.62371826171875,0.340127307870392,22.651253448911156
98.59999999999697,19.665679931640625,-65.6229248046875,0.6229248046875,0.33826761323633503,22.614843297182436
98.6333333333303,19.65450096130371,-65.62202453613281,0.6220245361328125,0.3364548634479033,22.567303546250518
98.66666666666363,19.643386840820312,-65.62102508544922,0.6210250854492188,0.3347690520487064,22.52742189483255
98.69999999999696,19.63233757019043,-65.61993408203125,0.61993408203125,0.33309008228911496,22.453057318811297
98.7333333333303,19.62135124206543,-65.61875915527344,0.6187591552734375,0.33146926358374595,22.409286011847826
98.76666666666362,19.61042594909668,-65.61749267578125,0.61749267578125,0.329953628683539,22.355523654896732
98.79999999999696,19.599559783935547,-65.61614227294922,0.6161422729492188,0.3284926480242702,22.306653091286964
98.83333333333029,19.58875274658203,-65.61471557617188,0.614715576171875,0.32702410927833525,22.279659485710482
98.86666666666362,19.578004837036133,-65.61321258544922,0.6132125854492188,0.32557470209966405,22.21984295093072
98.89999999999695,19.567310333251953,-65.61164093017578,0.6116409301757812,0.32428114397775554,22.1391005365696
98.93333333333028,19.556671142578125,-65.60999298095703,0.6099929809570312,0.3229818932068562,22.134718394039787
98.96666666666361,19.546085357666016,-65.6082763671875,0.6082763671875,0.3217219988363682,22.08909400920878
98.99999999999694,19.535552978515625,-65.60649871826172,0.6064987182617188,0.3204402310007639,22.02146543055881
99.03333333333028,19.52507209777832,-65.60466003417969,0.6046600341796875,0.3192282226946853,21.998345666421777
99.06666666666361,19.51464080810547,-65.60276794433594,0.6027679443359375,0.3180450084409208,21.957628609727927
99.09999999999694,19.504257202148438,-65.6008071899414,0.6008071899414062,0.3170133237261671,21.907735215798155
99.13333333333027,19.4938907623291,-65.59878540039062,0.598785400390625,0.3168527051549438,21.9026996224332
99.1666666666636,19.48354148864746,-65.5967025756836,0.5967025756835938,0.3167034291698579,21.836117648034815
99.19999999999693,19.473209381103516,-65.59455108642578,0.5945510864257812,0.3166120924625602,21.837068840129753
99.23333333333026,19.462892532348633,-65.59234619140625,0.59234619140625,0.31649492452558015,21.75380588843139
99.2666666666636,19.452592849731445,-65.59008026123047,0.5900802612304688,0.3163796950164144,21.697886152889737
99.29999999999693,19.44230842590332,-65.5877685546875,0.5877685546875,0.31623096710407544,21.70106296454799
99.33333333333026,19.432043075561523,-65.58539581298828,0.5853958129882812,0.3160800353232337,21.65645271168035
99.36666666666359,19.42179298400879,-65.58297729492188,0.582977294921875,0.3159465869878531,21.624718250824937
99.39999999999692,19.411561965942383,-65.58051300048828,0.5805130004882812,0.31570845721569607,21.621167753377414
99.43333333333025,19.40134620666504,-65.5780029296875,0.5780029296875,0.3155882978404183,21.543182008267504
99.46666666666358,19.39114761352539,-65.57544708251953,0.5754470825195312,0.3154192307020741,21.496378826466717
99.49999999999692,19.380966186523438,-65.57284545898438,0.572845458984375,0.31525689640878785,21.489349740935793
99.53333333333025,19.37080192565918,-65.5702133178711,0.5702133178710938,0.31498623649489443,21.446765942883726
99.56666666666358,19.360654830932617,-65.56753540039062,0.567535400390625,0.314835347570487,21.399387137410837
99.59999999999691,19.350509643554688,-65.5648193359375,0.5648193359375,0.3150740385086492,21.391251644997485
99.63333333333024,19.34036636352539,-65.56205749511719,0.5620574951171875,0.3153767667767071,21.32582952957372
99.66666666666357,19.330224990844727,-65.55926513671875,0.55926513671875,0.3155633609056974,21.300617826670504
99.6999999999969,19.320087432861328,-65.55643463134766,0.5564346313476562,0.31575886095294364,21.265700288521597
99.73333333333024,19.309951782226562,-65.5535659790039,0.5535659790039062,0.3160134839740141,21.217171114128924
99.76666666666357,19.299821853637695,-65.55066680908203,0.5506668090820312,0.31609899637029554,21.204079696617175
99.7999999999969,19.289697647094727,-65.5477294921875,0.5477294921875,0.31625092853180836,21.17621166852853
99.83333333333023,19.279577255249023,-65.54476928710938,0.544769287109375,0.31633310085038246,21.135709636848457
99.86666666666356,19.26946258544922,-65.5417709350586,0.5417709350585938,0.3164916968287709,21.094658047252565
99.8999999999969,19.259353637695312,-65.53874969482422,0.5387496948242188,0.3165230568544909,21.072300805731135
99.93333333333022,19.249252319335938,-65.53570556640625,0.53570556640625,0.31650120912925156,21.074549886514085
99.96666666666356,19.23915672302246,-65.53263854980469,0.5326385498046875,0.31653576446121756,21.03085609320622
99.99999999999689,19.229068756103516,-65.529541015625,0.529541015625,0.31658429382529474,20.964398383763136
100.03333333333022,19.2189884185791,-65.52642059326172,0.5264205932617188,0.31656786997141445,20.954443372932968
100.06666666666355,19.20891571044922,-65.52328491210938,0.523284912109375,0.31648499304560085,20.905406897017002
100.09999999999688,19.1988525390625,-65.52012634277344,0.5201263427734375,0.31641678328995076,20.885607603271513
100.13333333333021,19.188798904418945,-65.51695251464844,0.5169525146484375,0.31628132898072187,20.843945434631273
100.16666666666355,19.178752899169922,-65.51375579833984,0.5137557983398438,0.31627060400696766,20.801218489965837
100.19999999999688,19.168701171875,-65.51053619384766,0.5105361938476562,0.31664296491132127,20.798061284875633
100.23333333333021,19.15864372253418,-65.50729370117188,0.507293701171875,0.3170164686512292,20.77470668030631
100.26666666666354,19.14858055114746,-65.50403594970703,0.5040359497070312,0.3173205424624286,20.745450881011386
100.29999999999687,19.138513565063477,-65.5007553100586,0.5007553100585938,0.31764150356373716,20.73445707284694
100.3333333333302,19.12844467163086,-65.4974594116211,0.49745941162109375,0.3178380174254566,20.687850042939406
100.36666666666353,19.118371963500977,-65.49414825439453,0.49414825439453125,0.31808943730331873,20.68587183053628
100.39999999999687,19.10829734802246,-65.49081420898438,0.490814208984375,0.31835885766417354,20.598578294213233
100.4333333333302,19.098222732543945,-65.48747253417969,0.4874725341796875,0.3184308414494533,20.581845754326288
100.46666666666353,19.088146209716797,-65.4841079711914,0.48410797119140625,0.3187019559860592,20.551936514153322
100.49999999999686,19.07807159423828,-65.4807357788086,0.48073577880859375,0.31872025768058854,20.551936514153322
100.53333333333019,19.067996978759766,-65.47734832763672,0.47734832763671875,0.3188658530379281,20.49649676462263
100.56666666666352,19.057924270629883,-65.47395324707031,0.4739532470703125,0.31888464843886266,20.48321619492265
100.59999999999685,19.047855377197266,-65.47054290771484,0.47054290771484375,0.31892275950326043,20.44565529947525
100.63333333333019,19.03778648376465,-65.46712493896484,0.46712493896484375,0.3189962582853289,20.422484422052865
100.66666666666352,19.027706146240234,-65.46369171142578,0.46369171142578125,0.31946866880334074,20.392337066438436
100.69999999999685,19.017614364624023,-65.46025085449219,0.4602508544921875,0.31986746843666036,20.348981670366552
100.73333333333018,19.007511138916016,-65.456787109375,0.456787109375,0.32041446588662503,20.348981670366552
100.76666666666351,18.997398376464844,-65.45331573486328,0.45331573486328125,0.32075935661333116,20.302334743803222
100.79999999999684,18.98727798461914,-65.4498291015625,0.4498291015625,0.3211246620803546,20.24041134997026
100.83333333333017,18.977149963378906,-65.44633483886719,0.4463348388671875,0.3214156458914876,20.241167252374034
100.8666666666635,18.96701431274414,-65.44283294677734,0.44283294677734375,0.3217066921887724,20.2305609254983
100.89999999999684,18.956872940063477,-65.43931579589844,0.4393157958984375,0.32201865029497806,20.169552498412333
100.93333333333017,18.946727752685547,-65.43579864501953,0.43579864501953125,0.3221267755317235,20.155615638518853
100.9666666666635,18.93657875061035,-65.43226623535156,0.4322662353515625,0.322385088157331,20.13010047048033
100.99999999999683,18.92642593383789,-65.4287338256836,0.42873382568359375,0.3224931717568155,20.08763750748054
101.03333333333016,18.916271209716797,-65.42518615722656,0.4251861572265625,0.32269790224121997,20.08486897423215
101.0666666666635,18.90611457824707,-65.42163848876953,0.42163848876953125,0.3227519215489956,20.024889643696326
101.09999999999683,18.89595603942871,-65.4180908203125,0.4180908203125,0.3228059419598962,19.99099274131606
101.13333333333016,18.88579750061035,-65.41453552246094,0.4145355224609375,0.32288147726943905,19.985541098326014
101.16666666666349,18.875638961791992,-65.41097259521484,0.41097259521484375,0.32295715712237183,19.92777692314744
101.19999999999682,18.865480422973633,-65.40740966796875,0.40740966796875,0.32295715712237183,19.903482339347814
101.23333333333015,18.855323791503906,-65.40383911132812,0.403839111328125,0.3229789989800825,19.87801116000239
101.26666666666348,18.845170974731445,-65.4002685546875,0.4002685546875,0.3228710374517477,19.847740208219726
101.29999999999681,18.835020065307617,-65.39669799804688,0.396697998046875,0.32281705836155333,19.847740208219726
101.33333333333015,18.824872970581055,-65.39312744140625,0.39312744140625,0.3227091035319106,19.80001026021724
101.36666666666348,18.814727783203125,-65.38955688476562,0.389556884765625,0.32265512779358335,19.789942678748144
101.39999999999681,18.804588317871094,-65.385986328125,0.385986328125,0.3224932072913124,19.74647374493447
101.43333333333014,18.79445457458496,-65.38241577148438,0.382415771484375,0.32233129686990963,19.706894671190142
101.46666666666347,18.78430938720703,-65.37883758544922,0.37883758544921875,0.32273118537250467,19.6488378753256
101.4999999999968,18.774152755737305,-65.37525177001953,0.37525177001953125,0.32313110589490207,19.633926746824294
101.53333333333013,18.763988494873047,-65.37166595458984,0.37166595458984375,0.3233469407482018,19.610893401574742
101.56666666666347,18.753816604614258,-65.36808013916016,0.36808013916015625,0.32356279353375833,19.57657468691243
101.5999999999968,18.743637084960938,-65.36448669433594,0.3644866943359375,0.3238547814520192,19.549666923835247
101.63333333333013,18.73345184326172,-65.36089324951172,0.36089324951171875,0.3240166581498366,19.515000899815032
101.66666666666346,18.7232608795166,-65.3572998046875,0.3572998046875,0.32417854491483195,19.503824317232123
101.69999999999679,18.71306610107422,-65.35369873046875,0.35369873046875,0.3243626345872738,19.485988708915816
101.73333333333012,18.70286750793457,-65.35010528564453,0.35010528564453125,0.32439440956883003,19.421467768420623
101.76666666666345,18.69266700744629,-65.34650421142578,0.34650421142578125,0.3245245001018178,19.399351263584137
101.79999999999679,18.682464599609375,-65.34291076660156,0.3429107666015625,0.32450234858608806,19.361751556387247
101.83333333333012,18.672260284423828,-65.33930969238281,0.3393096923828125,0.32463241603610016,19.35298719185772
101.86666666666345,18.66205596923828,-65.3357162475586,0.33571624755859375,0.324556319765335,19.309099474502876
101.89999999999678,18.651853561401367,-65.33212280273438,0.332122802734375,0.32450234858608806,19.289415472488088
101.93333333333011,18.641651153564453,-65.32852935791016,0.32852935791015625,0.32450234858608806,19.23763415082555
101.96666666666344,18.631450653076172,-65.32493591308594,0.3249359130859375,0.32444837852040115,19.240907155754893
101.99999999999677,18.621252059936523,-65.32135009765625,0.32135009765625,0.324318418982768,19.18924904793135
102.0333333333301,18.611055374145508,-65.31776428222656,0.3177642822265625,0.3242644384986371,19.14012029253332
102.06666666666344,18.60086441040039,-65.3141860961914,0.31418609619140625,0.32402660634712105,19.114344591887193
102.09999999999677,18.590675354003906,-65.31060791015625,0.31060791015625,0.3239726176664221,19.10129392233224
102.1333333333301,18.580490112304688,-65.3070297241211,0.30702972412109375,0.32386464363422335,19.069013592250755
102.16666666666343,18.570310592651367,-65.303466796875,0.303466796875,0.32355117653929577,19.02393864333442
102.19999999999676,18.560136795043945,-65.29989624023438,0.299896240234375,0.3234648809880679,18.982775910357642
102.2333333333301,18.54996681213379,-65.29634094238281,0.2963409423828125,0.3232055471144881,18.986079895546215
102.26666666666343,18.539806365966797,-65.29278564453125,0.29278564453125,0.32293548614716233,18.933624268764834
102.29999999999676,18.529651641845703,-65.28923034667969,0.2892303466796875,0.32277346283417313,18.916899065591913
102.33333333333009,18.51950454711914,-65.28569030761719,0.2856903076171875,0.32240636959972196,18.85280515528086
102.36666666666342,18.509363174438477,-65.28215026855469,0.2821502685546875,0.3222442936204313,18.844931912745512
102.39999999999675,18.49923324584961,-65.27861785888672,0.27861785888671875,0.3218447360919813,18.80930482996312
102.43333333333008,18.48910903930664,-65.27509307861328,0.27509307861328125,0.3216073237515509,18.75243156778323
102.46666666666341,18.47899627685547,-65.27156829833984,0.27156829833984375,0.3212831093177189,18.74653342562662
102.49999999999675,18.468891143798828,-65.26805877685547,0.26805877685546875,0.32091651504329083,18.738616074992418
102.53333333333008,18.45879554748535,-65.2645492553711,0.26454925537109375,0.32064626206549507,18.691741516419484
102.56666666666341,18.44870948791504,-65.26104736328125,0.26104736328125,0.3203008917850875,18.654407924961337
102.59999999999674,18.438634872436523,-65.25756072998047,0.25756072998046875,0.3198265779022391,18.625620985437358
102.63333333333007,18.428571701049805,-65.25407409667969,0.2540740966796875,0.319502155109058,18.596404221733202
102.6666666666634,18.41851806640625,-65.25059509277344,0.2505950927734375,0.31915691117882306,18.563995123890834
102.69999999999673,18.408475875854492,-65.24712371826172,0.24712371826171875,0.3187576334310788,18.566963400882806
102.73333333333007,18.398447036743164,-65.24366760253906,0.2436676025390625,0.3182296573677048,18.514743864879247
102.7666666666634,18.388429641723633,-65.2402114868164,0.24021148681640625,0.31790508800450035,18.51191162570881
102.79999999999673,18.37842559814453,-65.23677062988281,0.2367706298828125,0.317377292718022,18.444859770015672
102.83333333333006,18.36843490600586,-65.23332977294922,0.23332977294921875,0.3169985540384406,18.43082955044727
102.86666666666339,18.358455657958984,-65.22990417480469,0.2299041748046875,0.3165250429365534,18.414712022339025
102.89999999999672,18.34848976135254,-65.22648620605469,0.2264862060546875,0.3160718984530281,18.355106877957073
102.93333333333005,18.338537216186523,-65.22307586669922,0.22307586669921875,0.31561877767480184,18.360027442875378
102.96666666666339,18.328598022460938,-65.21967315673828,0.21967315673828125,0.3151656807041197,18.360027442875378
102.99999999999672,18.31867218017578,-65.21627807617188,0.216278076171875,0.31471260764381004,18.280371090491435
103.03333333333005,18.308761596679688,-65.21289825439453,0.21289825439453125,0.3141314604296863,18.229464094434487
103.06666666666338,18.298864364624023,-65.20951843261719,0.2095184326171875,0.31375238301763414,18.18784921832127
103.09999999999671,18.28898048400879,-65.2061538696289,0.20615386962890625,0.3132255451052582,18.15491006606787
103.13333333333004,18.27911376953125,-65.20279693603516,0.20279693603515625,0.31266427995649515,18.14189770137102
103.16666666666337,18.269258499145508,-65.19945526123047,0.19945526123046875,0.31219197681672284,18.09624234685729
103.1999999999967,18.25942039489746,-65.19611358642578,0.19611358642578125,0.31170431040675245,18.067923326268172
103.23333333333004,18.249595642089844,-65.19278717041016,0.19278717041015625,0.31117797177147594,18.044145452678045
103.26666666666337,18.23978614807129,-65.18946838378906,0.1894683837890625,0.31067099282483707,18.065005488939665
103.2999999999967,18.229991912841797,-65.1861572265625,0.1861572265625,0.31016402969828505,18.01299461528482
103.33333333333003,18.22021484375,-65.182861328125,0.182861328125,0.30952968174712464,17.954163387673713
103.36666666666336,18.210453033447266,-65.17957305908203,0.17957305908203125,0.30902279578854025,17.971945061437868
103.3999999999967,18.200706481933594,-65.1762924194336,0.17629241943359375,0.3085159260401376,17.926085393338987
103.43333333333003,18.190975189208984,-65.17301940917969,0.1730194091796875,0.30800907258194477,17.888758535796377
103.46666666666336,18.181262969970703,-65.16976165771484,0.16976165771484375,0.307320894872475,17.88178177120777
103.49999999999669,18.17156410217285,-65.16651153564453,0.16651153564453125,0.3068683708512837,17.826650341481038
103.53333333333002,18.161884307861328,-65.16327667236328,0.16327667236328125,0.30618047378238034,17.806957398073123
103.56666666666335,18.1522216796875,-65.16004943847656,0.1600494384765625,0.3056195013521201,17.82395492860306
103.59999999999668,18.142576217651367,-65.15682983398438,0.156829833984375,0.30505853844620373,17.768474262794104
103.63333333333001,18.132946014404297,-65.15361785888672,0.15361785888671875,0.3045518654466965,17.71317690852054
103.66666666666335,18.123334884643555,-65.15042114257812,0.150421142578125,0.30386432727766527,17.688083889219676
103.69999999999668,18.113740921020508,-65.14723205566406,0.1472320556640625,0.3033034322443653,17.659723171189228
103.73333333333001,18.104162216186523,-65.14405822753906,0.1440582275390625,0.30272478282637016,17.660126407891592
103.76666666666334,18.094602584838867,-65.1408920288086,0.14089202880859375,0.30210963128229223,17.606187696386783
103.79999999999667,18.085058212280273,-65.13773345947266,0.13773345947265625,0.3016031283134276,17.572566214229028
103.83333333333,18.075532913208008,-65.13459014892578,0.13459014892578125,0.3009161864193749,17.586765348875634
103.86666666666333,18.066022872924805,-65.1314468383789,0.13144683837890625,0.30048151464610534,17.547586780357104
103.89999999999667,18.05653190612793,-65.12832641601562,0.128326416015625,0.29972310190938656,17.52799841508862
103.93333333333,18.04705810546875,-65.12520599365234,0.12520599365234375,0.2992339238616259,17.49897658028294
103.96666666666333,18.0376033782959,-65.12210083007812,0.122100830078125,0.2985473430833733,17.49408116746634
103.99999999999666,18.028165817260742,-65.11901092529297,0.11901092529296875,0.2979153619507861,17.434196170262762
104.03333333332999,18.01874542236328,-65.11592102050781,0.1159210205078125,0.2974259848178965,17.420957083547957
104.06666666666332,18.00934410095215,-65.11284637451172,0.11284637451171875,0.29673972273534194,17.41451577572477
104.09999999999665,17.99995994567871,-65.10978698730469,0.1097869873046875,0.29610808541929107,17.374005619258295
104.13333333332999,17.99059295654297,-65.10673522949219,0.1067352294921875,0.2955475259475881,17.374005619258295
104.16666666666332,17.981243133544922,-65.10369110107422,0.10369110107421875,0.29498697789546924,17.31842192738693
104.19999999999665,17.971912384033203,-65.10065460205078,0.10065460205078125,0.29437202905982585,17.29239519642869
104.23333333332998,17.962600708007812,-65.0976333618164,0.09763336181640625,0.29368636784855506,17.28154335535295
104.26666666666331,17.953306198120117,-65.09461975097656,0.0946197509765625,0.29312589089304397,17.225296182517987
104.29999999999664,17.944028854370117,-65.09162139892578,0.09162139892578125,0.2924949569966624,17.245481092723846
104.33333333332997,17.934772491455078,-65.088623046875,0.088623046875,0.29189609879510403,17.17542131875492
104.3666666666633,17.9255313873291,-65.08564758300781,0.0856475830078125,0.2912494663048698,17.176742284217617
104.39999999999664,17.916311264038086,-65.08267211914062,0.082672119140625,0.2906503962732899,17.142145516933553
104.43333333332997,17.907108306884766,-65.0797119140625,0.0797119140625,0.2900198459129407,17.11632166957677
104.4666666666633,17.89792251586914,-65.0767593383789,0.07675933837890625,0.28945952009750425,17.103288857798272
104.49999999999663,17.888755798339844,-65.07382202148438,0.073822021484375,0.28877480278018647,17.10245003247313
104.53333333332996,17.879608154296875,-65.07089233398438,0.070892333984375,0.2881600498786501,17.045908993240165
104.5666666666633,17.870479583740234,-65.0679702758789,0.06797027587890625,0.28754530352862934,17.05435053242802
104.59999999999663,17.86136817932129,-65.06505584716797,0.06505584716796875,0.28698506350861136,16.9987837998774
104.63333333332996,17.852275848388672,-65.0621566772461,0.06215667724609375,0.2863007181648674,17.015877619023133
104.66666666666329,17.843202590942383,-65.05926513671875,0.05926513671875,0.2856860279697279,16.9829624712483
104.69999999999662,17.83414649963379,-65.05638885498047,0.05638885498046875,0.2850564992853202,16.956775761702655
104.73333333332995,17.825109481811523,-65.05352020263672,0.05352020263671875,0.2844418598770653,16.935298894736135
104.76666666666328,17.816091537475586,-65.0506591796875,0.0506591796875,0.2838272275977434,16.882676928994492
104.79999999999661,17.807092666625977,-65.04780578613281,0.0478057861328125,0.28321260249376856,16.891358547739014
104.83333333332995,17.798110961914062,-65.04496765136719,0.0449676513671875,0.28258348435795344,16.855272057671854
104.86666666666328,17.789148330688477,-65.0421371459961,0.04213714599609375,0.2819689118102824,16.84301194337373
104.89999999999661,17.78020477294922,-65.03931427001953,0.03931427001953125,0.28135434674630994,16.815325166322282
104.93333333332994,17.771278381347656,-65.03650665283203,0.03650665283203125,0.2807256011951739,16.78415006753895
104.96666666666327,17.762372970581055,-65.03370666503906,0.0337066650390625,0.2800565037745229,16.79651084108233
104.9999999999966,17.75348472595215,-65.03091430664062,0.030914306640625,0.2794965871128746,16.726443062935807
105.03333333332994,17.74461555480957,-65.02812957763672,0.02812957763671875,0.2788820918298332,16.71902303441819
105.06666666666327,17.73576545715332,-65.02536010742188,0.025360107421875,0.27819916322027566,16.679781586547822
105.0999999999966,17.7269344329834,-65.02259826660156,0.0225982666015625,0.2775847210237622,16.70289773227545
105.13333333332993,17.718122482299805,-65.01985168457031,0.0198516845703125,0.2769020926862532,16.665194898652455
105.16666666666326,17.70932960510254,-65.01710510253906,0.0171051025390625,0.2763558612270079,16.688364633186325
105.19999999999659,17.7005558013916,-65.01437377929688,0.014373779296875,0.27567332549638685,16.662147968844966
105.23333333332992,17.691802978515625,-65.01165008544922,0.01165008544921875,0.2750043178326137,16.627805082355586
105.26666666666326,17.683067321777344,-65.00894165039062,0.008941650390625,0.2743767249679326,16.585519101383465
105.29999999999659,17.67435073852539,-65.00623321533203,0.00623321533203125,0.2738302387417513,16.588286627722212
105.33333333332992,17.665491104125977,-65.00386047363281,0.0038604736328125,0.2751558147236638,16.57010098203679
105.36666666666325,17.656494140625,-65.00179290771484,0.00179290771484375,0.27694433187329426,16.565183102018604
105.39999999999658,17.647319793701172,-65.00006103515625,6.103515625e-05,0.28009145226901905,16.520651086407906
105.43333333332991,17.637977600097656,-64.99864196777344,0.0013580322265625,0.2834806875366954,16.472694639270635
105.46666666666324,17.62847328186035,-64.99752807617188,0.002471923828125,0.2870810646670981,16.464423165832216
105.49999999999658,17.61881446838379,-64.99671173095703,0.00328826904296875,0.29079750266524174,16.441354341352454
105.5333333333299,17.609004974365234,-64.99617767333984,0.00382232666015625,0.2947206327943169,16.429945419484714
105.56666666666324,17.59905433654785,-64.99591827392578,0.00408172607421875,0.2986205500729487,16.37754781711037
105.59999999999657,17.58896255493164,-64.99593353271484,0.00406646728515625,0.30275379455581236,16.30584637517962
105.6333333333299,17.578739166259766,-64.9961929321289,0.00380706787109375,0.3068003709140754,16.349750697388046
105.66666666666323,17.568387985229492,-64.99671173095703,0.00328826904296875,0.3109252174575116,16.280590763556624
105.69999999999656,17.55791473388672,-64.99746704101562,0.002532958984375,0.31501355252777086,16.279666996034035
105.7333333333299,17.54732322692871,-64.99845123291016,0.00154876708984375,0.3191140673710735,16.219659170708013
105.76666666666323,17.53662109375,-64.99966430664062,0.000335693359375,0.32311991923336597,16.18133842181708
105.79999999999656,17.52581024169922,-65.00109100341797,0.00109100341796875,0.3271375661438591,16.146731823045457
105.83333333332989,17.514896392822266,-65.00272369384766,0.00272369384765625,0.3310589038424246,16.094284815567967
105.86666666666322,17.503883361816406,-65.00456237792969,0.0045623779296875,0.33496395325554296,16.0571240423287
105.89999999999655,17.49277687072754,-65.00659942626953,0.00659942626953125,0.33875262245678894,16.02998620228042
105.93333333332988,17.48158073425293,-65.00881958007812,0.008819580078125,0.3424241513134005,15.963996748063
105.96666666666322,17.47029685974121,-65.01122283935547,0.01122283935546875,0.3461088430469805,15.954852394802787
105.99999999999655,17.458932876586914,-65.01380157470703,0.01380157470703125,0.34958688509451724,15.894183089884642
106.03333333332988,17.44748878479004,-65.01654815673828,0.01654815673828125,0.3530720251148742,15.869033516103286
106.06666666666321,17.435972213745117,-65.01946258544922,0.01946258544921875,0.3563885141379879,15.82989893361148
106.09999999999654,17.42438316345215,-65.02252960205078,0.02252960205078125,0.3596406675759808,15.762159852552974
106.13333333332987,17.41272735595703,-65.0257568359375,0.0257568359375,0.3628299852968801,15.714891615602584
106.1666666666632,17.4010066986084,-65.02912902832031,0.0291290283203125,0.36588378091367085,15.688804405282506
106.19999999999654,17.389225006103516,-65.03263854980469,0.0326385498046875,0.3687987491790223,15.647773901624475
106.23333333332987,17.377384185791016,-65.03629302978516,0.03629302978515625,0.37175828792443016,15.584857945085837
106.2666666666632,17.36547088623047,-65.04008483886719,0.0400848388671875,0.37506542133408,15.564667185914269
106.29999999999653,17.353483200073242,-65.04402160644531,0.0440216064453125,0.3785267263107108,15.493319055043822
106.33333333332986,17.341426849365234,-65.04808807373047,0.04808807373046875,0.38171006499456345,15.409773188687604
106.36666666666319,17.329303741455078,-65.05229187011719,0.0522918701171875,0.38493828663313606,15.427726052799343
106.39999999999652,17.317119598388672,-65.0566177368164,0.05661773681640625,0.38787861305550053,15.308917241609263
106.43333333332986,17.304874420166016,-65.06107330322266,0.06107330322265625,0.3909179140620273,15.284634621924205
106.46666666666319,17.292572021484375,-65.06563568115234,0.06563568115234375,0.39363418947774254,15.234826361103607
106.49999999999652,17.28021812438965,-65.07032012939453,0.07032012939453125,0.39636668109812695,15.203628852893386
106.53333333332985,17.267940521240234,-65.07475280761719,0.0747528076171875,0.3915984649971215,15.12840846519082
106.56666666666318,17.255741119384766,-65.0789566040039,0.07895660400390625,0.3871015095849971,15.093901553443086
106.59999999999651,17.243629455566406,-65.08293151855469,0.0829315185546875,0.3824174571348323,15.036922090859184
106.63333333332984,17.231609344482422,-65.08668518066406,0.0866851806640625,0.3777773745639268,14.994903734331487
106.66666666666318,17.219675064086914,-65.0902328491211,0.09023284912109375,0.37351265043590554,14.97670016410483
106.6999999999965,17.20782470703125,-65.09358215332031,0.0935821533203125,0.36943730302863065,14.892473738267398
106.73333333332984,17.196056365966797,-65.09673309326172,0.09673309326171875,0.3654860414999164,14.859917667128464
106.76666666666317,17.184368133544922,-65.09969329833984,0.09969329833984375,0.36171789025025325,14.859917667128464
106.7999999999965,17.172760009765625,-65.10247802734375,0.10247802734375,0.3581241795391744,14.731643520780825
106.83333333332983,17.161224365234375,-65.10508728027344,0.1050872802734375,0.35481173323636966,14.740339668284578
106.86666666666316,17.14976692199707,-65.10752868652344,0.1075286865234375,0.3514400702996717,14.678603109325639
106.8999999999965,17.138378143310547,-65.10980987548828,0.10980987548828125,0.3484498425276468,14.676345782609706
106.93333333332983,17.127063751220703,-65.11193084716797,0.11193084716796875,0.3453441621135063,14.612460139967524
106.96666666666316,17.115816116333008,-65.11389923095703,0.11389923095703125,0.34255721095482766,14.559661560526013
106.99999999999649,17.104637145996094,-65.11573028564453,0.11573028564453125,0.3398380866765793,14.53679642844625
107.03333333332982,17.093523025512695,-65.11741638183594,0.1174163818359375,0.3372386914895061,14.492625734832364
107.06666666666315,17.082475662231445,-65.11896514892578,0.11896514892578125,0.33466195402203175,14.461519371118715
107.09999999999648,17.071489334106445,-65.1203842163086,0.12038421630859375,0.33232791353784213,14.45340013699382
107.13333333332982,17.060565948486328,-65.1216812133789,0.12168121337890625,0.33000348380822275,14.366938580431231
107.16666666666315,17.049699783325195,-65.12285614013672,0.12285614013671875,0.32788503835295113,14.35508816588612
107.19999999999648,17.038894653320312,-65.12390899658203,0.12390899658203125,0.3256891263232002,14.35121589340307
107.23333333332981,17.028146743774414,-65.1248550415039,0.12485504150390625,0.32368395780594106,14.325300618234758
107.26666666666314,17.0174560546875,-65.12569427490234,0.12569427490234375,0.321707368994098,14.2443967506359
107.29999999999647,17.006820678710938,-65.12642669677734,0.12642669677734375,0.3198169751111394,14.23490051241595
107.3333333333298,16.996238708496094,-65.1270523071289,0.12705230712890625,0.318013417556304,14.228496332375332
107.36666666666314,16.9857120513916,-65.1275863647461,0.12758636474609375,0.31620587376048004,14.186687527286669
107.39999999999647,16.975236892700195,-65.1280288696289,0.12802886962890625,0.3145350285156029,14.15457308221421
107.4333333333298,16.964811325073242,-65.12837982177734,0.12837982177734375,0.31294418828155174,14.115842084663067
107.46666666666313,16.954435348510742,-65.12864685058594,0.1286468505859375,0.3113823607867849,14.156496460372946
107.49999999999646,16.944108963012695,-65.12882232666016,0.12882232666015625,0.30983628963729604,14.086491869569077
107.5333333333298,16.93383026123047,-65.1289291381836,0.12892913818359375,0.30837770205794374,14.067810082147933
107.56666666666312,16.923599243164062,-65.12894439697266,0.12894439697265625,0.30693088335193197,14.044526416711491
107.59999999999646,16.913414001464844,-65.12889862060547,0.12889862060546875,0.3055603370082047,14.00479007191153
107.63333333332979,16.90327262878418,-65.12876892089844,0.1287689208984375,0.3042660606704452,13.99539588166396
107.66666666666312,16.893178939819336,-65.12857818603516,0.12857818603515625,0.30286472728987684,13.979409617381158
107.69999999999645,16.883127212524414,-65.1283187866211,0.12831878662109375,0.3016522148116007,13.977088158560685
107.73333333332978,16.873117446899414,-65.12799072265625,0.12799072265625,0.3004542069088309,13.96908675512225
107.76666666666311,16.863149642944336,-65.12760925292969,0.1276092529296875,0.2992530222992565,13.935621453328745
107.79999999999644,16.853225708007812,-65.12715911865234,0.12715911865234375,0.2980241516098841,13.91995960595171
107.83333333332978,16.843341827392578,-65.12666320800781,0.1266632080078125,0.29688940877910874,13.89442297816456
107.86666666666311,16.833498001098633,-65.1260986328125,0.1260986328125,0.29580009318943445,13.894547065755491
107.89999999999644,16.823692321777344,-65.12548828125,0.12548828125,0.29473969597531635,13.894547065755491
107.93333333332977,16.813928604125977,-65.12483215332031,0.1248321533203125,0.2935721676388306,13.889437463562397
107.9666666666631,16.804203033447266,-65.12411499023438,0.124114990234375,0.2925592984791118,13.860213416195636
107.99999999999643,16.79451560974121,-65.12335968017578,0.12335968017578125,0.29150472416535367,13.86176329192757
108.03333333332976,16.78486442565918,-65.12255859375,0.12255859375,0.2905312105129876,13.826059925709723
108.0666666666631,16.775251388549805,-65.12171173095703,0.12171173095703125,0.28950801914748775,13.823738074858428
108.09999999999643,16.765674591064453,-65.12081909179688,0.120819091796875,0.2885492492991663,13.836451683691084
108.13333333332976,16.756134033203125,-65.11988830566406,0.1198883056640625,0.28757563599398916,13.834991276574009
108.16666666666309,16.746625900268555,-65.1189193725586,0.11891937255859375,0.286721260003336,13.852313587523298
108.19999999999642,16.737154006958008,-65.11791229248047,0.11791229248046875,0.2857584221910616,13.852313587523298
108.23333333332975,16.72771644592285,-65.11687469482422,0.11687469482421875,0.2848328465428443,13.801374174239049
108.26666666666308,16.718311309814453,-65.11579132080078,0.11579132080078125,0.28401981628566575,13.814236917108376
108.29999999999642,16.708940505981445,-65.11468505859375,0.11468505859375,0.2830763192015143,13.785685243402781
108.33333333332975,16.699602127075195,-65.11354064941406,0.1135406494140625,0.2822472208375543,13.809517370323233
108.36666666666308,16.69029426574707,-65.11236572265625,0.11236572265625,0.28145170429550753,13.81763451618348
108.39999999999641,16.681018829345703,-65.11116790771484,0.11116790771484375,0.28057375672485335,13.763317374432372
108.43333333332974,16.671775817871094,-65.10993194580078,0.10993194580078125,0.2797584255665882,13.79219326443384
108.46666666666307,16.66256332397461,-65.10867309570312,0.108673095703125,0.27894313511003976,13.811557581485932
108.4999999999964,16.65338134765625,-65.10739135742188,0.107391357421875,0.2781301636271778,13.779125773829342
108.53333333332974,16.644229888916016,-65.1060791015625,0.1060791015625,0.277351926734264,13.80212820471462
108.56666666666307,16.635108947753906,-65.10474395751953,0.10474395751953125,0.27654431754842196,13.803052618167227
108.5999999999964,16.62601661682129,-65.10338592529297,0.10338592529296875,0.2757956852181496,13.818036341206167
108.63333333332973,16.616954803466797,-65.10200500488281,0.1020050048828125,0.27499284028089743,13.785139381543967
108.66666666666306,16.607921600341797,-65.10060119628906,0.1006011962890625,0.2742489626942215,13.828597505272665
108.6999999999964,16.59891700744629,-65.09917449951172,0.09917449951171875,0.2735074792715576,13.832502499590996
108.73333333332972,16.589941024780273,-65.09773254394531,0.0977325439453125,0.27273201243802064,13.813246157032347
108.76666666666306,16.580991744995117,-65.09627532958984,0.09627532958984375,0.27201429027849156,13.813948870183598
108.79999999999639,16.572071075439453,-65.09478759765625,0.09478759765625,0.2713162775522833,13.825361878381376
108.83333333332972,16.56317901611328,-65.09329223632812,0.093292236328125,0.27050756386029357,13.84271327200024
108.86666666666305,16.55426788330078,-65.09176635742188,0.091766357421875,0.271224879011306,13.840857837089127
108.89999999999638,16.54533576965332,-65.09021759033203,0.09021759033203125,0.27196176264093985,13.870242656951527
108.93333333332971,16.536352157592773,-65.08863067626953,0.08863067626953125,0.27368087932215357,13.89786250942674
108.96666666666304,16.52731704711914,-65.08700561523438,0.087005615234375,0.27540268730507916,13.856489047862194
108.99999999999638,16.518218994140625,-65.0853500366211,0.08535003662109375,0.27742378717436644,13.886264742276591
109.03333333332971,16.509056091308594,-65.08366394042969,0.0836639404296875,0.27950230376211366,13.918920209291874
109.06666666666304,16.499835968017578,-65.08193969726562,0.081939697265625,0.28139886138950626,13.885544333395273
109.09999999999637,16.490556716918945,-65.08018493652344,0.0801849365234375,0.28331134391764234,13.885544333395273
109.1333333333297,16.481225967407227,-65.07839965820312,0.078399658203125,0.2850001659969267,13.87625233692429
109.16666666666303,16.47184181213379,-65.07658386230469,0.0765838623046875,0.28674646719129876,13.88060937409256
109.19999999999636,16.4624080657959,-65.07474517822266,0.07474517822265625,0.28833781612730214,13.877317759072303
109.2333333333297,16.45292854309082,-65.07286834716797,0.07286834716796875,0.2899059519422428,13.86723722109872
109.26666666666303,16.443403244018555,-65.07097625732422,0.07097625732421875,0.2913420562734355,13.87880964385462
109.29999999999636,16.433834075927734,-65.06905364990234,0.06905364990234375,0.2928119832317664,13.850673164368413
109.33333333332969,16.424226760864258,-65.06710815429688,0.067108154296875,0.2940695670956478,13.852428597522906
109.36666666666302,16.414579391479492,-65.06513977050781,0.0651397705078125,0.2953838920937318,13.817661889232449
109.39999999999635,16.404895782470703,-65.06314849853516,0.06314849853515625,0.2965867541778768,13.822517967916689
109.43333333332968,16.39517593383789,-65.06114196777344,0.0611419677734375,0.2977439517912322,13.81116818840613
109.46666666666302,16.38542366027832,-65.0591049194336,0.05910491943359375,0.29888252703629054,13.817675717115566
109.49999999999635,16.375640869140625,-65.05706024169922,0.05706024169921875,0.29982551347925174,13.807655581418445
109.53333333332968,16.365827560424805,-65.05499267578125,0.05499267578125,0.3008625451920308,13.803639381404734
109.56666666666301,16.355987548828125,-65.05290222167969,0.0529022216796875,0.30178840918129574,13.75079312554114
109.59999999999634,16.346120834350586,-65.0508041381836,0.05080413818359375,0.3026195764389243,13.729848822947885
109.63333333332967,16.33622932434082,-65.0486831665039,0.04868316650390625,0.3034904315219789,13.741208133044386
109.666666666663,16.32631492614746,-65.04655456542969,0.0465545654296875,0.3042098135542106,13.739958327608582
109.69999999999634,16.316377639770508,-65.04440307617188,0.044403076171875,0.30502575285974576,13.703698393796616
109.73333333332967,16.30640411376953,-65.042236328125,0.042236328125,0.3061852644914725,13.72517545451754
109.766666666663,16.29639434814453,-65.04005432128906,0.0400543212890625,0.3073449292400294,13.692476064408861
109.79999999999633,16.286352157592773,-65.03785705566406,0.0378570556640625,0.30839294832106406,13.646164235369483
109.83333333332966,16.276275634765625,-65.03564453125,0.03564453125,0.3094970418468964,13.614528413555933
109.866666666663,16.266170501708984,-65.03341674804688,0.033416748046875,0.31043366261293776,13.657488155803804
109.89999999999633,16.25603485107422,-65.03118133544922,0.03118133544921875,0.31137699809813596,13.583417076494701
109.93333333332966,16.245874404907227,-65.0289306640625,0.0289306640625,0.31220212876117076,13.591047500542757
109.96666666666299,16.235689163208008,-65.02666473388672,0.02666473388671875,0.313027521521221,13.589586509895726
109.99999999999632,16.225481033325195,-65.02438354492188,0.024383544921875,0.31379733096048634,13.514860607542284
110.03333333332965,16.21525001525879,-65.02210235595703,0.02210235595703125,0.3144674838383301,13.466711078884497
110.06666666666298,16.204998016357422,-65.01980590820312,0.019805908203125,0.31518159588410233,13.448187905717763
110.09999999999631,16.194726943969727,-65.01749420166016,0.01749420166015625,0.31584018683611725,13.464482493067438
110.13333333332965,16.184436798095703,-65.01518249511719,0.0151824951171875,0.3163984518365055,13.45769591018783
110.16666666666298,16.174131393432617,-65.01286315917969,0.0128631591796875,0.31689527610054263,13.390141808951444
110.19999999999631,16.163808822631836,-65.01052856445312,0.010528564453125,0.31749837862104363,13.410306777746804
110.23333333332964,16.153472900390625,-65.00819396972656,0.0081939697265625,0.3178890671323679,13.372746662535546
110.26666666666297,16.143123626708984,-65.00585174560547,0.00585174560546875,0.31833022416013124,13.338883164662425
110.2999999999963,16.132761001586914,-65.00350189208984,0.00350189208984375,0.31877143828911675,13.317183276555964
110.33333333332963,16.12238883972168,-65.00114440917969,0.0011444091796875,0.3191011135788638,13.3017116277497
110.36666666666297,16.11200523376465,-64.99878692626953,0.00121307373046875,0.31943590672984196,13.278702248262796
110.3999999999963,16.101613998413086,-64.99642181396484,0.00357818603515625,0.3197098301754449,13.230639474771982
110.43333333332963,16.09121322631836,-64.99405670166016,0.00594329833984375,0.3199888040888373,13.19488753617552
110.46666666666296,16.080806732177734,-64.99169158935547,0.00830841064453125,0.32015619447604327,13.172592676172608
110.49999999999629,16.07039451599121,-64.98931884765625,0.01068115234375,0.3203743656685112,13.158862538831432
110.53333333332962,16.059978485107422,-64.9869384765625,0.0130615234375,0.32053686110088386,13.108863533276333
110.56666666666295,16.049556732177734,-64.98456573486328,0.01543426513671875,0.32065332302783844,13.070922300223378
110.59999999999629,16.03913116455078,-64.98218536376953,0.01781463623046875,0.3208157792243396,13.078244879792189
110.63333333332962,16.028703689575195,-64.97980499267578,0.02019500732421875,0.32087156436709746,13.075859804488827
110.66666666666295,16.018274307250977,-64.97742462158203,0.02257537841796875,0.32092735001526185,12.9940495273974
110.69999999999628,16.007844924926758,-64.97504425048828,0.02495574951171875,0.32092735001526185,12.98132859567674
110.73333333332961,15.997414588928223,-64.97266387939453,0.02733612060546875,0.3209552430287891,12.94595013097486
110.76666666666294,15.986983299255371,-64.97028350830078,0.02971649169921875,0.32098313616856916,12.916194473663825
110.79999999999627,15.976553916931152,-64.96790313720703,0.03209686279296875,0.32092735001526185,12.902566778548623
110.8333333333296,15.966126441955566,-64.96552276611328,0.03447723388671875,0.32087156436709746,12.843259953817002
110.86666666666294,15.95570182800293,-64.96315002441406,0.0368499755859375,0.3207370126902221,12.822492791193483
110.89999999999627,15.945279121398926,-64.96076965332031,0.0392303466796875,0.320732102458417,12.774241907396801
110.9333333333296,15.93486213684082,-64.9583969116211,0.04160308837890625,0.3205138427736271,12.75894217035235
110.96666666666293,15.924448013305664,-64.95602416992188,0.043975830078125,0.32043015613240294,12.71588112834413
110.99999999999626,15.914039611816406,-64.95365905761719,0.0463409423828125,0.3202119922767285,12.684997318608314
111.0333333333296,15.90363597869873,-64.9512939453125,0.0487060546875,0.32007249871690957,12.661646361612625
111.06666666666293,15.89323902130127,-64.94892883300781,0.0510711669921875,0.319877213012371,12.616832167310735
111.09999999999626,15.882847785949707,-64.94657135009766,0.05342864990234375,0.31965911221630605,12.559759319749046
111.13333333332959,15.872464179992676,-64.9442138671875,0.0557861328125,0.31943590672984196,12.578987587803523
111.16666666666292,15.86208724975586,-64.94186401367188,0.058135986328125,0.31918998013124533,12.56149387805289
111.19999999999625,15.85171890258789,-64.93952178955078,0.06047821044921875,0.3188883396207254,12.462855534303117
111.23333333332958,15.84135913848877,-64.93717193603516,0.06282806396484375,0.3186877333078575,12.441515077760133
111.26666666666291,15.831007957458496,-64.9348373413086,0.06516265869140625,0.3183355982809769,12.39712448950489
111.29999999999625,15.82066535949707,-64.93250274658203,0.06749725341796875,0.318084420580581,12.399944821246876
111.33333333332958,15.810333251953125,-64.93017578125,0.06982421875,0.31772707243877446,12.34785598540791
111.36666666666291,15.800009727478027,-64.92784881591797,0.07215118408203125,0.31747587738279276,12.34782389474839
111.39999999999624,15.789697647094727,-64.925537109375,0.074462890625,0.31704051803391814,12.270628127904521
111.43333333332957,15.779396057128906,-64.92322540283203,0.07677459716796875,0.316733434717942,12.250617285647166
111.4666666666629,15.769105911254883,-64.92091369628906,0.0790863037109375,0.3163984518365055,12.21932672695413
111.49999999999623,15.758825302124023,-64.91861724853516,0.08138275146484375,0.3160192031335077,12.174435045710178
111.53333333332957,15.748558044433594,-64.91632080078125,0.08367919921875,0.31562830590949503,12.138145566307687
111.5666666666629,15.738301277160645,-64.91403198242188,0.085968017578125,0.3152712608790862,12.089476491174027
111.59999999999623,15.728058815002441,-64.91175079345703,0.08824920654296875,0.3148025869334512,12.08184627295478
111.63333333332956,15.717826843261719,-64.90946960449219,0.0905303955078125,0.3144954084190177,12.06361842177195
111.66666666666289,15.707609176635742,-64.9072036743164,0.09279632568359375,0.31397712616845225,12.010864739490284
111.69999999999622,15.697404861450195,-64.90494537353516,0.09505462646484375,0.3135365588605565,11.977276667309821
111.73333333332955,15.687213897705078,-64.9026870727539,0.09731292724609375,0.3131454901888235,11.977276667309821
111.76666666666289,15.677035331726074,-64.90043640136719,0.0995635986328125,0.3127328802219831,11.90264965830761
111.79999999999622,15.666872024536133,-64.89820098876953,0.10179901123046875,0.31218727435144994,11.90264965830761
111.83333333332955,15.656722068786621,-64.89596557617188,0.104034423828125,0.3117960937518712,11.799263275849446
111.86666666666288,15.646588325500488,-64.89373779296875,0.10626220703125,0.3112718970457034,11.786702884305054
111.89999999999621,15.636468887329102,-64.89151763916016,0.10848236083984375,0.31080363681028367,11.757003226578709
111.93333333332954,15.626364707946777,-64.8893051147461,0.11069488525390625,0.31030748419222437,11.70673699894877
111.96666666666287,15.616275787353516,-64.88710021972656,0.1128997802734375,0.30981138246659806,11.67468433677635
111.9999999999962,15.606201171875,-64.8849105834961,0.11508941650390625,0.3092945933500216,11.622596052051609
112.03333333332954,15.596141815185547,-64.88272094726562,0.117279052734375,0.3088472882262107,11.607660080485742
112.06666666666287,15.586098670959473,-64.88053894042969,0.1194610595703125,0.30832338510081475,11.597147830304648
112.0999999999962,15.576071739196777,-64.87836456298828,0.12163543701171875,0.3077995289929796,11.543909579075734
112.13333333332953,15.566060066223145,-64.87620544433594,0.1237945556640625,0.3072553501198662,11.493623601005549
112.16666666666286,15.55606460571289,-64.8740463256836,0.12595367431640625,0.3067799239687134,11.47790523705044
112.1999999999962,15.546085357666016,-64.87190246582031,0.1280975341796875,0.30620805676043555,11.419417140474096
112.23333333332953,15.536123275756836,-64.86975860595703,0.13024139404296875,0.3057045795710855,11.420537049207063
112.26666666666286,15.526177406311035,-64.86763000488281,0.1323699951171875,0.3051329798783981,11.380998167114008
112.29999999999619,15.516246795654297,-64.86550903320312,0.134490966796875,0.30463747962715343,11.32359822511873
112.33333333332952,15.50633430480957,-64.86338806152344,0.1366119384765625,0.3041058961143994,11.332038856491572
112.36666666666285,15.496438980102539,-64.86128234863281,0.1387176513671875,0.30350672159244624,11.251863621508196
112.39999999999618,15.486559867858887,-64.85918426513672,0.14081573486328125,0.30298338530575625,11.25727126732759
112.43333333332951,15.476698875427246,-64.85710144042969,0.1428985595703125,0.3023567387166758,11.201007576721333
112.46666666666285,15.466854095458984,-64.85501861572266,0.14498138427734375,0.3018808808873731,11.159922386449216
112.49999999999618,15.457027435302734,-64.85294342041016,0.14705657958984375,0.3013017040614074,11.160511278836204
112.53333333332951,15.44721794128418,-64.85088348388672,0.14911651611328125,0.300703442352406,11.099887457314715
112.56666666666284,15.437426567077637,-64.84883117675781,0.1511688232421875,0.3001244342993801,11.0860558340125
112.59999999999617,15.427653312683105,-64.84678649902344,0.1532135009765625,0.2995454684149068,11.050096200557025
112.6333333333295,15.41789722442627,-64.8447494506836,0.15525054931640625,0.29899455114203843,10.989298872229313
112.66666666666283,15.408159255981445,-64.84272003173828,0.15727996826171875,0.2984156725428257,10.973763217536376
112.69999999999617,15.398439407348633,-64.8406982421875,0.1593017578125,0.29783683685735,10.905898865390759
112.7333333333295,15.388737678527832,-64.83869171142578,0.16130828857421875,0.2972116031198515,10.929251303196473
112.76666666666283,15.379054069519043,-64.83668518066406,0.1633148193359375,0.29667929523231296,10.903692516354836
112.79999999999616,15.369388580322266,-64.8346939086914,0.16530609130859375,0.2960543209174547,10.842333316197237
112.83333333332949,15.359742164611816,-64.83271026611328,0.16728973388671875,0.2954477221826168,10.795418833075603
112.86666666666282,15.350113868713379,-64.83073425292969,0.1692657470703125,0.29486918965643766,10.760063450975899
112.89999999999615,15.340502738952637,-64.82876586914062,0.171234130859375,0.2943187303196679,10.755763978518672
112.93333333332949,15.330911636352539,-64.82681274414062,0.173187255859375,0.29363847111048397,10.719505703231935
112.96666666666282,15.321338653564453,-64.82485961914062,0.175140380859375,0.2931058291026522,10.673563669995055
112.99999999999615,15.311784744262695,-64.82292175292969,0.1770782470703125,0.29245385543353153,10.64137512483633
113.03333333332948,15.30224895477295,-64.82099151611328,0.17900848388671875,0.2918756341734369,10.612008283069521
113.06666666666281,15.292732238769531,-64.8190689086914,0.18093109130859375,0.2912694156782076,10.60413967915311
113.09999999999614,15.283232688903809,-64.81715393066406,0.1828460693359375,0.2907193313952559,10.547504819183112
113.13333333332947,15.27375316619873,-64.81525421142578,0.18474578857421875,0.29004009293604366,10.514794401741645
113.1666666666628,15.264291763305664,-64.8133544921875,0.1866455078125,0.2895071158025293,10.509851623133157
113.19999999999614,15.254849433898926,-64.81147003173828,0.18852996826171875,0.2888561895286681,10.46090983257692
113.23333333332947,15.245426177978516,-64.8095932006836,0.19040679931640625,0.28825027711078793,10.441948045141846
113.2666666666628,15.236021995544434,-64.80772399902344,0.1922760009765625,0.2876444087581838,10.403008687453259
113.29999999999613,15.226635932922363,-64.80586242675781,0.1941375732421875,0.28706664829097206,10.380555558853375
113.33333333332946,15.217269897460938,-64.80400848388672,0.19599151611328125,0.28643280536727656,10.343257920479493
113.3666666666628,15.207921981811523,-64.80216217041016,0.19783782958984375,0.2858551388344575,10.310700372154656
113.39999999999613,15.198594093322754,-64.80033111572266,0.19966888427734375,0.2851772053211501,10.298506114952287
113.43333333332946,15.189284324645996,-64.79850769042969,0.2014923095703125,0.28459972830697006,10.247453874315251
113.46666666666279,15.179994583129883,-64.79669189453125,0.20330810546875,0.28396614404341064,10.236070111024137
113.49999999999612,15.170722961425781,-64.79488372802734,0.20511627197265625,0.2833887640977217,10.234660895619877
113.53333333332945,15.161471366882324,-64.79308319091797,0.20691680908203125,0.2827552686173759,10.203822732957784
113.56666666666278,15.152237892150879,-64.79129028320312,0.208709716796875,0.2821779869535659,10.152542858017808
113.59999999999611,15.143024444580078,-64.78951263427734,0.21048736572265625,0.28150113083059447,10.101396007712749
113.63333333332945,15.133830070495605,-64.78773498535156,0.2122650146484375,0.2809393092069856,10.075638396409769
113.66666666666278,15.124654769897461,-64.78597259521484,0.21402740478515625,0.2802908204959332,10.073266536917194
113.69999999999611,15.115499496459961,-64.78421783447266,0.21578216552734375,0.27965763940923183,10.006183348509442
113.73333333332944,15.106363296508789,-64.782470703125,0.217529296875,0.2790526039018101,10.000618666006359
113.76666666666277,15.097246170043945,-64.78073120117188,0.219268798828125,0.27844761772870674,9.975098102122722
113.7999999999961,15.088149070739746,-64.77899932861328,0.22100067138671875,0.277814575713199,9.934517222285015
113.83333333332943,15.079070091247559,-64.77727508544922,0.22272491455078125,0.2772377946773125,9.926573882395259
113.86666666666277,15.070011138916016,-64.77555847167969,0.2244415283203125,0.2766048484047611,9.879926985408824
113.8999999999961,15.0609712600708,-64.77385711669922,0.22614288330078125,0.2759576352905565,9.853055413014761
113.93333333332943,15.05195140838623,-64.77215576171875,0.22784423828125,0.2753672091282667,9.810625702465172
113.96666666666276,15.042949676513672,-64.77046966552734,0.22953033447265625,0.2747484073928377,9.810625702465172
113.99999999999609,15.033968925476074,-64.76879119873047,0.23120880126953125,0.2740876246545452,9.754688488863842
114.03333333332942,15.025007247924805,-64.7671127319336,0.23288726806640625,0.27352517944245297,9.738447719518689
114.06666666666275,15.016064643859863,-64.76544952392578,0.23455047607421875,0.27287870108457046,9.73019291062156
114.09999999999609,15.007142066955566,-64.7637939453125,0.2362060546875,0.2722461886639768,9.697000886667045
114.13333333332942,14.998238563537598,-64.76214599609375,0.23785400390625,0.27164185753897346,9.666393131771114
114.16666666666275,14.989354133605957,-64.76050567626953,0.23949432373046875,0.27103758024001245,9.641936611487013
114.19999999999608,14.980488777160645,-64.75888061523438,0.241119384765625,0.2703919958937104,9.61900708954216
114.23333333332941,14.971641540527344,-64.75725555419922,0.24274444580078125,0.2698573279943352,9.597911476347067
114.26666666666274,14.962814331054688,-64.7556381225586,0.24436187744140625,0.2692250749236081,9.557268558261647
114.29999999999607,14.95400619506836,-64.7540283203125,0.2459716796875,0.2686210165691793,9.565150522557067
114.3333333333294,14.945218086242676,-64.75242614746094,0.2475738525390625,0.2679888675309249,9.522450937055922
114.36666666666274,14.936448097229004,-64.75083923339844,0.2491607666015625,0.267372218428761,9.489801787438493
114.39999999999607,14.927698135375977,-64.74925231933594,0.2507476806640625,0.26678102594463976,9.467836628447392
114.4333333333294,14.918966293334961,-64.7476806640625,0.2523193359375,0.26616470305995615,9.448722466788771
114.46666666666273,14.91025447845459,-64.74610900878906,0.2538909912109375,0.26557341155985703,9.401058400275234
114.49999999999606,14.901561737060547,-64.74454498291016,0.25545501708984375,0.2649696905388179,9.383797690345963
114.5333333333294,14.892888069152832,-64.74299621582031,0.2570037841796875,0.2643256987595321,9.38267819371665
114.56666666666273,14.884233474731445,-64.74144744873047,0.25855255126953125,0.2637624228118044,9.33051406969967
114.59999999999606,14.875597953796387,-64.73991394042969,0.2600860595703125,0.26311876135228407,9.325353711330013
114.63333333332939,14.866982460021973,-64.7383804321289,0.26161956787109375,0.26252722262077743,9.289636099700637
114.66666666666272,14.858384132385254,-64.73685455322266,0.26314544677734375,0.2619801330757928,9.303633225378654
114.69999999999605,14.849804878234863,-64.73534393310547,0.26465606689453125,0.26133698059000704,9.273255611502302
114.73333333332938,14.8412446975708,-64.73383331298828,0.26616668701171875,0.26077346399865337,9.228762724673333
114.76666666666272,14.83270263671875,-64.73233032226562,0.267669677734375,0.26019839784532944,9.188952071846966
114.79999999999605,14.824179649353027,-64.73084259033203,0.26915740966796875,0.2595557626951333,9.173028559957926
114.83333333332938,14.815675735473633,-64.72935485839844,0.2706451416015625,0.25899209991224476,9.141573764496115
114.86666666666271,14.807191848754883,-64.72787475585938,0.272125244140625,0.2583608593507339,9.149902079440242
114.89999999999604,14.798727035522461,-64.72640228271484,0.27359771728515625,0.25775786350572355,9.101206415889461
114.93333333332937,14.790281295776367,-64.72493743896484,0.27506256103515625,0.25715493066164535,9.062411989173613
114.9666666666627,14.781854629516602,-64.72348022460938,0.276519775390625,0.256552061262682,9.077180667054593
114.99999999999604,14.773447036743164,-64.72203063964844,0.2779693603515625,0.2559492557571543,9.031411849059154
115.03333333332937,14.765057563781738,-64.72058868408203,0.27941131591796875,0.2553747113231571,9.021701058047903
115.0666666666627,14.756688117980957,-64.71915435791016,0.28084564208984375,0.25474383824066565,9.036163848364072
115.09999999999603,14.748336791992188,-64.71772003173828,0.28227996826171875,0.2542080714773248,8.994028588124685
115.13333333332936,14.74000358581543,-64.71630096435547,0.28369903564453125,0.25359509001395353,8.957967772607523
115.16666666666269,14.731690406799316,-64.71488189697266,0.28511810302734375,0.25300282178627503,8.950240873965042
115.19999999999602,14.723395347595215,-64.7134780883789,0.28652191162109375,0.25239020819099295,8.910587146129705
115.23333333332936,14.715119361877441,-64.71207427978516,0.28792572021484375,0.2518260438314684,8.913361349774034
115.26666666666269,14.70686149597168,-64.71067810058594,0.2893218994140625,0.25125186388659015,8.866840132035186
115.29999999999602,14.698623657226562,-64.70928955078125,0.29071044921875,0.2506213318446506,8.861290221180653
115.33333333332935,14.690403938293457,-64.7079086303711,0.29209136962890625,0.250047292460036,8.839240116737814
115.36666666666268,14.682202339172363,-64.70653533935547,0.29346466064453125,0.249473326672512,8.817913696370136
115.39999999999601,14.674019813537598,-64.70516967773438,0.294830322265625,0.2488712150575725,8.78548477862474
115.43333333332934,14.665854454040527,-64.70380401611328,0.29619598388671875,0.24836327152329166,8.768393813353423
115.46666666666268,14.657709121704102,-64.70244598388672,0.29755401611328125,0.24773296381241883,8.741607432942532
115.499999999996,14.649580955505371,-64.70110321044922,0.29889678955078125,0.24714998206104744,8.756385634992395
115.53333333332934,14.641471862792969,-64.69976043701172,0.30023956298828125,0.24658544687493855,8.714183473466319
115.56666666666267,14.633381843566895,-64.69842529296875,0.30157470703125,0.24598357389133302,8.69255882139357
115.599999999996,14.625308990478516,-64.69709014892578,0.30290985107421875,0.24547547727180694,8.675572591896154
115.63333333332933,14.617256164550781,-64.69577026367188,0.304229736328125,0.2448082765252906,8.68008499498218
115.66666666666266,14.609220504760742,-64.69445037841797,0.30554962158203125,0.24430008761819308,8.66011676289863
115.699999999996,14.601202964782715,-64.6931381225586,0.30686187744140625,0.2437266223984521,8.62753626771538
115.73333333332933,14.593204498291016,-64.69183349609375,0.30816650390625,0.24312499827957904,8.620739953544561
115.76666666666266,14.585224151611328,-64.69053649902344,0.3094635009765625,0.2425516874308622,8.60540785157454
115.79999999999599,14.577261924743652,-64.68923950195312,0.310760498046875,0.2420151488718497,8.583341526401854
115.83333333332932,14.569317817687988,-64.68795776367188,0.312042236328125,0.24140530429161225,8.560333947664073
115.86666666666265,14.561392784118652,-64.68667602539062,0.313323974609375,0.24084042245240084,8.550123607015635
115.89999999999598,14.553484916687012,-64.6854019165039,0.31459808349609375,0.24029554447483284,8.541321999525552
115.93333333332932,14.5455961227417,-64.68413543701172,0.31586456298828125,0.23969425565531938,8.507894808411404
115.96666666666265,14.537723541259766,-64.68286895751953,0.31713104248046875,0.23921404336792965,8.502313316275213
115.99999999999598,14.52987003326416,-64.68161010742188,0.318389892578125,0.2386127873037557,8.474644725221706
116.03333333332931,14.52203369140625,-64.68035888671875,0.31964111328125,0.23806811266057257,8.468297751874976
116.06666666666264,14.514216423034668,-64.67911529541016,0.32088470458984375,0.23746701607282647,8.469572659225753
116.09999999999597,14.506416320800781,-64.67787170410156,0.3221282958984375,0.2369584410433717,8.430096043812734
116.1333333333293,14.498635292053223,-64.6766357421875,0.3233642578125,0.23635737602412932,8.401541686304617
116.16666666666264,14.49087142944336,-64.67540740966797,0.32459259033203125,0.2358129069051013,8.418847164212783
116.19999999999597,14.483125686645508,-64.67418670654297,0.32581329345703125,0.2352402662149248,8.395813882819764
116.2333333333293,14.475397109985352,-64.67296600341797,0.32703399658203125,0.23473157431450722,8.342549251456733
116.26666666666263,14.467687606811523,-64.67176055908203,0.32823944091796875,0.23409524068395487,8.352744841501947
116.29999999999596,14.459994316101074,-64.67054748535156,0.3294525146484375,0.23365025753877067,8.361638926123787
116.33333333332929,14.452319145202637,-64.66934967041016,0.33065032958984375,0.233042288133871,8.324168654893798
116.36666666666262,14.444662094116211,-64.66815185546875,0.33184814453125,0.2325052102138601,8.342655235712312
116.39999999999596,14.43702220916748,-64.66696166992188,0.333038330078125,0.2319610857433756,8.291000350570588
116.43333333332929,14.429399490356445,-64.66577911376953,0.33422088623046875,0.23141705428295414,8.295715540719456
116.46666666666262,14.421795845031738,-64.66459655761719,0.3354034423828125,0.23085163016458565,8.269986127359934
116.49999999999595,14.414209365844727,-64.66342163085938,0.336578369140625,0.23030763644974347,8.269169171032589
116.53333333332928,14.40664005279541,-64.6622543334961,0.33774566650390625,0.22976373703347422,8.249709597116919
116.56666666666261,14.399087905883789,-64.66108703613281,0.3389129638671875,0.2292547829340279,8.265712380016222
116.59999999999594,14.39155387878418,-64.65992736816406,0.3400726318359375,0.22868265067961296,8.202762470412413
116.63333333332928,14.38403606414795,-64.65877532958984,0.34122467041015625,0.22816716854772975,8.176173974696459
116.6666666666626,14.376537322998047,-64.65762329101562,0.342376708984375,0.22760158290037005,8.228055537614008
116.69999999999594,14.36905574798584,-64.65647888183594,0.3435211181640625,0.22705786339708717,8.150029312742404
116.73333333332927,14.361591339111328,-64.65534210205078,0.34465789794921875,0.22651424086190755,8.124230488245791
116.7666666666626,14.354145050048828,-64.65420532226562,0.345794677734375,0.22597685760719463,8.124230488245791
116.79999999999593,14.346714973449707,-64.653076171875,0.346923828125,0.22546156432108316,8.146848474538713
116.83333333332926,14.339303016662598,-64.6519546508789,0.34804534912109375,0.2248897985298361,8.139942289404653
116.8666666666626,14.331908226013184,-64.65083312988281,0.3491668701171875,0.22438062368218584,8.087198671470201
116.89999999999593,14.324530601501465,-64.64971923828125,0.35028076171875,0.22383719115095757,8.102762309085017
116.93333333332926,14.317170143127441,-64.64861297607422,0.35138702392578125,0.22329385838350696,8.074653945153281
116.96666666666259,14.30982780456543,-64.64750671386719,0.3524932861328125,0.22275631633450704,8.088188471454552
116.99999999999592,14.302501678466797,-64.64640808105469,0.3535919189453125,0.2222413235714579,8.054785204560043
117.03333333332925,14.295193672180176,-64.64530944824219,0.3546905517578125,0.22170375492488978,8.056803131773751
117.06666666666258,14.287901878356934,-64.64421844482422,0.35578155517578125,0.2211888131367027,8.035824624946004
117.09999999999592,14.280628204345703,-64.64313507080078,0.35686492919921875,0.22061738282981652,8.009814376784984
117.13333333332925,14.273371696472168,-64.64205169677734,0.35794830322265625,0.2201080307803493,8.039054765331361
117.16666666666258,14.266131401062012,-64.64097595214844,0.3590240478515625,0.21959324607021793,7.969730646448568
117.19999999999591,14.25890827178955,-64.63990020751953,0.36009979248046875,0.21908386680440997,8.009222052750937
117.23333333332924,14.251702308654785,-64.63883209228516,0.36116790771484375,0.21854083684326522,8.015927824827353
117.26666666666257,14.244513511657715,-64.63776397705078,0.36223602294921875,0.21803143162647903,7.9852426595071755
117.2999999999959,14.237340927124023,-64.63671112060547,0.36328887939453125,0.21748339713331388,7.957239663197672
117.33333333332924,14.230185508728027,-64.63565063476562,0.364349365234375,0.21700732331984,7.987183880679045
117.36666666666257,14.22304630279541,-64.63459777832031,0.3654022216796875,0.21649270481583732,7.921766236252011
117.3999999999959,14.215909004211426,-64.63355255126953,0.36644744873046875,0.21640281328616598,7.938997959796895
117.43333333332923,14.208772659301758,-64.63250732421875,0.36749267578125,0.21637450504088027,7.9438321458120225
117.46666666666256,14.201639175415039,-64.6314697265625,0.3685302734375,0.21625651697116177,7.894771762356645
117.4999999999959,14.194507598876953,-64.63042449951172,0.36957550048828125,0.21623296500681022,7.898679045396704
117.53333333332922,14.187378883361816,-64.62938690185547,0.37061309814453125,0.2161149564764221,7.881897033112844
117.56666666666256,14.180254936218262,-64.62835693359375,0.37164306640625,0.21594052832175356,7.854243345100059
117.59999999999589,14.173133850097656,-64.62732696533203,0.37267303466796875,0.21585558121462833,7.84602866826272
117.63333333332922,14.166016578674316,-64.62629699707031,0.3737030029296875,0.21574231949312614,7.847522703071834
117.66666666666255,14.158904075622559,-64.62527465820312,0.374725341796875,0.21556806066429177,7.805667563676082
117.69999999999588,14.151796340942383,-64.62425231933594,0.3757476806640625,0.2154264657344175,7.79097807904238
117.73333333332921,14.144693374633789,-64.62323760986328,0.37676239013671875,0.21525238471483799,7.782865454672408
117.76666666666254,14.13759708404541,-64.62222290039062,0.377777099609375,0.21505412780449493,7.7504038148104675
117.79999999999588,14.13050651550293,-64.6212158203125,0.3787841796875,0.21485189151001877,7.701345946670707
117.83333333332921,14.123422622680664,-64.62020874023438,0.379791259765625,0.21465361171196826,7.706354488142107
117.86666666666254,14.116344451904297,-64.61920166015625,0.38079833984375,0.2144836605451736,7.663651959264366
117.89999999999587,14.109272956848145,-64.61820220947266,0.38179779052734375,0.21425323707778782,7.614335080132422
117.9333333333292,14.102209091186523,-64.61720275878906,0.3827972412109375,0.2140266099785937,7.622510292323799
117.96666666666253,14.095152854919434,-64.6162109375,0.3837890625,0.21376800919171335,7.594451522579259
117.99999999999586,14.088104248046875,-64.61522674560547,0.38477325439453125,0.21350958591179725,7.5706351195854
