time_s,pos_x,pos_y,cte_m,speed_ms,heading_err_deg
0.03333333333333333,43.202999114990234,-64.46299743652344,2.8054202904684202,0.0,42.72097365189825
0.06666666666666667,43.20299530029297,-64.46296691894531,2.805436190290426,0.0009226521776159533,42.72109722341487
0.1,43.20298767089844,-64.46292114257812,2.80545854273996,0.0013922338555064895,42.818737813200315
0.13333333333333333,43.202980041503906,-64.46284484863281,2.8054997920488463,0.0023002339831056724,42.949667645467336
0.16666666666666666,43.20296859741211,-64.4627456665039,2.8055522202295298,0.0029952054584432373,43.11991465828586
0.19999999999999998,43.20295715332031,-64.4626235961914,2.8056188244086235,0.00367816742248265,43.30558369819448
0.2333333333333333,43.20294189453125,-64.46247100830078,2.805701336150419,0.004600467966211345,43.53566197433597
0.26666666666666666,43.20292663574219,-64.4623031616211,2.805793303964932,0.005056165016412626,43.85695809907139
0.3,43.20290756225586,-64.46212005615234,2.8058917347381733,0.00552288597656875,44.151471387171824
0.3333333333333333,43.20288848876953,-64.46190643310547,2.8060090771830146,0.006434185545442473,44.500827080997055
0.36666666666666664,43.2028694152832,-64.461669921875,2.806140609681603,0.007118372287025751,44.89831198570157
0.39999999999999997,43.202850341796875,-64.46141815185547,2.806281609363585,0.007574743992632864,45.304772605174655
0.4333333333333333,43.20283126831055,-64.46115112304688,2.8064320789086996,0.00803127413613407,45.753817673471026
0.4666666666666666,43.202816009521484,-64.46086120605469,2.8065997428222147,0.008709547847186484,46.20866541633769
0.49999999999999994,43.20280075073242,-64.4605484008789,2.8067816112252593,0.009395313607074185,46.73634065934022
0.5333333333333333,43.20278549194336,-64.46022033691406,2.8069729602551527,0.009852558860792946,47.23499278635553
0.5666666666666667,43.20277404785156,-64.45987701416016,2.8071767866909525,0.010305403074511162,47.81864889633994
0.6,43.20276641845703,-64.45951080322266,2.8073978233197856,0.010988712052146427,48.39364580918359
0.6333333333333333,43.202762603759766,-64.45913696289062,2.8076266137961063,0.011215793827973893,49.05438982697067
0.6666666666666666,43.202762603759766,-64.458740234375,2.807872621738198,0.01190185546875,49.69437135810942
0.7,43.20276641845703,-64.45832824707031,2.8081311203779635,0.012360148948334296,50.37674768866639
0.7333333333333333,43.20277786254883,-64.45790100097656,2.8084051050611727,0.012821980060642748,51.05834834061377
0.7666666666666666,43.20279312133789,-64.45746612548828,2.8086868531814577,0.013054293119750244,51.808952010950804
0.7999999999999999,43.20200729370117,-64.45762634277344,2.8079711684613566,0.02405982518191754,52.48872910913291
0.8333333333333333,43.200435638427734,-64.45836639404297,2.8062794971744656,0.052115243087342944,53.16609144673934
0.8666666666666666,43.19813919067383,-64.4596176147461,2.803702328792819,0.07845573899285324,53.77863851350527
0.8999999999999999,43.19512939453125,-64.46137237548828,2.8002533948645443,0.10451914788200546,54.41989283048468
0.9333333333333332,43.19145202636719,-64.46358489990234,2.7959970285599405,0.12874964391094335,54.98422471693313
0.9666666666666666,43.18711853027344,-64.46623229980469,2.7909564496254675,0.1523454074586057,55.5690148475772
0.9999999999999999,43.18213653564453,-64.46929168701172,2.7851519033692704,0.1753913011198032,56.06959652134234
1.0333333333333332,43.176517486572266,-64.4727554321289,2.778597158026882,0.1980255499728065,56.58399316914978
1.0666666666666667,43.170291900634766,-64.47659301757812,2.7713351585510813,0.219400282841039,57.093220376118026
1.1,43.16347122192383,-64.48078155517578,2.763389185242715,0.24012279099730294,57.60067345339894
1.1333333333333335,43.15609359741211,-64.48529815673828,2.754803443457743,0.2595113288457012,58.01813777531731
1.166666666666667,43.14817428588867,-64.4901123046875,2.7456089840205595,0.2780330266964617,58.43133709040954
1.2000000000000004,43.13974380493164,-64.49520874023438,2.7358393209610488,0.2955367963643205,58.86885826167388
1.2333333333333338,43.130821228027344,-64.50057220458984,2.725519021695609,0.31231589081397737,59.21501045166936
1.2666666666666673,43.121437072753906,-64.50617980957031,2.714686370681139,0.32795860017945333,59.62325050653722
1.3000000000000007,43.111602783203125,-64.51200866699219,2.7033647653139012,0.3429576458279321,59.900824148206475
1.3333333333333341,43.101356506347656,-64.51803588867188,2.691598491336597,0.3566261789570539,60.242422514500866
1.3666666666666676,43.090702056884766,-64.52426147460938,2.6793907322636885,0.3701995303349793,60.53213261737751
1.400000000000001,43.07966613769531,-64.5306625366211,2.6667768581035927,0.3827382872285026,60.79171114608463
1.4333333333333345,43.06825637817383,-64.53723907470703,2.653763052824773,0.3950824204903337,61.051689622433194
1.466666666666668,43.05651092529297,-64.54395294189453,2.6404031973373177,0.4058675995803179,61.294233333752686
1.5000000000000013,43.044429779052734,-64.55081176757812,2.626692777512515,0.4167707113177088,61.498759454288916
1.5333333333333348,43.03205108642578,-64.55779266357422,2.612676128733691,0.4263431083702131,61.70372057935447
1.5666666666666682,43.019378662109375,-64.56488800048828,2.598361297419947,0.435707160351069,61.89559110129194
1.6000000000000016,43.006431579589844,-64.57209014892578,2.583768210734061,0.44446383328118144,62.08077859744245
1.633333333333335,42.99321746826172,-64.57938385009766,2.568912723528762,0.4528020908509842,62.248682817005
1.6666666666666685,42.979759216308594,-64.58677673339844,2.5538081099533385,0.46065316911911813,62.36931890111394
1.700000000000002,42.966064453125,-64.59424591064453,2.5384750598190884,0.46797610264782913,62.480368579238316
1.7333333333333354,42.95215606689453,-64.60179138183594,2.522931647248299,0.4746994930823193,62.574771227016036
1.7666666666666688,42.938045501708984,-64.6093978881836,2.5071967303762284,0.48090569741400657,62.6945639254587
1.8000000000000023,42.923744201660156,-64.6170654296875,2.491279512080389,0.4868126315335939,62.75787298161628
1.8333333333333357,42.909263610839844,-64.62479400634766,2.475189176227844,0.4924190968347059,62.75787298161628
1.8666666666666691,42.894615173339844,-64.632568359375,2.458944611633608,0.49750935425040765,62.801724093867556
1.9000000000000026,42.87980651855469,-64.64038848876953,2.4425520696933547,0.502399852969553,62.83310650011804
1.933333333333336,42.864845275878906,-64.64825439453125,2.4260177919915304,0.5070898640973536,62.88403208111843
1.9666666666666694,42.8497314453125,-64.65615844726562,2.409347040118373,0.5116754162709355,62.849552682975194
2.0000000000000027,42.83448791503906,-64.66410827636719,2.3925528828320903,0.5157601168635764,62.84267578793626
2.033333333333336,42.81911087036133,-64.67208862304688,2.3756425519192805,0.519735983489824,62.826412315037636
2.066666666666669,42.803611755371094,-64.68010711669922,2.358620304504557,0.5235140163738373,62.78499779651355
2.1000000000000023,42.78799057006836,-64.68815612792969,2.341491441831454,0.5271880222895042,62.68429580372931
2.1333333333333355,42.77226638793945,-64.69624328613281,2.3242659925922005,0.5304590731459384,62.68429580372931
2.1666666666666687,42.756439208984375,-64.70435333251953,2.3069541930439574,0.5335215098416538,62.65430705971493
2.200000000000002,42.74052429199219,-64.71248626708984,2.289568063327933,0.5361774769923503,62.44473589215192
2.233333333333335,42.724525451660156,-64.72064971923828,2.27210591447966,0.5388361148389116,62.34297576745999
2.2666666666666684,42.70844268798828,-64.72884368896484,2.2545680982483542,0.541494953332609,62.240995123045835
2.3000000000000016,42.69228744506836,-64.737060546875,2.2369686274612075,0.5437442091145844,62.09357734833688
2.333333333333335,42.676055908203125,-64.74530029296875,2.219304991446515,0.5460957647036259,61.995469583680986
2.366666666666668,42.659759521484375,-64.75357055664062,2.201581205355587,0.5482449572594791,61.818241686126534
2.4000000000000012,42.643394470214844,-64.7618637084961,2.1837997567710605,0.5503927176816805,61.658121902357884
2.4333333333333345,42.6269645690918,-64.77019500732422,2.165953837495309,0.5526454306053318,61.51154297238426
2.4666666666666677,42.610477447509766,-64.77854919433594,2.1480595899230988,0.5544870213257528,61.332628268631254
2.500000000000001,42.59393310546875,-64.78693389892578,2.1301123328863096,0.5564320912439878,61.14174117068888
2.533333333333334,42.577335357666016,-64.79535675048828,2.11211019810573,0.5583786300624105,60.915987551332485
2.5666666666666673,42.56068801879883,-64.8038101196289,2.0940614303484195,0.5601196363884936,60.70012147127429
2.6000000000000005,42.54399108886719,-64.81229400634766,2.0759663791400693,0.5618606790823053,60.526092499205035
2.6333333333333337,42.52724838256836,-64.82081604003906,2.0578231258957147,0.5636035354765387,60.28172091314886
2.666666666666667,42.510475158691406,-64.8293685913086,2.0396484166432276,0.5648348919816445,60.07006636667165
2.7,42.49366760253906,-64.83795928955078,2.0214345905311433,0.5662725810881721,59.771222994740775
2.7333333333333334,42.476837158203125,-64.8465805053711,2.0031955272242032,0.567300887438886,59.564726225988466
2.7666666666666666,42.45997619628906,-64.85523986816406,1.9849207303834817,0.5686377938397569,59.305119242237964
2.8,42.44309616088867,-64.86393737792969,1.9666188902949726,0.5696701186804735,59.017680795296314
2.833333333333333,42.42619705200195,-64.87267303466797,1.948290251486315,0.5707034447353807,58.77828582428551
2.8666666666666663,42.4092903137207,-64.88143920898438,1.929948638682065,0.5713276208189784,58.483546923314734
2.8999999999999995,42.39237976074219,-64.89025115966797,1.9115866244760082,0.5720625395884132,58.2015215094219
2.9333333333333327,42.375465393066406,-64.89909362792969,1.8932148415899537,0.5725876098449174,57.90608963134962
2.966666666666666,42.35854721069336,-64.90797424316406,1.8748282801393283,0.5732200271918442,57.59758761198986
2.999999999999999,42.34163284301758,-64.91690063476562,1.8564273932821322,0.5737583731906344,57.28843725549921
3.0333333333333323,42.3247184753418,-64.92586517333984,1.8380148517953299,0.5742933981408394,57.01249397527515
3.0666666666666655,42.30781936645508,-64.93487548828125,1.8195965281969997,0.5745338030591889,56.62826691033451
3.0999999999999988,42.290931701660156,-64.94392395019531,1.8011750890027713,0.5747704730692896,56.335430946212234
3.133333333333332,42.27407455444336,-64.9530029296875,1.7827696608502204,0.5743972082257116,55.97206447677534
3.166666666666665,42.25724411010742,-64.96212768554688,1.764366917420905,0.574345299827952,55.64600713791422
3.1999999999999984,42.240440368652344,-64.9712905883789,1.7459722581955945,0.5741881779334382,55.30912907958753
3.2333333333333316,42.223670959472656,-64.9804916381836,1.7275911731647835,0.5738337403549172,54.942691563012154
3.266666666666665,42.20691680908203,-64.98974609375,1.7091994329621523,0.5742054099606174,54.59488302184875
3.299999999999998,42.190189361572266,-64.9990463256836,1.6908105879293165,0.5741703865487501,54.23618168351752
3.3333333333333313,42.17348098754883,-65.00840759277344,1.672408470768602,0.5745631171864632,53.8859480686596
3.3666666666666645,42.15678787231445,-65.01782989501953,1.6539904288245864,0.5750616386617868,53.8859480686596
3.3999999999999977,42.140106201171875,-65.0273208618164,1.6355483823725872,0.5757785534071729,53.12099252608412
3.433333333333331,42.12343978881836,-65.03688049316406,1.6170850151685041,0.5764028686747311,52.76724554102997
3.466666666666664,42.106781005859375,-65.0465087890625,1.598595060871,0.5772323781841893,52.39142081452085
3.4999999999999973,42.09013366699219,-65.05621337890625,1.5800757091047561,0.5780844746703967,51.999922879648686
3.5333333333333306,42.07349395751953,-65.06600952148438,1.5615132667368048,0.5792753288988093,51.606734318812826
3.5666666666666638,42.056861877441406,-65.07588195800781,1.542918792523226,0.58024303664156,51.18246720574712
3.599999999999997,42.04022979736328,-65.08584594726562,1.5242759870006783,0.5816497680644848,50.78221190263809
3.63333333333333,42.02360153198242,-65.09590148925781,1.505587465974622,0.5829681131070886,50.41591791102123
3.6666666666666634,42.00697708129883,-65.1060562133789,1.4868476218321802,0.58441569473799,49.99122832783527
3.6999999999999966,41.990352630615234,-65.1163101196289,1.46805384430723,0.5859722335772634,49.54394228484371
3.73333333333333,41.97373580932617,-65.12667083740234,1.4492056160692612,0.5874665099221554,49.149195326501605
3.766666666666663,41.95712661743164,-65.13712310791016,1.4303141786106666,0.5887305773798951,48.733799622486885
3.7999999999999963,41.94051742553711,-65.14768981933594,1.4113574118798504,0.59056632241484,48.347374019007106
3.8333333333333295,41.92391586303711,-65.15837097167969,1.3923403156596204,0.5922237782701926,47.884057811323444
3.8666666666666627,41.907310485839844,-65.1691665649414,1.373255216101377,0.5941843545250437,47.45350798714449
3.899999999999996,41.89071273803711,-65.1800765991211,1.3541096430355868,0.5958713536767907,47.058139847189985
3.933333333333329,41.874114990234375,-65.19110870361328,1.334892753773621,0.5978907136632461,46.60612698061652
3.9666666666666623,41.85751724243164,-65.2022705078125,1.3155987080596794,0.600053326458894,46.17817741353728
3.9999999999999956,41.84092330932617,-65.21356201171875,1.2962298858198131,0.6021386955978396,45.74306592323325
4.033333333333329,41.8243293762207,-65.22498321533203,1.2767837134317948,0.6043362119684046,45.74306592323325
4.066666666666662,41.807735443115234,-65.23653411865234,1.257260136402004,0.606550727541877,44.87690732300989
4.099999999999995,41.791141510009766,-65.24823760986328,1.2376415216609764,0.6091775522702202,44.44690183639899
4.133333333333328,41.7745475769043,-65.26007843017578,1.2179394510028594,0.611561343957837,44.01790060149863
4.166666666666662,41.75795364379883,-65.27205657958984,1.1981538789447814,0.6139635260868025,43.522680046980625
4.199999999999995,41.741355895996094,-65.2842025756836,1.1782586672342963,0.6170165377923899,43.09758527322478
4.233333333333328,41.72475051879883,-65.29650115966797,1.158263125969441,0.6199147908348172,42.657218404693104
4.266666666666661,41.7081413269043,-65.30896759033203,1.1381576753457714,0.6230163994648266,42.210651872289844
4.2999999999999945,41.6915283203125,-65.32159423828125,1.1179481651735603,0.6260046356116997,41.76085792426385
4.333333333333328,41.67491149902344,-65.33438873291016,1.0976285333513125,0.6291550351905136,41.29854320911426
4.366666666666661,41.65829086303711,-65.34735107421875,1.0771987054364978,0.6323298581527297,40.866309565095804
4.399999999999994,41.64167022705078,-65.36048889160156,1.0566549017573235,0.635580842660271,40.392697165952576
4.433333333333327,41.62505340576172,-65.3738021850586,1.0359993192412256,0.638769347404135,39.97795776466717
4.466666666666661,41.60841369628906,-65.38731384277344,1.0151975255977534,0.6430399233202807,39.52514018442823
4.499999999999994,41.59175491333008,-65.40103149414062,0.9942457195308688,0.6473948623796951,39.1032402895378
4.533333333333327,41.57510757446289,-65.41492462158203,0.9731865556010886,0.6504902714998237,38.60989198238494
4.56666666666666,41.558475494384766,-65.42898559570312,0.9520284079068112,0.6533784300566614,38.16313266515814
4.599999999999993,41.541847229003906,-65.4432373046875,0.930746043019177,0.6570002866791166,37.71224141755627
4.633333333333327,41.52523422241211,-65.45767211914062,0.9093523360579373,0.6602425847245159,37.26423736260688
4.66666666666666,41.50861740112305,-65.4723129272461,0.8878176257420863,0.6643980813942949,36.838677010006975
4.699999999999993,41.49201202392578,-65.48714447021484,0.8661632860106825,0.6679385427025545,36.370903724774024
4.733333333333326,41.47541046142578,-65.50218200683594,0.8443725827006688,0.6719861952190147,35.95645290544684
4.7666666666666595,41.45882034301758,-65.51742553710938,0.8224500012506518,0.6758975659046755,35.47766933935529
4.799999999999993,41.442230224609375,-65.53287506103516,0.8003894400520964,0.680093990929444,35.050452334286746
4.833333333333326,41.42565155029297,-65.54854583740234,0.778184919047282,0.6843852034022094,34.57772516475614
4.866666666666659,41.40907287597656,-65.56443786621094,0.7558305655146832,0.688961624162317,34.141026581047136
4.899999999999992,41.39250183105469,-65.58055114746094,0.7333311450451612,0.693407258542886,33.70842595240295
4.933333333333326,41.37593460083008,-65.5969009399414,0.7106724282993064,0.6982907333787572,33.227124698899665
4.966666666666659,41.359375,-65.61347961425781,0.6878637608685079,0.7029690886282932,32.803083322733194
4.999999999999992,41.34281921386719,-65.63030242919922,0.6648912208570894,0.7080897127662604,32.37275935379952
5.033333333333325,41.32627487182617,-65.64735412597656,0.6417731328595154,0.7127608679640971,31.90598566406748
5.066666666666658,41.30974197387695,-65.6646499633789,0.618497980668814,0.7177983250487808,31.47721965687273
5.099999999999992,41.2932243347168,-65.68217468261719,0.5950828259937616,0.7224634032427809,31.0773233262756
5.133333333333325,41.2767219543457,-65.69994354248047,0.5715168420299537,0.7274990342796813,30.588158123053343
5.166666666666658,41.2602424621582,-65.71795654296875,0.547806565839444,0.7324190497343885,30.188461651711105
5.199999999999991,41.2437858581543,-65.7362060546875,0.5239621821702057,0.7372096336746823,29.753018829491058
5.2333333333333245,41.22735595703125,-65.75469207763672,0.49998987681462137,0.7419617415021649,29.358329108737404
5.266666666666658,41.21095275878906,-65.77342224121094,0.47588827547463114,0.7469240564344842,28.91716679968195
5.299999999999991,41.194580078125,-65.79238891601562,0.4516726719539833,0.7516777785372668,28.49756497524279
5.333333333333324,41.1782341003418,-65.81160736083984,0.42733621035250835,0.7568920993348124,28.060598971924517
5.366666666666657,41.161922454833984,-65.8310775756836,0.40289283506034246,0.7619994361617929,27.669602914746598
5.399999999999991,41.1456413269043,-65.85079956054688,0.37835478458280647,0.7672213710848458,27.22046257468876
5.433333333333324,41.129398345947266,-65.87076568603516,0.3537501454781205,0.7721609531994262,26.832297275359203
5.466666666666657,41.11319351196289,-65.8909912109375,0.32908844231964063,0.7774970429736913,26.406167431172655
5.49999999999999,41.09702682495117,-65.91146850585938,0.304408652753381,0.7826961342865384,25.998243849642137
5.5333333333333234,41.080902099609375,-65.93219757080078,0.2797557699247852,0.7878647159405489,25.59494800025654
5.566666666666657,41.06482696533203,-65.95317077636719,0.2552003155823651,0.7927526501935074,25.20832478400973
5.59999999999999,41.048797607421875,-65.97439575195312,0.23082132316338674,0.7979322736122274,24.812775948080798
5.633333333333323,41.0328254699707,-65.9958724975586,0.2067499667031775,0.8029469465070738,24.391329571968686
5.666666666666656,41.016910552978516,-66.017578125,0.1832040045429025,0.8074509031167231,23.991972117982492
5.6999999999999895,41.00105667114258,-66.0395278930664,0.16047558586156094,0.8122955734787719,23.596071102404846
5.733333333333323,40.985260009765625,-66.06172943115234,0.13905400936889487,0.8174341096599226,23.220734018742608
5.766666666666656,40.96952819824219,-66.08417510986328,0.1197661716744384,0.8222946843700465,22.857094102696713
5.799999999999989,40.953861236572266,-66.10685729980469,0.1039439661082587,0.8270077905644836,22.458995166193777
5.833333333333322,40.938262939453125,-66.1297836303711,0.09349761071188983,0.8318840998789505,22.11550345994658
5.866666666666656,40.92273712158203,-66.1529541015625,0.08697536133826828,0.83673746194272,21.719458412085558
5.899999999999989,40.907283782958984,-66.17635345458984,0.08026312824053053,0.841250175053255,21.359348501868006
5.933333333333322,40.89190673828125,-66.19998931884766,0.07332535721088519,0.8459295620861702,20.974258025976237
5.966666666666655,40.876609802246094,-66.22386169433594,0.06615946081608465,0.8505868016642617,20.602906992620564
5.9999999999999885,40.861392974853516,-66.24797058105469,0.05876543905611364,0.8552842973197464,20.247678611563863
6.033333333333322,40.846256256103516,-66.2723159790039,0.05114329193099787,0.8600213894085329,19.8924414553053
6.066666666666655,40.831199645996094,-66.2968978881836,0.04329301944071163,0.8647974272399236,19.546369110770705
6.099999999999988,40.81623077392578,-66.32170867919922,0.035215052824148135,0.8692975518719468,19.1517540689418
6.133333333333321,40.80134963989258,-66.34674835205078,0.02690939208130738,0.8738363862672973,18.833834655265985
6.1666666666666545,40.786563873291016,-66.37201690673828,0.01837086234566365,0.878297714326955,18.491418440966587
6.199999999999988,40.77186965942383,-66.39750671386719,0.009607657155873826,0.8826580140570508,18.136009885705533
6.233333333333321,40.757266998291016,-66.4232177734375,0.0006197765119218551,0.8870550528288083,17.83758757554097
6.266666666666654,40.74276351928711,-66.44915008544922,0.008597954452681847,0.8913765413902779,17.496597810886065
6.299999999999987,40.728355407714844,-66.47531127929688,0.01804855441008853,0.8959919465888919,17.151525565818087
6.333333333333321,40.714046478271484,-66.50169372558594,0.027729004688146947,0.9003893827724059,16.809941356374352
6.366666666666654,40.69983673095703,-66.5282974243164,0.037639305286867535,0.9048239245256157,16.502059981480055
6.399999999999987,40.68572998046875,-66.55512237548828,0.04778204363950271,0.9092417573125924,16.16508144532343
6.43333333333332,40.67172622680664,-66.58214569091797,0.05814040142991296,0.9130871941371675,15.888883926976876
6.4666666666666535,40.65782928466797,-66.60939025878906,0.0687337844074854,0.9175251121137803,15.55029808988518
6.499999999999987,40.644039154052734,-66.6368408203125,0.07955098036145847,0.9215915186803352,15.234345566204812
6.53333333333332,40.6303596496582,-66.66449737548828,0.09059457672509022,0.9256416672794765,15.234345566204812
6.566666666666653,40.616790771484375,-66.6923599243164,0.10186457349838547,0.9297270964569415,14.928079883261713
6.599999999999986,40.60333251953125,-66.72042083740234,0.11335536457595581,0.9336409641641149,14.383236099646007
6.6333333333333195,40.58998489379883,-66.7486801147461,0.1250669499577908,0.9375880128368821,14.077345550108204
6.666666666666653,40.57675552368164,-66.77713012695312,0.13699889840503335,0.94126377039063,13.800164703120382
6.699999999999986,40.56364059448242,-66.80577850341797,0.1491542285897986,0.9452289446344416,13.52589815235446
6.733333333333319,40.55064010620117,-66.8346176147461,0.1615273344067182,0.9490186162411228,13.228931448182202
6.766666666666652,40.537757873535156,-66.86363983154297,0.17411519718365698,0.952584320487985,12.961099870796005
6.799999999999986,40.52499008178711,-66.89285278320312,0.18692083559273004,0.956437005629805,12.693962667475777
6.833333333333319,40.51234817504883,-66.92224884033203,0.19994640582834236,0.9599746781216622,12.419220305857214
6.866666666666652,40.499820709228516,-66.95182800292969,0.2131841455907054,0.9636793210772533,12.134409277793832
6.899999999999985,40.48741149902344,-66.9815902709961,0.22663664231308756,0.967369106666838,11.909041006048318
6.9333333333333185,40.475128173828125,-67.01152038574219,0.2402978586512322,0.9705785191891091,11.667132233333552
6.966666666666652,40.46296310424805,-67.04163360595703,0.25417383194940085,0.9743282068359894,11.38973573495204
6.999999999999985,40.45092010498047,-67.07190704345703,0.26825033132468545,0.9774269100463543,11.153977056483694
7.033333333333318,40.439002990722656,-67.10234069824219,0.28252994421034977,0.9805113259081916,10.908835229109279
7.066666666666651,40.42721176147461,-67.1329345703125,0.2970126706063929,0.9836240571942,10.67683558013241
7.0999999999999845,40.41554260253906,-67.16368865966797,0.3116959230795681,0.9868054287003537,10.427164313059093
7.133333333333318,40.40399932861328,-67.19458770751953,0.3265710768523502,0.989544591189752,10.21202223047717
7.166666666666651,40.39258575439453,-67.22563171386719,0.3416407193580028,0.992270127487577,9.995041006448739
7.199999999999984,40.38129806518555,-67.2568130493164,0.3568966570578843,0.994846142510386,9.739913627925096
7.233333333333317,40.370140075683594,-67.28811645507812,0.3723302651744807,0.9969772052598056,9.546515880498934
7.266666666666651,40.35911178588867,-67.31954956054688,0.38794714981319095,0.9993482704689617,9.328532489649422
7.299999999999984,40.34821319580078,-67.3510971069336,0.4037360987632381,1.001311267305744,9.090051207931758
7.333333333333317,40.33698654174805,-67.3820571899414,0.41887085833909604,0.9879818070001976,8.903385549936434
7.36666666666665,40.325439453125,-67.4124526977539,0.43337342172340987,0.9754485818142452,8.700494657321762
7.3999999999999835,40.31359100341797,-67.44229888916016,0.4472679382932202,0.9633601671891486,8.505669381781091
7.433333333333317,40.301456451416016,-67.47161865234375,0.4605815760976826,0.9519486745025236,8.292618684181168
7.46666666666665,40.2890510559082,-67.50041961669922,0.47333029097519114,0.9407711979855742,8.109774721393746
7.499999999999983,40.27638626098633,-67.52872467041016,0.48553866354165953,0.9302772631817822,7.946574837033552
7.533333333333316,40.26348114013672,-67.55655670166016,0.4972364492794805,0.920351941856809,7.725449266137972
7.5666666666666496,40.250335693359375,-67.58392333984375,0.5084292542940474,0.9108029923111461,7.566225530586057
7.599999999999983,40.236976623535156,-67.61083984375,0.5191464028289015,0.9014802472562398,7.397638399661882
7.633333333333316,40.22340393066406,-67.63732147216797,0.5293991070948091,0.8927178568262025,7.238336070475207
7.666666666666649,40.20964431762695,-67.66338348388672,0.5392166913352803,0.8841379220366737,7.101152925778394
7.699999999999982,40.195701599121094,-67.68902587890625,0.5486017429836036,0.875636134192841,6.905051431697273
7.733333333333316,40.18113327026367,-67.7136459350586,0.5568112374572068,0.858222018814651,6.782980997634117
7.766666666666649,40.16596221923828,-67.73726654052734,0.5638775176717559,0.842190247350807,6.6031790475449395
7.799999999999982,40.15021514892578,-67.75993347167969,0.5698523322923249,0.8279999952673426,6.477956900816354
7.833333333333315,40.1339111328125,-67.78167724609375,0.5747710429067063,0.815322881116798,6.388108988722581
7.8666666666666485,40.11708068847656,-67.80253601074219,0.5786823795078326,0.8040626389054506,6.251732831106439
7.899999999999982,40.09973907470703,-67.8225326538086,0.5816135101448546,0.794063959546814,6.1042241478293695
7.933333333333315,40.08192825317383,-67.84170532226562,0.5836209271104791,0.7850700105759791,5.978093170829502
7.966666666666648,40.06365966796875,-67.86009216308594,0.5847404232313707,0.7775830558030687,5.869312964496661
7.999999999999981,40.04495620727539,-67.87771606445312,0.5850043414232059,0.7709599257922252,5.780894501332026
8.033333333333315,40.025840759277344,-67.89459991455078,0.5844450246016356,0.7651263109170572,5.646589749481379
8.066666666666649,40.00634002685547,-67.91078186035156,0.5831086153263401,0.7602108532506556,5.543508932524704
8.099999999999982,39.98646926879883,-67.92627716064453,0.5810166755411127,0.7559472344174183,5.4535373994094085
8.133333333333315,39.966251373291016,-67.94112396240234,0.5782127603723652,0.7525102916774948,5.409092461290519
8.166666666666648,39.945701599121094,-67.95532989501953,0.574712825658508,0.7494608501869687,5.308219932657872
8.199999999999982,39.924835205078125,-67.96893310546875,0.5705552516594579,0.747267262359297,5.212073190001233
8.233333333333315,39.903663635253906,-67.9819564819336,0.5657646189911126,0.7456938601263488,5.176519538588117
8.266666666666648,39.88220977783203,-67.9944076538086,0.5603620583583824,0.7441570475410676,5.103472963965211
8.299999999999981,39.86048126220703,-68.00630950927734,0.5543695629439173,0.7432390593734933,5.047502587188598
8.333333333333314,39.8385124206543,-68.01769256591797,0.54783284406852,0.7422826819261937,4.967319802071802
8.366666666666648,39.81630325317383,-68.02857208251953,0.540763113942957,0.7419231102299391,4.984077897566382
8.39999999999998,39.79386901855469,-68.0389633178711,0.5331819345110165,0.7417178638609083,4.9422288337056735
8.433333333333314,39.77121353149414,-68.04888153076172,0.5251031054167019,0.7419419362759664,4.889111260101002
8.466666666666647,39.74835205078125,-68.058349609375,0.5165537947091745,0.7423359291532571,4.872002776591741
8.49999999999998,39.72529602050781,-68.06737518310547,0.507547370793576,0.742790254257832,4.849732082121732
8.533333333333314,39.702049255371094,-68.07598114013672,0.49810323941931367,0.7436579369380355,4.867933561903428
8.566666666666647,39.67862319946289,-68.08418273925781,0.4882403750968974,0.7446084146728708,4.821557740371762
8.59999999999998,39.65501403808594,-68.09197998046875,0.47795619039308995,0.7459024897948133,4.823514635007978
8.633333333333313,39.6312370300293,-68.09940338134766,0.4672834594624147,0.747266815442148,4.821895275643144
8.666666666666647,39.607303619384766,-68.10645294189453,0.45622994460463995,0.7485011717328414,4.879809712183682
8.69999999999998,39.583221435546875,-68.11315155029297,0.44481763900241655,0.7498937522008168,4.86344181215985
8.733333333333313,39.55900573730469,-68.1195068359375,0.4330624984941483,0.7510730505631533,4.905717963586505
8.766666666666646,39.5346565246582,-68.12552642822266,0.4209701291852139,0.7524677288793883,4.928201491603284
8.79999999999998,39.51018524169922,-68.1312255859375,0.4085595055861226,0.7537849026649498,4.923040131741765
8.833333333333313,39.48558807373047,-68.1366195678711,0.3958392524744035,0.7554496289393179,4.944368967661211
8.866666666666646,39.46087646484375,-68.14170837402344,0.38281713214980506,0.7569039606473598,4.968519890046491
8.899999999999979,39.43605041503906,-68.1465072631836,0.36950435682308813,0.7585683077143814,5.027410280813367
8.933333333333312,39.41111373901367,-68.1510238647461,0.35590912003289993,0.7602721557328679,5.086729464940232
8.966666666666645,39.386070251464844,-68.15526580810547,0.34203961531787075,0.7620061134040916,5.104066899966073
8.999999999999979,39.36092758178711,-68.15924072265625,0.3279066236498843,0.7636480902802734,5.21235189964642
9.033333333333312,39.3356819152832,-68.16295623779297,0.31351316370107657,0.7655284821362796,5.224416609227729
9.066666666666645,39.31034469604492,-68.16641998291016,0.29887260387659403,0.7671864102478698,5.30990161413393
9.099999999999978,39.284912109375,-68.16964721679688,0.28399356895393535,0.7690958021952833,5.363547823492046
9.133333333333312,39.25938034057617,-68.1726303100586,0.2688678653944645,0.7711634438071042,5.471866298719594
9.166666666666645,39.23374938964844,-68.1753921508789,0.25351231151433146,0.7733796410295559,5.5398732176473855
9.199999999999978,39.20802688598633,-68.17792510986328,0.23792647607465833,0.7754074853116784,5.590461976363088
9.233333333333311,39.18221664428711,-68.18023681640625,0.22211855261409152,0.7774067836992454,5.669971624409106
9.266666666666644,39.156253814697266,-68.18232727050781,0.206044554767315,0.7814055712597685,5.76630049210491
9.299999999999978,39.13014602661133,-68.18421173095703,0.1897208696116008,0.7852712976624071,5.829257461518517
9.33333333333331,39.10385513305664,-68.18587493896484,0.17311041060365995,0.7903034925286895,5.944622698414484
9.366666666666644,39.07738494873047,-68.18732452392578,0.15622137128211397,0.7952953912468261,6.00043655654089
9.399999999999977,39.050716400146484,-68.1885757446289,0.13905202669147598,0.8009365350274872,6.126630372914396
9.43333333333331,39.02385330200195,-68.18962097167969,0.12159935815959955,0.8065027509930532,6.200292383367986
9.466666666666644,38.99677658081055,-68.19046020507812,0.10385042852024268,0.8126917182159427,6.2834782795254425
9.499999999999977,38.96950149536133,-68.19110870361328,0.0858267997171565,0.8184838134936181,6.3797732331013295
9.53333333333331,38.942020416259766,-68.19155883789062,0.0675176907784783,0.8245429621969843,6.482400434692187
9.566666666666643,38.91434097290039,-68.19182586669922,0.04893948878145441,0.8304219410411319,6.562407354612866
9.599999999999977,38.886478424072266,-68.19190979003906,0.03010254345911055,0.8358802565523116,6.665840911965869
9.63333333333331,38.85844421386719,-68.19181060791016,0.011014617111205606,0.8410315695771954,6.7255289566485
9.666666666666643,38.830238342285156,-68.1915512084961,0.00830747194611608,0.846211930772811,6.841970591792462
9.699999999999976,38.80187225341797,-68.19110870361328,0.027872779729246417,0.8510862044312799,6.9094976386040825
9.73333333333331,38.7738037109375,-68.19115447998047,0.046877476974182306,0.8420573942483401,7.009085365475394
9.766666666666643,38.74602508544922,-68.19165802001953,0.06534916296894287,0.8334956676133446,7.071191541844455
9.799999999999976,38.7185173034668,-68.19261932373047,0.08330077487981111,0.8257372202919063,7.198205329565067
9.833333333333309,38.69126892089844,-68.19400787353516,0.10076249942806417,0.8185121751303348,7.2581017840387165
9.866666666666642,38.66427230834961,-68.1958236694336,0.11773951148021174,0.8117282694785823,7.326475596435153
9.899999999999975,38.637508392333984,-68.19805145263672,0.1342559604132895,0.8056942327225626,7.40572172445219
9.933333333333309,38.610965728759766,-68.20067596435547,0.1503308207378219,0.800163074778144,7.481889123518502
9.966666666666642,38.58462905883789,-68.20369720458984,0.165974442186805,0.7952818793452052,7.555435926914423
9.999999999999975,38.55849075317383,-68.20709228515625,0.18120881794291924,0.7907362616804139,7.663999541501029
10.033333333333308,38.53253936767578,-68.21085357666016,0.19604731641127585,0.786676268067771,7.722605548757916
10.066666666666642,38.50724792480469,-68.21565246582031,0.20967575859488125,0.7722808930084556,7.785731909032084
10.099999999999975,38.48259735107422,-68.2214584350586,0.2221295060815175,0.7597526292375892,7.803939898414437
10.133333333333308,38.45855712890625,-68.22824096679688,0.23345168275874953,0.7493607387630338,7.906347369637831
10.166666666666641,38.43510818481445,-68.23596954345703,0.24367765021436905,0.7406925736031884,7.949125072419083
10.199999999999974,38.412227630615234,-68.24461364746094,0.25284535746942083,0.7337685364230067,7.9905177031062875
10.233333333333308,38.38990020751953,-68.25414276123047,0.2609875786784338,0.7282760796528241,8.031413810280577
10.26666666666664,38.36810302734375,-68.2645263671875,0.2681422628624776,0.7243222367549745,8.077961928774036
10.299999999999974,38.34681701660156,-68.2757339477539,0.27434477160932386,0.7216880932384211,8.127030068438682
10.333333333333307,38.326026916503906,-68.28773498535156,0.2796278790735375,0.7201582110493727,8.189953296332932
10.36666666666664,38.30571365356445,-68.3005142211914,0.28401573463212765,0.7199609488770458,8.209932898525333
10.399999999999974,38.285858154296875,-68.31404113769531,0.2875436998728917,0.7207610485740764,8.268630620619724
10.433333333333307,38.266448974609375,-68.32828521728516,0.2902419615171365,0.7222527629252237,8.301546976847778
10.46666666666664,38.24747085571289,-68.34321594238281,0.2861108790001334,0.7244211440258985,20.355052151058594
10.499999999999973,38.22890853881836,-68.35881042480469,0.27548403196503213,0.7273051226612197,20.328261892522804
10.533333333333307,38.210750579833984,-68.37503814697266,0.264144780940998,0.7305788096537746,20.306944815714555
10.56666666666664,38.19298553466797,-68.3918685913086,0.25212550792751653,0.7341489070114449,20.302713121367802
10.599999999999973,38.175594329833984,-68.40928649902344,0.23944564212427402,0.7384130031807223,20.257626846219843
10.633333333333306,38.1585693359375,-68.42725372314453,0.22614404193068993,0.7425660939025218,20.220163569836316
10.66666666666664,38.141902923583984,-68.44576263427734,0.2122299593466138,0.7472042444029557,20.255246052010232
10.699999999999973,38.125579833984375,-68.46477508544922,0.19774410317140526,0.7517478954249397,20.23498264132638
10.733333333333306,38.10958480834961,-68.48429107666016,0.1826901742050069,0.7569962233736568,20.224302527112947
10.766666666666639,38.09391403198242,-68.50428009033203,0.16709870404695185,0.7619845861776517,20.27425866197936
10.799999999999972,38.078556060791016,-68.52473449707031,0.1509798698970942,0.7673493537613744,20.25068084020327
10.833333333333306,38.06349563598633,-68.5456314086914,0.13435957735500956,0.7727532462162191,20.253501467448068
10.866666666666639,38.048728942871094,-68.56695556640625,0.11725355482045559,0.7781371569500691,20.28035374903626
10.899999999999972,38.034244537353516,-68.58869171142578,0.09967938109316639,0.7836020693929839,20.286824294922194
10.933333333333305,38.02003479003906,-68.6108169555664,0.08166111137278245,0.7888593108537046,20.324106041072852
10.966666666666638,38.00608825683594,-68.63333129882812,0.06320152125923142,0.7945195383394493,20.376606613393168
10.999999999999972,37.99240493774414,-68.65619659423828,0.04433761875196829,0.7994056917519919,20.396711730228358
11.033333333333305,37.97896957397461,-68.67941284179688,0.025073104650911508,0.8047066765532574,20.41695008798534
11.066666666666638,37.965782165527344,-68.70296478271484,0.005422782155839978,0.8097786711828444,20.468437627753968
11.099999999999971,37.95282745361328,-68.72684478759766,0.014602246333408248,0.8150283888194028,20.511778490159102
11.133333333333304,37.94010543823242,-68.75102996826172,0.03497977601719498,0.8198142321244177,20.548976537804638
11.166666666666638,37.92760467529297,-68.77552795410156,0.05571443289542258,0.8250929316445698,20.619035781266096
11.19999999999997,37.915321350097656,-68.80030822753906,0.07677568536859758,0.8297275616381321,20.65844294124896
11.233333333333304,37.90325164794922,-68.82535552978516,0.09814780503694855,0.8341106364165685,20.741550503453873
11.266666666666637,37.891387939453125,-68.85066223144531,0.1198215399006156,0.8384861688643397,20.768200152556158
11.29999999999997,37.879730224609375,-68.876220703125,0.14178948835971533,0.8427478928965764,20.82707011123628
11.333333333333304,37.86827087402344,-68.90199279785156,0.16401279201485072,0.8461476373551504,20.917489800113227
11.366666666666637,37.85700607299805,-68.92797088623047,0.1864831240661648,0.8494593199014977,20.969465630538288
11.39999999999997,37.8459358215332,-68.95414733886719,0.20919308291374483,0.8526320578793233,21.05702397428865
11.433333333333303,37.835052490234375,-68.98050689697266,0.23212601495787513,0.8555383587590165,21.134116966225516
11.466666666666637,37.8243522644043,-69.00704956054688,0.2552809949985528,0.8585493813322254,21.235002493609933
11.49999999999997,37.81382751464844,-69.03376770019531,0.2786487710359283,0.8614908062928954,21.319707176380952
11.533333333333303,37.80348205566406,-69.0606460571289,0.3022154650702273,0.8640180170241517,21.421718518829678
11.566666666666636,37.793304443359375,-69.08767700195312,0.3259708999015819,0.8665045835326184,21.514364837948264
11.59999999999997,37.783302307128906,-69.1148452758789,0.349902122730219,0.8685286716920904,21.6054832734042
11.633333333333303,37.773460388183594,-69.14215087890625,0.3740054327561822,0.8707544962224926,21.7244351425234
11.666666666666636,37.7637825012207,-69.16958618164062,0.39827435357957713,0.8727666348881374,21.836996526096947
11.699999999999969,37.75426483154297,-69.19715118408203,0.4227079600004286,0.874856477440887,21.927243573388157
11.733333333333302,37.744903564453125,-69.2248306274414,0.447290523618953,0.8765879394510379,22.049184400849487
11.766666666666636,37.73569869995117,-69.25261688232422,0.4720146428352808,0.87813719988436,22.17159444224212
11.799999999999969,37.72664260864258,-69.28050231933594,0.49687106564956574,0.8795733900088776,22.28777063013284
11.833333333333302,37.71773910522461,-69.3084945678711,0.5218681188616495,0.8812233065749934,22.442880845243824
11.866666666666635,37.708980560302734,-69.33657836914062,0.5469891488718318,0.882536572956342,22.586056814881694
11.899999999999968,37.70036697387695,-69.36474609375,0.5722267540801844,0.8836589402623581,22.727895878534756
11.933333333333302,37.691898345947266,-69.39300537109375,0.5975883360866234,0.8850276682128185,22.828962203873452
11.966666666666635,37.68356704711914,-69.42134094238281,0.6230572412913987,0.8860494491826932,22.984834661804374
11.999999999999968,37.675376892089844,-69.44975280761719,0.6486343948945029,0.8870633872222342,23.157576121967647
12.033333333333301,37.667320251464844,-69.4782485961914,0.6743253480958257,0.8883847602048781,23.300947868077113
12.066666666666634,37.659400939941406,-69.5068130493164,0.7001162228956029,0.8892576283631279,23.44352850515778
12.099999999999968,37.651615142822266,-69.53545379638672,0.7260134956937309,0.8904043612726913,23.598635378471126
12.1333333333333,37.643959045410156,-69.56417083740234,0.7520162412902203,0.8916029637956105,23.76611638926186
12.166666666666634,37.63643264770508,-69.59294891357422,0.7781096564853028,0.8923799064929243,23.937355965727225
12.199999999999967,37.62903594970703,-69.62179565429688,0.8043011428788617,0.8933985854225529,24.100419588592995
12.2333333333333,37.62176513671875,-69.65071105957031,0.8305897752709113,0.8944656758500724,24.293790871172238
12.266666666666634,37.614620208740234,-69.67969512939453,0.8520699296107371,0.8955521589801606,48.21539561080822
12.299999999999967,37.607601165771484,-69.70875549316406,0.8467202059816676,0.8968804468563126,48.076546128444036
12.3333333333333,37.60070037841797,-69.7378921508789,0.8414928979225847,0.8982812031882692,47.90850210525671
12.366666666666633,37.59392166137695,-69.76710510253906,0.8363918139178891,0.8996737155650949,47.733584817717166
12.399999999999967,37.58726501464844,-69.79640197753906,0.8314173892229392,0.9013079647881154,47.53133609554694
12.4333333333333,37.580726623535156,-69.82576751708984,0.8265649448426047,0.902539153894644,47.37562388388797
12.466666666666633,37.57430648803711,-69.8552017211914,0.8218344807768991,0.9037872868187228,47.14686747568395
12.499999999999966,37.5680046081543,-69.88471221923828,0.81722643228118,0.9052761272279355,46.948747090593976
12.5333333333333,37.561824798583984,-69.91429138183594,0.812744172584478,0.9065347294359556,46.740432260567665
12.566666666666633,37.55575942993164,-69.94393920898438,0.8083800847180039,0.9078568809901788,46.59660258358053
12.599999999999966,37.549808502197266,-69.9736557006836,0.8041341686817572,0.9091947414215182,46.40727165399108
12.633333333333299,37.543975830078125,-70.00344848632812,0.8000106682154907,0.9107508586102727,46.17706896970224
12.666666666666632,37.53825759887695,-70.03330993652344,0.7960053395794524,0.9121205722126138,45.977171877229765
12.699999999999966,37.532657623291016,-70.06324005126953,0.7921219912580358,0.9134847266099697,45.977171877229765
12.733333333333299,37.52717208862305,-70.0932388305664,0.7883568147668473,0.9148858206937589,45.56208254699815
12.766666666666632,37.52180099487305,-70.12330627441406,0.7847098101058798,0.9163022671820286,45.36771191600201
12.799999999999965,37.51654815673828,-70.1534194946289,0.781183479993457,0.9170378978864233,45.14316385379443
12.833333333333298,37.51141357421875,-70.18358612060547,0.7777782596849413,0.918014343250541,44.93099547065604
12.866666666666632,37.50639343261719,-70.21379852294922,0.7744899054405681,0.9187991997016172,44.764572641609846
12.899999999999965,37.501487731933594,-70.24405670166016,0.771318417260338,0.9195982548319886,44.528539851216955
12.933333333333298,37.496700286865234,-70.27435302734375,0.7682671683732942,0.9201675294140991,44.321917471084014
12.966666666666631,37.49203109741211,-70.3046875,0.7653361587794374,0.9207515437585524,44.10019896810742
12.999999999999964,37.48747634887695,-70.3350601196289,0.7625215799943581,0.9213672349322264,43.863312527541
13.033333333333298,37.48303985595703,-70.36548614501953,0.7598281110131877,0.9224331636761152,43.65904931467057
13.066666666666631,37.478721618652344,-70.39595031738281,0.7572548813252041,0.9230610348613864,43.412258921357456
13.099999999999964,37.474517822265625,-70.42645263671875,0.7547980824460054,0.9237191402364935,43.412258921357456
13.133333333333297,37.470436096191406,-70.45697784423828,0.7524644608336671,0.9239068695868995,42.99759004941951
13.16666666666663,37.466468811035156,-70.48753356933594,0.7502468347747567,0.9243660092079801,42.760508293661594
13.199999999999964,37.46261978149414,-70.51812744140625,0.7481494480090254,0.925051367760749,42.760508293661594
13.233333333333297,37.45888900756836,-70.54875946044922,0.7461723005364819,0.925751229143489,42.299930835336994
13.26666666666663,37.45527648925781,-70.57942199707031,0.7443149571017669,0.926238250411608,42.068986355347675
13.299999999999963,37.4517822265625,-70.61012268066406,0.7425778529602326,0.9269669144131644,41.82156839186003
13.333333333333297,37.44840621948242,-70.64085388183594,0.7409605528565197,0.9274824711787766,41.60828729827513
13.36666666666663,37.445152282714844,-70.67161560058594,0.7394668652750315,0.9280001618789453,41.3659226473434
13.399999999999963,37.4420166015625,-70.70240783691406,0.7380929817313733,0.9285444970159688,41.12576184999976
13.433333333333296,37.439002990722656,-70.73323059082031,0.7368427107099318,0.9290918188173579,40.839323653193404
13.46666666666663,37.43610763549805,-70.76408386230469,0.7357122437263195,0.9296648314573905,40.69445448538901
13.499999999999963,37.43333435058594,-70.79496002197266,0.7347049540095741,0.9300137152435282,40.42832778435546
13.533333333333296,37.43068313598633,-70.82587432861328,0.7338217120704095,0.930833478411362,40.20187588680087
13.56666666666663,37.42815017700195,-70.85682678222656,0.7330587094244255,0.931677647745704,39.91987504819496
13.599999999999962,37.425743103027344,-70.88780975341797,0.732423127785066,0.9322900074923448,39.71308987143716
13.633333333333296,37.423458099365234,-70.91883087158203,0.7319115939232951,0.9331548170031185,39.45251886576531
13.666666666666629,37.421295166015625,-70.94989013671875,0.7315241078391047,0.9340345862745452,39.195355379793845
13.699999999999962,37.419254302978516,-70.98098754882812,0.7312606695324959,0.9349292730751818,38.96680532865208
13.733333333333295,37.41733932495117,-71.01212310791016,0.7311250874878772,0.9358318022894292,38.716767727354856
13.766666666666628,37.415550231933594,-71.04330444335938,0.7311177969605975,0.9369785914310035,38.46996712143682
13.799999999999962,37.41388702392578,-71.07453155517578,0.7312387979506648,0.9381411919026004,38.246296061901035
13.833333333333295,37.412349700927734,-71.10580444335938,0.7314880904580712,0.9393195449949358,37.96987005549871
13.866666666666628,37.41093444824219,-71.13711547851562,0.7318614307430591,0.9402901022811438,37.75575829066262
13.899999999999961,37.40965270996094,-71.16847229003906,0.7323706795141962,0.9414899010314471,37.507735326246916
13.933333333333294,37.40849304199219,-71.19987487792969,0.7330044113182718,0.9427197995287652,37.507735326246916
13.966666666666628,37.40746307373047,-71.23130798339844,0.733769372613374,0.9434992626529913,36.97719275891675
13.999999999999961,37.40656280517578,-71.26278686523438,0.7346664339102169,0.9447525795679668,36.79348676370734
14.033333333333294,37.40578842163086,-71.29431915283203,0.7356922219797638,0.9462538496166643,36.50653255077768
14.066666666666627,37.405147552490234,-71.32589721679688,0.7368539185354536,0.9475369931147025,36.32746440034414
14.09999999999996,37.40463638305664,-71.35752868652344,0.738148150348248,0.9490679923625348,36.02340809861692
14.133333333333294,37.40425491333008,-71.38920593261719,0.7395744821627767,0.9503862874182555,35.838227725295276
14.166666666666627,37.40400695800781,-71.42093658447266,0.7411371577188195,0.9519486194713043,35.54978649127574
14.19999999999996,37.40388870239258,-71.45271301269531,0.7428319332765958,0.9532994479606831,35.318627167737766
14.233333333333293,37.40390396118164,-71.48455047607422,0.7446634878312359,0.9551240110637237,35.091355795311216
14.266666666666627,37.404052734375,-71.51643371582031,0.7466309508720254,0.9565076053816609,34.848323740685025
14.29999999999996,37.404335021972656,-71.5483627319336,0.7487343223989507,0.9579079186565732,34.59880028178886
14.333333333333293,37.404754638671875,-71.58035278320312,0.7509782814071405,0.9597840968474894,34.351425803531896
14.366666666666626,37.405303955078125,-71.61238861083984,0.7533543404170718,0.9612161051477215,34.117882206464
14.39999999999996,37.40599060058594,-71.64447021484375,0.7558701163975468,0.9626685399269925,33.884612982582176
14.433333333333293,37.40681076049805,-71.67659759521484,0.7585218008641569,0.9641354202659157,33.65170294343343
14.466666666666626,37.40776443481445,-71.70875549316406,0.7613085233061953,0.9651610775889828,33.38359875686706
14.49999999999996,37.408851623535156,-71.74095153808594,0.7642307189790188,0.9664318698869752,33.16979153329065
14.533333333333292,37.41007614135742,-71.77318572998047,0.7672921963670222,0.9677232630723823,32.935405444143264
14.566666666666626,37.41143035888672,-71.8054428100586,0.7704844679906884,0.968564818819526,32.70981443623543
14.599999999999959,37.412925720214844,-71.8377456665039,0.7738202650692926,0.9701234849364833,32.49202884823976
14.633333333333292,37.414554595947266,-71.87008666992188,0.7772915353786821,0.9714599139488287,32.23540376130559
14.666666666666625,37.416316986083984,-71.9024658203125,0.7808982789188569,0.9728123452708868,31.971081129738753
14.699999999999958,37.41822052001953,-71.93487548828125,0.7846476774032488,0.9739656140539863,31.971081129738753
14.733333333333292,37.420257568359375,-71.96732330322266,0.7885325491184253,0.9753508263027956,31.531151696377613
14.766666666666625,37.422428131103516,-71.99980163574219,0.7925524588090238,0.976523467863391,31.26086558633168
14.799999999999958,37.424739837646484,-72.03231811523438,0.7967154586992027,0.9779564832527003,31.07304143194607
14.833333333333291,37.427188873291016,-72.06487274169922,0.8010177403045612,0.979398454087161,30.875578898627225
14.866666666666625,37.42977523803711,-72.09745788574219,0.8054588683697426,0.9806287806355536,30.609490459969006
14.899999999999958,37.432498931884766,-72.13008880615234,0.8100397134054677,0.9823318825584054,30.37759840973241
14.933333333333291,37.435359954833984,-72.1627426147461,0.8147589696456577,0.9833671751659682,30.151203420438637
14.966666666666624,37.438358306884766,-72.19542694091797,0.8196170723456706,0.9846470246219928,29.923615836511964
14.999999999999957,37.44149398803711,-72.22814178466797,0.8246140215054992,0.9859432783322122,29.710356238065845
15.03333333333329,37.444766998291016,-72.26090240478516,0.8297506876358707,0.9877113667091014,29.490885989600326
15.066666666666624,37.44818115234375,-72.29368591308594,0.8350295734551024,0.9888242401776344,29.276696559050766
15.099999999999957,37.45173263549805,-72.32650756835938,0.8404477409895218,0.9903972327986685,29.048632103651833
15.13333333333329,37.455421447753906,-72.35935974121094,0.8460047549837624,0.9917587091803766,28.824948281240395
15.166666666666623,37.45924758911133,-72.3922348022461,0.8517001801824617,0.9929089062834519,28.612905582475488
15.199999999999957,37.46321487426758,-72.4251480102539,0.8575386955807422,0.9945434890385041,28.385435571673653
15.23333333333329,37.46731948852539,-72.45808410644531,0.8635156221834879,0.9957262984784034,28.219603471302246
15.266666666666623,37.471561431884766,-72.49105834960938,0.8696318305014131,0.9973792238342352,27.948607969339626
15.299999999999956,37.47594451904297,-72.52406311035156,0.8758906937635628,0.9988358805213705,27.77780042107325
15.33333333333329,37.480464935302734,-72.5571060180664,0.8822888387408913,1.000520425614545,27.54151665668204
15.366666666666623,37.48512268066406,-72.59017944335938,0.8888258301780433,1.0019937361154025,27.322458775114065
15.399999999999956,37.489925384521484,-72.62328338623047,0.8955092850438126,1.003515469815618,27.132507840754105
15.43333333333329,37.4948616027832,-72.65642547607422,0.9023282131403678,1.0052302885133686,26.910107854881304
15.466666666666622,37.49993896484375,-72.68959045410156,0.9092893609257826,1.0065415221158376,26.696089902530364
15.499999999999956,37.505149841308594,-72.7227783203125,0.9163851114312609,1.0078337796731436,26.511281127008626
15.533333333333289,37.51050567626953,-72.75601196289062,0.9236281958760859,1.0098732447319452,26.33232367028783
15.566666666666622,37.515995025634766,-72.78926849365234,0.9310058830409683,1.0111957353959076,26.117143284122122
15.599999999999955,37.52162551879883,-72.82255554199219,0.9385262251500678,1.012796641189476,25.909478689911698
15.633333333333288,37.52738952636719,-72.85587310791016,0.9461816052345949,1.014374479051828,25.726918192098193
15.666666666666622,37.533294677734375,-72.88922119140625,0.9539796402633455,1.0160063666034052,25.52359312325882
15.699999999999955,37.539337158203125,-72.922607421875,0.9619169570072695,1.0178589094835024,25.329830853628795
15.733333333333288,37.5455207824707,-72.9560317993164,0.969997363950781,1.0197468287694507,25.157731232242387
15.766666666666621,37.551841735839844,-72.989501953125,0.978217487864837,1.021853748204309,24.969949222487575
15.799999999999955,37.55830383300781,-73.02300262451172,0.9865802667231094,1.023546928505121,24.799474557979725
15.833333333333288,37.564903259277344,-73.0565414428711,0.9950823272965685,1.0254580867237413,24.596829877096187
15.866666666666621,37.57164001464844,-73.0901107788086,1.0037232343298426,1.0271590769657932,24.407581181285813
15.899999999999954,37.57851028442383,-73.12371063232422,1.0124991793385458,1.0288516349563204,24.245136478184293
15.933333333333287,37.585514068603516,-73.15734100341797,1.0214101623226695,1.0305577943352227,24.07987687809052
15.96666666666662,37.592655181884766,-73.19099426269531,1.030459556511252,1.0320773338250344,23.9382853287567
15.999999999999954,37.59992599487305,-73.22467041015625,1.0396397449355035,1.0335631893547825,23.7509770432971
16.03333333333329,37.60732650756836,-73.25836944580078,1.0489507275954106,1.0350619944584878,23.563182971281666
16.066666666666624,37.61486053466797,-73.29208374023438,1.0583958777200246,1.036375266080501,23.38683088274302
16.09999999999996,37.622520446777344,-73.32582092285156,1.0679680135958998,1.0378750262059142,23.22341221054244
16.133333333333294,37.630306243896484,-73.35956573486328,1.0776662647123223,1.038940747606903,23.081283925060728
16.16666666666663,37.63821792602539,-73.393310546875,1.087490195813927,1.039796300548133,22.91942349931118
16.199999999999964,37.64624786376953,-73.42706298828125,1.097432625187276,1.0408345117987787,22.74792890515194
16.2333333333333,37.65440368652344,-73.4608154296875,1.1075007345458074,1.0417150623409104,22.611692987884485
16.266666666666634,37.66267776489258,-73.49456787109375,1.1176869069207265,1.0425540304305183,22.442069043075044
16.29999999999997,37.67107009887695,-73.52832794189453,1.1279915775673892,1.043626506543961,22.302834795777105
16.333333333333304,37.67882537841797,-73.56170654296875,1.1376384685513372,1.028031046898886,22.182550733937713
16.36666666666664,37.68596267700195,-73.59473419189453,1.1466483633160072,1.0137011207340378,22.00809855067976
16.399999999999974,37.692508697509766,-73.62740325927734,1.1550474859968365,0.9995531568337429,22.00809855067976
16.43333333333331,37.698490142822266,-73.65973663330078,1.1628638017507003,0.9864594707281886,21.747025528317643
16.466666666666644,37.703922271728516,-73.69173431396484,1.1701125445152036,0.9736650518017439,21.586777465586664
16.49999999999998,37.708824157714844,-73.72342681884766,1.176814497733768,0.9620805666746671,21.47690988894861
16.533333333333314,37.71322250366211,-73.75479888916016,1.1829954502864894,0.9503667810313261,21.324778736438095
16.56666666666665,37.71713638305664,-73.78587341308594,1.1886757503614311,0.9396010005401222,21.21156249950733
16.599999999999984,37.720584869384766,-73.81664276123047,1.1938740051252368,0.9288597089308861,21.10315559329551
16.63333333333332,37.72358703613281,-73.84712219238281,1.19861012751062,0.9188078448175042,20.959988699602018
16.666666666666654,37.72616195678711,-73.87731170654297,1.2029031599395814,0.9089737528894767,20.84316031718406
16.69999999999999,37.72832489013672,-73.90721893310547,1.2067687716050832,0.8995601331773225,20.726516862180752
16.733333333333324,37.730098724365234,-73.93685150146484,1.21023024866887,0.8905683780030355,20.62662436046324
16.76666666666666,37.73149108886719,-73.96621704101562,1.2132956433551165,0.8819559131914233,20.53672481735285
16.799999999999994,37.731815338134766,-73.9949951171875,1.2152611477467805,0.8633970842941202,20.449529522109295
16.83333333333333,37.73111343383789,-74.0232162475586,1.2161703961937012,0.8468957327545213,20.29860480992433
16.866666666666664,37.72942352294922,-74.05088806152344,1.2160619087952351,0.8317010149235818,20.243197756603422
16.9,37.726783752441406,-74.07803344726562,1.214975076161453,0.8182031042983555,20.133023141868215
16.933333333333334,37.72322082519531,-74.10467529296875,1.2129378634492431,0.8063709777311368,20.07429935201907
16.96666666666667,37.718772888183594,-74.13082885742188,1.2099892260133058,0.7958729606775085,19.941990994453192
17.000000000000004,37.71348571777344,-74.156494140625,1.2061748656664366,0.7861264780926653,19.88895932847212
17.03333333333334,37.7073860168457,-74.18170928955078,1.2015236180762447,0.7782731384812263,19.88945830209635
17.066666666666674,37.70051574707031,-74.20646667480469,1.1960769413157466,0.7707891139976502,19.798489529624916
17.10000000000001,37.69289779663086,-74.23079681396484,1.1898594273127934,0.7648463613076024,19.733183798707948
17.133333333333344,37.6845703125,-74.25469970703125,1.1829091609113778,0.759358782134236,19.658023196924916
17.16666666666668,37.67555618286133,-74.2781982421875,1.1752502987839726,0.7550444482737887,19.627584145285883
17.200000000000014,37.6658935546875,-74.30130004882812,1.1669213610299343,0.751234895327576,19.58337089117923
17.23333333333335,37.65561294555664,-74.32401275634766,1.1579532507798176,0.7479319529692207,19.53590558462321
17.266666666666683,37.644737243652344,-74.34634399414062,1.148369254195381,0.7451634491502641,19.501201689696092
17.30000000000002,37.6332893371582,-74.36831665039062,1.138193527949104,0.7432812167688123,19.45989856723651
17.333333333333353,37.621299743652344,-74.38993072509766,1.1274565399161773,0.7415030142144979,19.468643622989127
17.36666666666669,37.608787536621094,-74.41120147705078,1.1161782030293212,0.7403378904931245,19.427872782601007
17.400000000000023,37.59577560424805,-74.43213653564453,1.1043818034502957,0.7394784352258299,19.461956658990673
17.43333333333336,37.58228302001953,-74.45274353027344,1.0920868188564485,0.7389372443715526,19.412418237459747
17.466666666666693,37.56834411621094,-74.47303009033203,1.0793279608627442,0.7384130297851904,19.398175869149885
17.50000000000003,37.553977966308594,-74.49301147460938,1.0661251424019036,0.7382938321494649,19.408822046510153
17.533333333333363,37.53920364379883,-74.51268005371094,1.0524969706405487,0.7379839080544301,19.434888732702998
17.5666666666667,37.5240364074707,-74.53205871582031,1.0384599852823762,0.7382545920509191,19.466447490119858
17.600000000000033,37.50851058959961,-74.5511474609375,1.0240484626869653,0.7381653538630699,19.4559933710367
17.63333333333337,37.492637634277344,-74.5699462890625,1.009273828307525,0.7381138019183346,19.455761590904217
17.666666666666703,37.476444244384766,-74.58846282958984,0.9941631767902038,0.7379561873054751,19.49690379372433
17.70000000000004,37.45994567871094,-74.60670471191406,0.9787321773279697,0.7378834908180544,19.563829294083746
17.733333333333373,37.44316101074219,-74.62467956542969,0.9630003075981732,0.7377929207822631,19.56758355779226
17.76666666666671,37.42609786987305,-74.64239501953125,0.9469756198249745,0.7378951695940517,19.63961837103789
17.800000000000043,37.408790588378906,-74.65984344482422,0.9306919551126073,0.7372859581801084,19.631125009442034
17.83333333333338,37.391239166259766,-74.67704010009766,0.9141501839717933,0.7371564514388612,19.741582428669307
17.866666666666713,37.37345504760742,-74.6939926147461,0.8973621671110934,0.7370864035047153,19.802377045233023
17.90000000000005,37.35544204711914,-74.71070861816406,0.8803321482702667,0.7372270078980607,19.882680534495886
17.933333333333383,37.337215423583984,-74.72718811035156,0.8630753613869044,0.7371601735207666,19.91973910609177
17.96666666666672,37.31877136230469,-74.74344635009766,0.8455888684873345,0.7376058435942118,19.99173275987252
18.000000000000053,37.30013656616211,-74.75948333740234,0.8278993289623504,0.7375612043603821,20.077497278624122
18.03333333333339,37.28131103515625,-74.77530670166016,0.8100071780673115,0.7377679355184744,20.2028049239571
18.066666666666723,37.26231384277344,-74.79090881347656,0.7919310229688595,0.7374871459253439,20.29123185961483
18.10000000000006,37.24314880371094,-74.80630493164062,0.7736755426621101,0.7374993282098862,20.389702892787025
18.133333333333393,37.22382736206055,-74.82149505615234,0.7552521626002607,0.7373277365716494,20.448823331670027
18.16666666666673,37.20436096191406,-74.83647918701172,0.7366723082365151,0.7369656851214506,20.5930990382984
18.200000000000063,37.184757232666016,-74.85127258300781,0.7179444670503846,0.7367738384166297,20.694670696247186
18.2333333333334,37.16502380371094,-74.86585998535156,0.6990753854999561,0.736193230692325,20.80199078222559
18.266666666666733,37.145164489746094,-74.88026428222656,0.6800701778357026,0.7359949100745437,20.92744909740531
18.300000000000068,37.125179290771484,-74.89448547363281,0.6609288440576321,0.7358569268282618,21.08499047937498
18.333333333333403,37.10508728027344,-74.90851593017578,0.6416699913323731,0.7351791189852881,21.155663752203747
18.366666666666738,37.08488464355469,-74.92237091064453,0.6222906816862452,0.734912452446757,21.322936110391495
18.400000000000073,37.064579010009766,-74.93605041503906,0.6027985320880584,0.7345085668163379,21.47118435417316
18.433333333333408,37.04417419433594,-74.94955444335938,0.5831973510221993,0.734059776314459,21.594811526521983
18.466666666666743,37.02368927001953,-74.96288299560547,0.5635061809106755,0.7331808687514757,21.7559630090697
18.500000000000078,37.00312423706055,-74.97603607177734,0.5437250217534878,0.7323466351725346,21.885066233360586
18.533333333333413,36.98249053955078,-74.98902893066406,0.523866169514546,0.7315104028496281,22.034358813499807
18.566666666666748,36.9617805480957,-75.0018539428711,0.5039215719696916,0.7307846575852004,22.240544729441506
18.600000000000083,36.94100570678711,-75.01451110839844,0.4839026545721348,0.7298068809797899,22.391646574338957
18.633333333333418,36.92017364501953,-75.02700805664062,0.46381746954602215,0.7287891749816906,22.5394928190478
18.666666666666753,36.8992805480957,-75.03934478759766,0.44366220840695925,0.727904380256902,22.719643673198785
18.700000000000088,36.87833023071289,-75.05152893066406,0.4234411148947036,0.7270709914670699,22.898453299146233
18.733333333333423,36.85733413696289,-75.06356048583984,0.40316561446245364,0.7259716560830677,23.0565527915776
18.766666666666758,36.83628845214844,-75.075439453125,0.3828318986258149,0.7250018219039204,23.2704267351331
18.800000000000093,36.81520080566406,-75.087158203125,0.3624471490982248,0.7237514367731687,23.44011149507793
18.833333333333428,36.7940673828125,-75.09873962402344,0.3420088631613549,0.7229631970610524,23.618227130605923
18.866666666666763,36.77289962768555,-75.11016845703125,0.3215275957576937,0.7216805892717382,23.79697256431968
18.900000000000098,36.7516975402832,-75.12144470214844,0.30100334688724273,0.7204262576721969,24.000366803577997
18.933333333333433,36.730464935302734,-75.13258361816406,0.2804407955451094,0.7193115234957633,24.225609784743675
18.966666666666768,36.70919418334961,-75.1435775756836,0.25983188950714803,0.7183180295199096,24.40003614101428
19.000000000000103,36.687904357910156,-75.15443420410156,0.23919610645070888,0.7169454254428358,24.639431173451978
19.033333333333438,36.66659164428711,-75.16514587402344,0.2185292026360265,0.7155937891317171,24.867328647321692
19.066666666666773,36.64525604248047,-75.17572021484375,0.19783161331847904,0.7143683429520716,25.064838358548766
19.100000000000108,36.62389373779297,-75.1861572265625,0.17709953001365078,0.7132680755936146,25.306612866845878
19.133333333333443,36.602508544921875,-75.19645690917969,0.15633676120594406,0.7120877351378873,25.486984003806192
19.166666666666778,36.58110046386719,-75.20662689208984,0.1355437421507221,0.7110281556684278,25.72432864200807
19.200000000000113,36.559669494628906,-75.21665954589844,0.11472003759262717,0.7098919118018764,25.92670029039142
19.233333333333448,36.53821563720703,-75.2265625,0.09386608278701068,0.708874353037416,26.160811004369787
19.266666666666783,36.5167350769043,-75.23634338378906,0.07297850450484931,0.7080763678820937,26.403331813416138
19.300000000000118,36.4952278137207,-75.24598693847656,0.052056432235400046,0.7071099384065065,26.64661744738081
19.333333333333453,36.473690032958984,-75.2555160522461,0.031097363260362075,0.7065493673022991,26.890785568017698
19.366666666666788,36.452117919921875,-75.2649154663086,0.010096618584611337,0.7059281415581421,27.13231451203342
19.400000000000123,36.43052291870117,-75.2741928100586,0.010933941083297758,0.7051041528030098,27.3896402066348
19.433333333333458,36.408905029296875,-75.2833480834961,0.03199431574336359,0.7042989114080922,27.645639616908788
19.466666666666793,36.387264251708984,-75.29237365722656,0.053084940650945496,0.7034243471727497,27.87611374267324
19.500000000000128,36.3656005859375,-75.30128479003906,0.07420494529532723,0.7027449269788705,28.118420194004198
19.533333333333463,36.343910217285156,-75.31007385253906,0.09535857341625467,0.7021023719609089,28.396559610268355
19.566666666666798,36.322200775146484,-75.31874084472656,0.11653820804494523,0.701266688496948,28.64250199272366
19.600000000000133,36.30048751831055,-75.32727813720703,0.13772905049915837,0.6999398522647566,28.880154806658506
19.633333333333468,36.278770446777344,-75.335693359375,0.15893066552352222,0.6987148517836734,29.14459851053314
19.666666666666803,36.25705337524414,-75.343994140625,0.18013880937829252,0.6974817193337413,29.424435953794426
19.700000000000138,36.235328674316406,-75.35216522216797,0.20136196954297195,0.6963162238402985,29.67652443278018
19.733333333333473,36.2136116027832,-75.3602066040039,0.22258491207997647,0.694741330301175,29.984028540970577
19.766666666666808,36.19189453125,-75.36813354492188,0.24381438344738035,0.6935566519511625,30.267842888692908
19.800000000000143,36.17018508911133,-75.37593078613281,0.2650436371871093,0.6920167365219542,30.503465061473108
19.833333333333478,36.148475646972656,-75.38361358642578,0.28627941975723054,0.690863784318287,30.780930716341263
19.866666666666813,36.12678146362305,-75.39116668701172,0.30750736773087384,0.6891431111902536,31.074096844979234
19.900000000000148,36.10509490966797,-75.39859771728516,0.3287346628214782,0.6877311611626548,31.375481677980765
19.933333333333483,36.08341979980469,-75.4059066772461,0.3499574965446413,0.6862274804802776,31.631885471752977
19.966666666666818,36.06174850463867,-75.41309356689453,0.37118348586916705,0.6849574988948228,31.908420671194236
20.000000000000153,36.04008483886719,-75.42015838623047,0.39240882231064683,0.6835959904923508,32.22362352723945
20.033333333333488,36.0184326171875,-75.42710876464844,0.4136292621293355,0.6822124430390915,32.51934498305648
20.066666666666823,35.996795654296875,-75.43392944335938,0.4348418673515391,0.6805966787219193,32.791497638224634
20.100000000000158,35.97517395019531,-75.44062805175781,0.4560462027219079,0.6790673740197123,33.11668368387585
20.133333333333493,35.95357131958008,-75.44720458984375,0.4772384597560332,0.6774452394287255,33.41746112044761
20.166666666666828,35.93198013305664,-75.45366668701172,0.4984258201673682,0.6761244203312915,33.69818382624793
20.200000000000163,35.910404205322266,-75.45999908447266,0.5196053459822173,0.6745798126849292,34.03593100064153
20.233333333333498,35.88883972167969,-75.4662094116211,0.5337905883789062,0.6732277521429694,52.426534799937436
20.266666666666833,35.867286682128906,-75.47230529785156,0.5276947021484375,0.6719553620078669,52.11627247153596
20.300000000000168,35.84574508666992,-75.47827911376953,0.5217208862304688,0.6706371078208256,51.773882319004684
20.333333333333503,35.82421112060547,-75.484130859375,0.515869140625,0.6694469052781763,51.43886091658964
20.366666666666838,35.80268859863281,-75.48986053466797,0.5101394653320312,0.6681641399564143,51.13148206348947
20.400000000000173,35.781158447265625,-75.49547576904297,0.5045242309570312,0.6675106347333866,50.798644324878794
20.433333333333508,35.75962829589844,-75.50096893310547,0.49903106689453125,0.666595861358584,50.51285237509147
20.466666666666843,35.738094329833984,-75.50634765625,0.49365234375,0.6658664441293626,50.51285237509147
20.500000000000178,35.716556549072266,-75.51160430908203,0.48839569091796875,0.6650996611205933,49.879135509274924
20.533333333333513,35.69501495361328,-75.51673889160156,0.4832611083984375,0.6643521997491775,49.589915595537974
20.566666666666848,35.67346954345703,-75.5217514038086,0.47824859619140625,0.6636241253028782,49.23031443651441
20.600000000000183,35.65190887451172,-75.52664947509766,0.47335052490234375,0.6633009821716618,48.867659831915354
20.633333333333518,35.630332946777344,-75.53143310546875,0.46856689453125,0.6629957763165618,48.53841683335193
20.666666666666853,35.608734130859375,-75.53609466552734,0.46390533447265625,0.6628839205429251,48.26026902202317
20.700000000000188,35.58710861206055,-75.54063415527344,0.4593658447265625,0.6629049912514032,48.26026902202317
20.733333333333523,35.565452575683594,-75.54505920410156,0.4549407958984375,0.6631051740275344,47.55561548288993
20.766666666666858,35.543758392333984,-75.54936218261719,0.4506378173828125,0.6635042530241679,47.245686681543376
20.800000000000193,35.52203369140625,-75.55355072021484,0.44644927978515625,0.6637437983483043,46.90157181406752
20.833333333333528,35.50027847290039,-75.55760955810547,0.44239044189453125,0.6639181632807266,46.56000032154031
20.866666666666863,35.478477478027344,-75.56155395507812,0.438446044921875,0.6646483885779491,46.21207176300297
20.900000000000198,35.456642150878906,-75.56538391113281,0.4346160888671875,0.6650601984438073,45.88213120746531
20.933333333333533,35.43476486206055,-75.56908416748047,0.43091583251953125,0.6656402157113512,45.5597491124135
20.966666666666868,35.41284942626953,-75.57266998291016,0.42733001708984375,0.666205642715012,45.21181235959487
21.000000000000203,35.390899658203125,-75.57612609863281,0.4238739013671875,0.6666058420473657,44.894999288262035
21.033333333333537,35.36891555786133,-75.5794677734375,0.4205322265625,0.6670987277042499,44.56426059335435
21.066666666666872,35.346885681152344,-75.58268737792969,0.4173126220703125,0.6679170523420177,44.21100927916691
21.100000000000207,35.324806213378906,-75.58577728271484,0.41422271728515625,0.6688388205432135,43.878765774247576
21.133333333333542,35.30267333984375,-75.5887451171875,0.4112548828125,0.6699290403783643,43.52072469274874
21.166666666666877,35.28049087524414,-75.59159088134766,0.40840911865234375,0.670927789282377,43.208148727228306
21.200000000000212,35.25825119018555,-75.59430694580078,0.40569305419921875,0.6721477053870455,42.86715608810859
21.233333333333547,35.23595428466797,-75.5969009399414,0.40309906005859375,0.6734186819024717,42.52069024206047
21.266666666666882,35.21358871459961,-75.59937286376953,0.40062713623046875,0.6750527525351411,42.200680224713395
21.300000000000217,35.19115447998047,-75.6017074584961,0.39829254150390625,0.6766614322802409,41.82643486588979
21.333333333333552,35.16865158081055,-75.60391998291016,0.39608001708984375,0.6783422158476089,41.509110550609705
21.366666666666887,35.14607238769531,-75.60600280761719,0.3939971923828125,0.680251650821768,41.16777560148597
21.400000000000222,35.12342071533203,-75.60795593261719,0.3920440673828125,0.6820715961738607,40.8101666631962
21.433333333333557,35.10069274902344,-75.60977935791016,0.39022064208984375,0.6840298232469472,40.50168541456073
21.466666666666892,35.077884674072266,-75.6114730834961,0.38852691650390625,0.6861262933344414,40.17270177569264
21.500000000000227,35.05500030517578,-75.61302947998047,0.38697052001953125,0.6881170240782164,39.84811249249235
21.533333333333562,35.032039642333984,-75.61445617675781,0.3855438232421875,0.6901483548094854,39.47549890209087
21.566666666666897,35.00900650024414,-75.6157455444336,0.38425445556640625,0.6920760747062805,39.13955600448483
21.600000000000232,34.985904693603516,-75.61690521240234,0.38309478759765625,0.6939268476379287,38.85213190011045
21.633333333333567,34.962738037109375,-75.61793518066406,0.3820648193359375,0.6956862273783277,38.51040240515531
21.666666666666902,34.93950653076172,-75.61882781982422,0.38117218017578125,0.6974594774367134,38.16492899055829
21.700000000000237,34.91621398925781,-75.61958312988281,0.3804168701171875,0.6991435365475585,37.84999323755156
21.733333333333572,34.89286422729492,-75.62020874023438,0.379791259765625,0.7007442435240352,37.513293359794766
21.766666666666907,34.86945724487305,-75.62069702148438,0.379302978515625,0.702362242869988,37.21004889999182
21.800000000000242,34.84599685668945,-75.62104797363281,0.3789520263671875,0.7038903913407671,36.87268833987509
21.833333333333577,34.822486877441406,-75.62126159667969,0.3787384033203125,0.7053284930759396,36.5490508106674
21.866666666666912,34.798927307128906,-75.62134552001953,0.37865447998046875,0.7067915936065889,36.5490508106674
21.900000000000247,34.775325775146484,-75.62128448486328,0.37871551513671875,0.7080483270842627,35.873431809860996
21.933333333333582,34.75168991088867,-75.62109375,0.37890625,0.7090990150195023,35.565445346911055
21.966666666666917,34.728023529052734,-75.62077331542969,0.3792266845703125,0.7100565306835924,35.22914834174169
22.000000000000252,34.70433807373047,-75.62031555175781,0.3796844482421875,0.710696353770087,34.892157556457214
22.033333333333587,34.680633544921875,-75.6197280883789,0.38027191162109375,0.711354215094777,34.594429630885244
22.066666666666922,34.65694046020508,-75.61900329589844,0.3809967041015625,0.7111250444073475,34.25553424362043
22.100000000000257,34.63325119018555,-75.61815643310547,0.38184356689453125,0.711132070422604,34.25553424362043
22.133333333333592,34.60950469970703,-75.6171646118164,0.38283538818359375,0.713015825605648,33.61279927500822
22.166666666666927,34.5857048034668,-75.61603546142578,0.38396453857421875,0.7147999982411262,33.27013220432488
22.200000000000262,34.56181335449219,-75.61475372314453,0.38524627685546875,0.7177741764755727,32.95330839328724
22.233333333333597,34.53783416748047,-75.61331939697266,0.38668060302734375,0.7206613845484412,32.673223240890444
22.266666666666932,34.51374435424805,-75.61173248291016,0.38826751708984375,0.7242607665980917,32.322447938377486
22.300000000000267,34.48955535888672,-75.6099853515625,0.3900146484375,0.7275602848442767,32.028809623619104
22.333333333333602,34.46525955200195,-75.60808563232422,0.39191436767578125,0.7310989323132052,31.71924490213038
22.366666666666937,34.440860748291016,-75.60602569580078,0.39397430419921875,0.7345682166449243,31.377073372137364
22.400000000000272,34.41635513305664,-75.60381317138672,0.39618682861328125,0.7381587891966397,31.073087465569984
22.433333333333607,34.391746520996094,-75.60143280029297,0.39856719970703125,0.7417040910507426,30.780457846620948
22.466666666666942,34.367034912109375,-75.5988998413086,0.40110015869140625,0.745232544571166,30.43829437627517
22.500000000000277,34.34223175048828,-75.59620666503906,0.4037933349609375,0.748468451131227,30.13579807211991
22.533333333333612,34.31734848022461,-75.5933609008789,0.40663909912109375,0.7513640671493081,29.819931042474245
22.566666666666947,34.292388916015625,-75.5903549194336,0.40964508056640625,0.7541977147650205,29.49193414129599
22.600000000000282,34.26736068725586,-75.58719635009766,0.41280364990234375,0.7568024283728055,29.17104370924594
22.633333333333617,34.24226760864258,-75.5838851928711,0.41611480712890625,0.7593179313200742,28.91190478449719
22.666666666666952,34.21710968017578,-75.5804214477539,0.41957855224609375,0.7618576018388068,28.551451373717903
22.700000000000287,34.191890716552734,-75.57679748535156,0.4232025146484375,0.7643404390340384,28.27717633955308
22.733333333333622,34.16661834716797,-75.5730209350586,0.42697906494140625,0.7665895171418828,27.954140463509347
22.766666666666957,34.14128875732422,-75.56909942626953,0.43090057373046875,0.7689406463126838,27.644417521842676
22.800000000000292,34.11591339111328,-75.56501770019531,0.4349822998046875,0.7710465149883834,27.358338124045584
22.833333333333627,34.090492248535156,-75.560791015625,0.439208984375,0.7731037557733437,27.05007158052406
22.866666666666962,34.06501388549805,-75.55640411376953,0.44359588623046875,0.7755982863868581,26.782474573848692
22.900000000000297,34.03948974609375,-75.55186462402344,0.4481353759765625,0.7777401838251536,26.46561221555413
22.933333333333632,34.0139045715332,-75.54717254638672,0.45282745361328125,0.7803557360962922,26.183836916314714
22.966666666666967,33.98826599121094,-75.54232025146484,0.45767974853515625,0.7828112226169909,25.87693265341836
23.000000000000302,33.96257019042969,-75.53730773925781,0.4626922607421875,0.7854040430083059,25.561676016599407
23.033333333333637,33.93681716918945,-75.53213500976562,0.467864990234375,0.7880213893412908,25.283719202786866
23.066666666666972,33.91100311279297,-75.52680969238281,0.4731903076171875,0.7907288167138622,25.029146869974852
23.100000000000307,33.885128021240234,-75.52131652832031,0.4786834716796875,0.7935525772448443,24.701845307932093
23.133333333333642,33.85919189453125,-75.51566314697266,0.48433685302734375,0.7963535963338574,24.44645996639392
23.166666666666977,33.83319091796875,-75.50984954833984,0.49015045166015625,0.7992895846565263,24.22128405730807
23.200000000000312,33.80712127685547,-75.50386810302734,0.49613189697265625,0.8024110469214274,23.918952305470633
23.233333333333647,33.78099060058594,-75.49772644042969,0.5022735595703125,0.8052819603032494,23.637209010253805
23.266666666666982,33.75478744506836,-75.49141693115234,0.5085830688476562,0.8085627617936313,23.354531804909957
23.300000000000317,33.728519439697266,-75.48493957519531,0.5150604248046875,0.8116451328831513,23.0946756729248
23.333333333333652,33.702178955078125,-75.47830200195312,0.521697998046875,0.8149175772217265,22.84858488398868
23.366666666666987,33.67577362060547,-75.47148895263672,0.5285110473632812,0.8181035366263667,22.59236462067152
23.400000000000322,33.6492919921875,-75.46450805664062,0.535491943359375,0.8215890684022537,22.318357833477783
23.433333333333657,33.622745513916016,-75.45736694335938,0.542633056640625,0.8247059516958959,22.054563000269223
23.466666666666992,33.59611892700195,-75.4500503540039,0.5499496459960938,0.828406210406353,21.836141712844963
23.500000000000327,33.56942367553711,-75.44256591796875,0.55743408203125,0.8317378855036177,21.598685584943713
23.533333333333662,33.54265594482422,-75.43490600585938,0.565093994140625,0.8352646855560578,21.314982032193488
23.566666666666997,33.51581573486328,-75.42708587646484,0.5729141235351562,0.8386871675690396,21.088036887628736
23.600000000000332,33.488895416259766,-75.4190902709961,0.5809097290039062,0.8424784474833911,20.886835493567958
23.633333333333667,33.4619026184082,-75.41091918945312,0.589080810546875,0.8460732465297822,20.65060813650418
23.666666666667002,33.43484115600586,-75.40258026123047,0.5974197387695312,0.8495142283272655,20.401162004095518
23.700000000000337,33.40771484375,-75.39408111572266,0.6059188842773438,0.8527983711691881,20.223685941805773
23.733333333333672,33.38051986694336,-75.38540649414062,0.614593505859375,0.8563493684207676,19.961476237485176
23.766666666667007,33.35325622558594,-75.3765640258789,0.6234359741210938,0.8598522236541958,19.712850812865895
23.80000000000034,33.325927734375,-75.36756134033203,0.6324386596679688,0.863194822175145,19.515233329509716
23.833333333333677,33.298545837402344,-75.35839080810547,0.6416091918945312,0.8663026312009128,19.290471881474534
23.86666666666701,33.2711067199707,-75.34906005859375,0.65093994140625,0.8694660698900353,19.116060105432577
23.900000000000347,33.24361801147461,-75.33956909179688,0.660430908203125,0.8724315394174722,18.90267872697329
23.93333333333368,33.216087341308594,-75.32991790771484,0.6700820922851562,0.8751998849278241,18.69196432689624
23.966666666667017,33.18852615356445,-75.32012176513672,0.6798782348632812,0.87751075853852,18.484178602087464
24.00000000000035,33.16093063354492,-75.3101806640625,0.6898193359375,0.8799456768145207,18.28683781514867
24.033333333333687,33.133304595947266,-75.30008697509766,0.6999130249023438,0.8823675307033417,18.07986437329298
24.06666666666702,33.10565185546875,-75.28984069824219,0.7101593017578125,0.8847000739425458,17.913826324591923
24.100000000000357,33.07797622680664,-75.27945709228516,0.7205429077148438,0.8867827947487921,17.714464897533166
24.13333333333369,33.05027770996094,-75.26893615722656,0.7310638427734375,0.888880261319241,17.53870295090417
24.166666666667027,33.022560119628906,-75.25826263427734,0.7417373657226562,0.8910499511057898,17.364967596811674
24.20000000000036,32.994834899902344,-75.2474594116211,0.7525405883789062,0.8926688556133318,17.18533383701905
24.233333333333697,32.96710205078125,-75.23652648925781,0.7634735107421875,0.8943018173957812,17.01271099968844
24.26666666666703,32.93937683105469,-75.2254638671875,0.7745361328125,0.8955235755473231,16.814903257846613
24.300000000000367,32.91165542602539,-75.21427917480469,0.7857208251953125,0.8967810638315369,16.646260069283286
24.3333333333337,32.88395690917969,-75.2029800415039,0.7970199584960938,0.8974354706163955,16.46258889522611
24.366666666667037,32.85627365112305,-75.19155883789062,0.808441162109375,0.8984019154843382,16.280601098658035
24.40000000000037,32.828819274902344,-75.18071746826172,0.8192825317382812,0.8855225927036713,16.13140761493874
24.433333333333707,32.80159378051758,-75.17044067382812,0.829559326171875,0.873015488690048,15.948162764464943
24.46666666666704,32.774593353271484,-75.16069793701172,0.8393020629882812,0.861132738276059,15.795847033842161
24.500000000000377,32.7478141784668,-75.1514663696289,0.8485336303710938,0.8497714019705981,15.647151983240201
24.53333333333371,32.72126007080078,-75.14273071289062,0.857269287109375,0.838623335788294,15.524912596802585
24.566666666667047,32.694915771484375,-75.13447570800781,0.8655242919921875,0.8282212813487075,15.367448308228072
24.60000000000038,32.668800354003906,-75.12667083740234,0.8733291625976562,0.8177028383297654,15.213361196458044
24.633333333333717,32.64290237426758,-75.11930847167969,0.8806915283203125,0.8077244611324244,15.074588801738974
24.66666666666705,32.61723327636719,-75.11235809326172,0.8876419067382812,0.7978028029880089,14.971126714368536
24.700000000000387,32.5917854309082,-75.1058120727539,0.8941879272460938,0.7882885897269781,14.791137931847107
24.73333333333372,32.56656265258789,-75.09963989257812,0.900360107421875,0.7790095756061924,14.687368361562086
24.766666666667057,32.54155731201172,-75.09384155273438,0.906158447265625,0.770064297345728,14.570666427809448
24.80000000000039,32.51694107055664,-75.08899688720703,0.9110031127929688,0.7526533828409234,14.431557980214084
24.833333333333727,32.492698669433594,-75.08506774902344,0.9149322509765625,0.73676246183477,14.348143066107395
24.86666666666706,32.46882247924805,-75.08201599121094,0.9179840087890625,0.7221129518089976,14.232211458523429
24.900000000000396,32.4453010559082,-75.07980346679688,0.920196533203125,0.7087576159685849,14.1134110193291
24.93333333333373,32.422142028808594,-75.07837677001953,0.9216232299804688,0.6960879254127542,13.97575824233957
24.966666666667066,32.399330139160156,-75.07770538330078,0.9222946166992188,0.6846530234452657,13.936121178746173
25.0000000000004,32.376861572265625,-75.0777587890625,0.9222412109375,0.674058910943598,13.800773584193596
25.033333333333736,32.35472106933594,-75.07849884033203,0.9215011596679688,0.6645860300028372,13.758214884534786
25.06666666666707,32.332908630371094,-75.07989501953125,0.92010498046875,0.6557123065462692,13.664476113103444
25.100000000000406,32.3114128112793,-75.08191680908203,0.9180831909179688,0.6477206838394283,13.568223942439069
25.13333333333374,32.29023361206055,-75.08453369140625,0.91546630859375,0.6402076986273113,13.5255495124114
25.166666666667076,32.26935577392578,-75.08772277832031,0.9122772216796875,0.6336000003742319,13.498391722302099
25.20000000000041,32.248783111572266,-75.0914535522461,0.9085464477539062,0.6272462031430269,13.400323190840126
25.233333333333746,32.22849655151367,-75.095703125,0.904296875,0.621806279191121,13.364363598626367
25.26666666666708,32.20850372314453,-75.10044860839844,0.8995513916015625,0.6164491211726107,13.307257571690425
25.300000000000416,32.18878936767578,-75.10565185546875,0.89434814453125,0.611683441381777,13.286900498526816
25.33333333333375,32.16935348510742,-75.1113052368164,0.8886947631835938,0.6072419836323696,13.219277882314897
25.366666666667086,32.15019226074219,-75.11737060546875,0.88262939453125,0.6029486665192296,13.17058306039288
25.40000000000042,32.13130569458008,-75.12383270263672,0.8761672973632812,0.5988446986353007,13.180065412546885
25.433333333333756,32.1126823425293,-75.13066864013672,0.8693313598632812,0.5951498591112325,13.14550616818188
25.46666666666709,32.094329833984375,-75.13784790039062,0.862152099609375,0.5912027680214916,13.109152213449434
25.500000000000426,32.076229095458984,-75.1453628540039,0.8546371459960938,0.5879627000727992,13.114169112175755
25.53333333333376,32.05839157104492,-75.1531753540039,0.8468246459960938,0.584201326705998,13.086628438011502
25.566666666667096,32.04080581665039,-75.16128540039062,0.838714599609375,0.5809719864309763,13.1231597639409
25.60000000000043,32.023475646972656,-75.16967010498047,0.8303298950195312,0.5775588687798066,13.112970548325288
25.633333333333766,32.00638961791992,-75.17830657958984,0.8216934204101562,0.5743422100301666,13.151700408166347
25.6666666666671,31.989561080932617,-75.18716430664062,0.812835693359375,0.570520014614125,13.099211604011785
25.700000000000436,31.972976684570312,-75.19623565673828,0.8037643432617188,0.5670964959922127,13.19444218109408
25.73333333333377,31.956636428833008,-75.20550537109375,0.79449462890625,0.5635941852195177,13.147596647973765
25.766666666667106,31.940534591674805,-75.2149658203125,0.7850341796875,0.5602609511297878,13.179915381501788
25.80000000000044,31.924671173095703,-75.22459411621094,0.7754058837890625,0.5567018212933094,13.193969252466479
25.833333333333776,31.909038543701172,-75.23439025878906,0.7656097412109375,0.5534520395462865,13.232140919588401
25.86666666666711,31.89365005493164,-75.24430847167969,0.7556915283203125,0.5492348133525172,13.28963883064709
25.900000000000446,31.878496170043945,-75.25435638427734,0.7456436157226562,0.5454729115947864,13.2899043443053
25.93333333333378,31.86357879638672,-75.2645034790039,0.7354965209960938,0.5412415462593707,13.2899043443053
25.966666666667116,31.848892211914062,-75.27474975585938,0.725250244140625,0.5372278451311362,13.397415449800075
26.00000000000045,31.834447860717773,-75.28506469726562,0.714935302734375,0.5324787018524751,13.434806753220146
26.033333333333786,31.820234298706055,-75.29544830322266,0.7045516967773438,0.5280721124606773,13.477627988584938
26.06666666666712,31.806262969970703,-75.30587005615234,0.6941299438476562,0.5229052157732214,13.539308671825307
26.100000000000456,31.792526245117188,-75.31632995605469,0.6836700439453125,0.517973362347351,13.605901085311466
26.13333333333379,31.779022216796875,-75.32681274414062,0.673187255859375,0.5128575477044554,13.709188177439756
26.166666666667126,31.765745162963867,-75.33732604980469,0.6626739501953125,0.5080637548807596,13.736334268254376
26.20000000000046,31.752695083618164,-75.34783935546875,0.65216064453125,0.5027432249405658,13.858779706683269
26.233333333333796,31.7398681640625,-75.35836791992188,0.641632080078125,0.4978378061758428,13.94234431869806
26.26666666666713,31.72727394104004,-75.3688735961914,0.6311264038085938,0.49202166484587795,14.015872722081909
26.300000000000466,31.71490478515625,-75.37936401367188,0.620635986328125,0.48655974820447084,14.119578317496975
26.3333333333338,31.702770233154297,-75.38980865478516,0.6101913452148438,0.48031665830576253,14.214639344733445
26.366666666667136,31.69086456298828,-75.40020751953125,0.59979248046875,0.47422909347545866,14.32154643232175
26.40000000000047,31.679195404052734,-75.4105453491211,0.5894546508789062,0.4676921977139797,14.432131675596464
26.433333333333806,31.667757034301758,-75.42080688476562,0.579193115234375,0.46100094870795755,14.52757117069336
26.46666666666714,31.656551361083984,-75.43099212646484,0.5690078735351562,0.454285851267158,14.675812779974853
26.500000000000476,31.64557456970215,-75.44109344482422,0.5589065551757812,0.44751974646267256,14.796538718215462
26.53333333333381,31.63483238220215,-75.45108795166016,0.5489120483398438,0.440177558788362,14.883796950788506
26.566666666667146,31.624319076538086,-75.46099090576172,0.5390090942382812,0.4332877638836527,15.068320516382405
26.60000000000048,31.614038467407227,-75.47077178955078,0.5292282104492188,0.4257005410109192,15.192372059760487
26.633333333333816,31.603984832763672,-75.4804458618164,0.5192626141257204,0.41856531076040693,103.64973247108334
26.66666666666715,31.594165802001953,-75.489990234375,0.5091631753571062,0.4108011336074121,103.79994133795319
26.700000000000486,31.58457374572754,-75.49939727783203,0.49929470756956074,0.4030508766354448,103.96823044178564
26.73333333333382,31.57520294189453,-75.50868225097656,0.4896510359814071,0.39575298065111575,104.13039814767707
26.766666666667156,31.5660457611084,-75.5178451538086,0.48022453459498937,0.38862767970546,104.31379985702297
26.80000000000049,31.557111740112305,-75.52686309814453,0.4710254188325384,0.3808228539416195,104.50181965852445
26.833333333333826,31.548397064208984,-75.5357437133789,0.4620496480535043,0.37326908891151506,104.71234936715683
26.86666666666716,31.539913177490234,-75.54444122314453,0.45331002710469287,0.3645006296040549,104.88190435686134
26.900000000000496,31.531658172607422,-75.55296325683594,0.44480442184496455,0.3559398087703163,105.06437944358339
26.93333333333383,31.523605346679688,-75.5611572265625,0.4365106941169645,0.34465958679832537,105.28986004753823
26.966666666667166,31.5157470703125,-75.56903076171875,0.4284209902813219,0.33372227523469583,105.41618178639638
27.0000000000005,31.50811195373535,-75.57661437988281,0.42056299726234136,0.3228399644474813,105.58840751515928
27.033333333333836,31.500686645507812,-75.58391571044922,0.4129231419224131,0.31241025476528095,105.64641204167562
27.06666666666717,31.49349594116211,-75.59092712402344,0.40552643639562,0.301296422757469,105.72762505391091
27.100000000000506,31.486530303955078,-75.59767150878906,0.39836266525974284,0.2908713543993211,105.80547312123296
27.13333333333384,31.479778289794922,-75.60413360595703,0.3914208448017405,0.2803810898125946,105.90859902378722
27.166666666667176,31.473234176635742,-75.6103286743164,0.3846948002399345,0.27034026728500915,105.89153265627122
27.20000000000051,31.46688461303711,-75.61624908447266,0.37817141372016605,0.26044460616449694,105.88233498442591
27.233333333333846,31.46072769165039,-75.62191772460938,0.3718480958178489,0.25107179404638064,105.84921795902693
27.26666666666718,31.45475196838379,-75.62732696533203,0.36571363517823696,0.24181033555078116,105.8101666800892
27.300000000000516,31.44895362854004,-75.63249206542969,0.35976376351906075,0.23295729987743385,105.73690021902567
27.33333333333385,31.44338035583496,-75.63739776611328,0.3540465986090711,0.22274321775973996,105.6584065437166
27.366666666667186,31.438024520874023,-75.64205932617188,0.34855405916718346,0.2130107961531745,105.54817409745965
27.40000000000052,31.43288230895996,-75.64646911621094,0.3432825598362888,0.20322335594603058,105.4022876978204
27.433333333333856,31.427946090698242,-75.65064239501953,0.3382240193352969,0.1939181684820301,105.23174067557576
27.46666666666719,31.423208236694336,-75.65458679199219,0.3333705840248399,0.18494587109802493,105.08792015901813
27.500000000000526,31.418664932250977,-75.65831756591797,0.3287179856226428,0.17636399977122444,104.92115790580073
27.53333333333386,31.414308547973633,-75.66182708740234,0.3242588257727809,0.16782533336495947,104.69592668473382
27.566666666667196,31.410133361816406,-75.66513061523438,0.31998692969357956,0.15972140753841127,104.45494713723028
27.60000000000053,31.4061336517334,-75.66822814941406,0.31589657788679054,0.15176679105852509,104.25369170667554
27.633333333333866,31.40230369567871,-75.671142578125,0.31198136792902337,0.14438217439412954,103.97375856071048
27.6666666666672,31.39864158630371,-75.67385864257812,0.3082398486043003,0.13678174611106883,103.66838502303789
27.700000000000536,31.395139694213867,-75.6763916015625,0.30466393863153546,0.12965807527066192,103.38400626468103
27.73333333333387,31.391794204711914,-75.67874908447266,0.30124959737017915,0.12278038569503524,103.09313151930235
27.766666666667206,31.388599395751953,-75.68093872070312,0.2979908776802705,0.11619457819186434,102.7570172415973
27.80000000000054,31.38555145263672,-75.68296813964844,0.2948837389212709,0.10985284994194795,102.43697084549629
27.833333333333876,31.382646560668945,-75.68482971191406,0.2919245957360671,0.10350586350599153,102.06002757643294
27.86666666666721,31.379880905151367,-75.6865463256836,0.2891089522006789,0.09765271091008765,101.66760558729509
27.900000000000546,31.377248764038086,-75.68810272216797,0.28643154410030996,0.0917359426349361,101.31658364675177
27.93333333333388,31.374746322631836,-75.68952941894531,0.2838876478692461,0.08641706438879862,100.8727597920492
27.966666666667216,31.372373580932617,-75.69081115722656,0.28147771879092975,0.08090414435336342,100.50434231787663
28.00000000000055,31.3701229095459,-75.69195556640625,0.27919390322599713,0.07574743992632864,100.50434231787663
28.033333333333886,31.36799430847168,-75.69297790527344,0.27703574589099866,0.07084142406300635,99.64186195895553
28.06666666666722,31.36598014831543,-75.6938705444336,0.2749958484300094,0.06609297409515275,99.19860330448626
28.100000000000556,31.36408233642578,-75.69464874267578,0.27307566205899647,0.061534983752100064,98.73803157281526
28.13333333333389,31.362295150756836,-75.6953125,0.2712694672797278,0.05719393115238526,98.2820918252827
28.166666666667226,31.360614776611328,-75.69586181640625,0.2695734510933712,0.05303645166071985,97.78558862005605
28.20000000000056,31.35904312133789,-75.69630432128906,0.2679892923576272,0.048982851926496956,97.31070717660214
28.233333333333896,31.357572555541992,-75.69664001464844,0.26650936507483663,0.04525183324944295,96.76697485300323
28.26666666666723,31.356203079223633,-75.6968765258789,0.2651334416032837,0.04169247718493699,96.28239230518416
28.300000000000566,31.35493278503418,-75.69701385498047,0.26385961544355263,0.038330874617009486,95.71807904975138
28.3333333333339,31.353757858276367,-75.69706726074219,0.26268361831338183,0.035284196964756015,95.18977178822692
28.366666666667236,31.352676391601562,-75.69702911376953,0.2616037713550742,0.032464177553302505,94.6638344311209
28.40000000000057,31.351621627807617,-75.69690704345703,0.2605531194474754,0.03185412124028195,94.10263802035841
28.433333333333906,31.350597381591797,-75.69671630859375,0.2595350203059611,0.03125562491494663,93.50960636198424
28.46666666666724,31.349599838256836,-75.69644927978516,0.2585458885734322,0.030979951271259097,92.95865345286032
28.500000000000576,31.348630905151367,-75.69611358642578,0.2575874031075823,0.03076311516998254,92.3876311943619
28.53333333333391,31.34769058227539,-75.6957015991211,0.2566597915501273,0.030798483489900184,91.79826266848023
28.566666666667246,31.346778869628906,-75.69522857666016,0.2557625986176283,0.030813522656129737,91.20409352179739
28.60000000000058,31.34589385986328,-75.69468688964844,0.25489414545239125,0.03112877115346454,90.60110635535194
28.633333333333916,31.34503746032715,-75.69408416748047,0.2540561109121101,0.03141695019451287,89.99232998739662
28.66666666666725,31.344209671020508,-75.69342803955078,0.25324826735506556,0.031688564130836136,89.399084371733
28.700000000000585,31.34341049194336,-75.69270324707031,0.2524710700646964,0.03236680712375387,88.76491059565363
28.73333333333392,31.34263801574707,-75.69193267822266,0.2517219296164272,0.03273295343427399,88.08944179164371
28.766666666667255,31.341894149780273,-75.69110107421875,0.251003207793114,0.03347255019093108,87.50101417956554
28.80000000000059,31.34117889404297,-75.69021606445312,0.25031467695303733,0.03413721941662796,86.86352572592227
28.833333333333925,31.340492248535156,-75.68928527832031,0.24965610945447012,0.034699573348841356,86.19216585008034
28.86666666666726,31.339832305908203,-75.68830108642578,0.24902582643972637,0.035549151333297994,85.59082215742517
28.900000000000595,31.339202880859375,-75.68727111816406,0.24842741326590873,0.036212007138740704,84.94602598268453
28.93333333333393,31.338600158691406,-75.68620300292969,0.24785682929247205,0.03679306659003052,84.21694752272732
28.966666666667265,31.33802604675293,-75.6850814819336,0.24731643630226788,0.03779778401338351,83.60098971542013
29.0000000000006,31.337480545043945,-75.68392181396484,0.2468057790118577,0.03844686880650571,82.91140571959686
29.033333333333935,31.336963653564453,-75.6827163696289,0.2463250850629642,0.039347751698844,82.25894249510567
29.06666666666727,31.336475372314453,-75.68148040771484,0.2458738991721381,0.03986751044275452,81.5924325309261
29.100000000000605,31.336015701293945,-75.68020629882812,0.24545244898110555,0.04063478573930651,80.89709836254147
29.13333333333394,31.335582733154297,-75.67888641357422,0.24505905563217303,0.041672564644941346,80.21257271448818
29.166666666667275,31.335180282592773,-75.67754364013672,0.24469684919900508,0.04205361177156472,79.55228582408661
29.20000000000061,31.334732055664062,-75.67613220214844,0.24429093555542547,0.04442699761346197,78.8487579667343
29.233333333333945,31.33424186706543,-75.67467498779297,0.24384444477509437,0.04612355890445169,78.1392082641078
29.26666666666728,31.333711624145508,-75.67315673828125,0.2433597386408678,0.04824536475730439,77.45897249521143
29.300000000000615,31.333148956298828,-75.67159271240234,0.24284398786695024,0.04986476561679661,76.78991859116176
29.33333333333395,31.332538604736328,-75.66995239257812,0.24228285102493183,0.05250581244028227,76.11442475571356
29.366666666667285,31.331884384155273,-75.66825103759766,0.24167968583019137,0.05468411107823934,75.40632043462492
29.40000000000062,31.331174850463867,-75.66645050048828,0.24102419149485696,0.05805889033842581,74.7145082222731
29.433333333333955,31.33041000366211,-75.66455841064453,0.24031614037721272,0.06122495525750058,74.01475303034873
29.46666666666729,31.329586029052734,-75.66255950927734,0.23955217476186833,0.06486205939819416,73.3066976276814
29.500000000000625,31.328702926635742,-75.66046142578125,0.23873206700711094,0.06829086184791179,72.63501280397921
29.53333333333396,31.32775115966797,-75.65821838378906,0.23784765046619774,0.07309848128172705,71.9100130590729
29.566666666667295,31.326736450195312,-75.65585327148438,0.23690396171220426,0.07720785176984454,71.22757282629198
29.60000000000063,31.32564926147461,-75.65335083007812,0.23589192353150976,0.08185214154513441,70.52472026615631
29.633333333333965,31.324499130249023,-75.65069580078125,0.23482152370462037,0.08680313452289111,69.8520259405233
29.6666666666673,31.323280334472656,-75.64789581298828,0.23368681509157474,0.09161252811017746,69.12717991367754
29.700000000000635,31.321996688842773,-75.64493560791016,0.23249206597464459,0.09679619923791868,68.40832127154106
29.73333333333397,31.320648193359375,-75.64181518554688,0.2312372763538264,0.10198003831441992,67.72577981573846
29.766666666667305,31.319242477416992,-75.63854217529297,0.2299298445850486,0.10686332434263959,66.99175141748123
29.80000000000064,31.317773818969727,-75.63510131835938,0.2285645064535184,0.11223550536691308,66.32206025216246
29.833333333333975,31.316247940063477,-75.6314926147461,0.22714698145747148,0.1175412412072591,65.61583155949445
29.86666666666731,31.31466293334961,-75.6277084350586,0.22567559073921384,0.12308142008955897,64.91754242963006
29.900000000000645,31.31302261352539,-75.62374114990234,0.2241543749392946,0.12879052982674602,64.23675447605527
29.93333333333398,31.31132698059082,-75.61958312988281,0.22258356169943638,0.1347140355659349,63.512404124353324
29.966666666667315,31.309581756591797,-75.615234375,0.22096887051787487,0.14057641428702622,62.82075299448713
30.00000000000065,31.307783126831055,-75.6106948852539,0.21930648839578387,0.14648492261665028,62.16222799793253
30.033333333333985,31.305940628051758,-75.60594940185547,0.21760640311366647,0.1527186072255138,61.46648104630428
30.06666666666732,31.304048538208008,-75.60099792480469,0.21586289517328822,0.15902017502540913,60.77027428704174
30.100000000000655,31.30211639404297,-75.59584045410156,0.21408549707171323,0.16522535100667352,60.09077496446611
30.13333333333399,31.300146102905273,-75.59046936035156,0.21227634295007322,0.1716322397299318,59.38628300321017
30.166666666667325,31.298141479492188,-75.58489227294922,0.21043901816546814,0.17779251117385766,58.76576968259345
30.20000000000066,31.296104431152344,-75.5791015625,0.2085756568590368,0.18415673786477718,58.046048620021054
30.233333333333995,31.29404067993164,-75.5730972290039,0.20669197852901447,0.19047304494321587,57.351507558367175
30.26666666666733,31.291950225830078,-75.56685638427734,0.20478866610056665,0.19744955590383637,56.6917560640266
30.300000000000665,31.289838790893555,-75.5604019165039,0.20287075614676262,0.2037313931542301,56.02001532114091
30.333333333334,31.287710189819336,-75.55372619628906,0.20094228930815514,0.21020600521401578,55.313446531509
30.366666666667335,31.28557014465332,-75.54682159423828,0.19900921272469843,0.21685937958275067,54.63536017883717
30.40000000000067,31.283418655395508,-75.53968811035156,0.19707152639639214,0.22352616972001907,54.004130034227785
30.433333333334005,31.28126335144043,-75.5323257446289,0.1951368563208881,0.23014079985006394,53.330960484691786
30.46666666666734,31.279104232788086,-75.52472686767578,0.19320543013990887,0.23698998264329588,52.69294880716241
30.500000000000675,31.276947021484375,-75.51689147949219,0.19128296735168662,0.24380767366269035,52.03161622101996
30.53333333333401,31.274795532226562,-75.50880432128906,0.18937373623849268,0.25105364057501556,51.316099571938054
30.566666666667345,31.272653579711914,-75.50048065185547,0.18748109451571382,0.25784547712394823,50.71217621533044
30.60000000000068,31.270524978637695,-75.49190521240234,0.18560931046560758,0.2650701679039726,50.069201326100156
30.633333333334015,31.268415451049805,-75.48308563232422,0.18376387594469643,0.272050711189436,49.39629621731021
30.66666666666735,31.266326904296875,-75.47401428222656,0.18194692509411292,0.27926023368907915,48.76180939013929
30.700000000000685,31.26426887512207,-75.46470642089844,0.18016753512747904,0.28598005162800594,48.12178075630497
30.73333333333402,31.262239456176758,-75.45514678955078,0.1784242548288234,0.293180121227236,47.474772490022666
30.766666666667355,31.2602481842041,-75.4453353881836,0.17672661669520778,0.30034294526660943,46.834788103656976
30.80000000000069,31.2582950592041,-75.43527221679688,0.17507462072663177,0.30752870445161695,46.209724042289764
30.833333333334025,31.256389617919922,-75.42496490478516,0.1734775717784404,0.31445865969144526,45.59971017524235
30.86666666666736,31.254531860351562,-75.41439819335938,0.17193592513407177,0.32186330667642016,45.012255740776524
30.900000000000695,31.252727508544922,-75.40357208251953,0.17045540029176198,0.3292633068272848,44.33540954140226
30.93333333333403,31.2509822845459,-75.39249420166016,0.1690414891080366,0.33643532220494765,43.73435384870013
30.966666666667365,31.249300003051758,-75.38115692138672,0.16769823222342972,0.34384239924942767,43.12935062336643
31.0000000000007,31.247682571411133,-75.36956024169922,0.16642753613736594,0.35126792964617903,42.50768743096677
31.033333333334035,31.246139526367188,-75.35771179199219,0.16523870570517482,0.35845512079048863,41.8811793657855
31.06666666666737,31.244670867919922,-75.3456039428711,0.16413196856858692,0.36589789720153604,41.33959822678047
31.100000000000705,31.243284225463867,-75.333251953125,0.1631144954418076,0.37288736260388966,40.72197950935582
31.13333333333404,31.241979598999023,-75.3206558227539,0.16218628632483645,0.37990537701449417,40.156799181507076
31.166666666667375,31.240766525268555,-75.30780792236328,0.16135710135645792,0.3871512405903898,39.53740724270789
31.20000000000071,31.23964500427246,-75.29472351074219,0.16062648525322507,0.393971665394103,38.93865209759552
31.233333333334045,31.23862075805664,-75.28141021728516,0.15999992987166078,0.4005790517304768,38.39390543029255
31.26666666666738,31.23769760131836,-75.26785278320312,0.1594817034940333,0.4076648298870666,37.83275750677357
31.300000000000715,31.236879348754883,-75.25407409667969,0.15907493619399965,0.4140888378257916,37.247108473338876
31.33333333333405,31.236169815063477,-75.24006652832031,0.15878366861210422,0.42076581189733536,36.67405262599687
31.366666666667385,31.235572814941406,-75.225830078125,0.15861171374718025,0.4274688655076867,36.13354582109559
31.40000000000072,31.235092163085938,-75.21136474609375,0.15856288459804632,0.4341994602511909,35.52564793102416
31.433333333334055,31.23473358154297,-75.1966781616211,0.1586426730212214,0.4407288392831617,34.98498322104009
31.46666666666739,31.2344970703125,-75.1817626953125,0.158851306658428,0.4475202403114744,34.42295254895
31.500000000000725,31.234390258789062,-75.1666259765625,0.15919618386559192,0.45411286801446904,33.875781052756295
31.53333333333406,31.234416961669922,-75.1512451171875,0.15968180056670392,0.46142647663699843,33.33571931782967
31.566666666667395,31.234582901000977,-75.13563537597656,0.16031342097655632,0.4683186958478471,32.79502330675938
31.60000000000073,31.234891891479492,-75.11978149414062,0.16109531337742133,0.47570677937708017,32.25505340073648
31.633333333334065,31.2353458404541,-75.10369873046875,0.1620289289852651,0.482675068029454,31.725156112571717
31.6666666666674,31.235952377319336,-75.08736419677734,0.16312257672290154,0.49037372492428344,31.18107826223528
31.700000000000735,31.236713409423828,-75.07079315185547,0.16437770780630068,0.49765533223324393,30.662664859453976
31.73333333333407,31.237634658813477,-75.05397033691406,0.1658004970171439,0.5054406223204226,30.182502532797578
31.766666666667405,31.238718032836914,-75.03691864013672,0.16739216792968142,0.5125823407366088,29.6756732582051
31.80000000000074,31.239967346191406,-75.01962280273438,0.16915698882617836,0.5202269675587983,29.196233718878936
31.833333333334075,31.241384506225586,-75.00210571289062,0.17109618328088222,0.5272296475359073,28.6576221303833
31.86666666666741,31.242977142333984,-74.98434448242188,0.17321806021661315,0.5349747823814176,28.17364947766096
31.900000000000745,31.2447452545166,-74.96635437011719,0.1755221643499215,0.5423037205137257,27.67585017034692
31.93333333333408,31.24669075012207,-74.94812774658203,0.17801062982194651,0.5499047942861464,27.17278690178394
31.966666666667415,31.24881935119629,-74.9296875,0.18068849320576147,0.5568808426273545,26.714559139998446
32.000000000000746,31.251131057739258,-74.91102600097656,0.18355598214308586,0.5641240817837038,26.22215356853232
32.03333333333408,31.253629684448242,-74.89215087890625,0.18661668199102235,0.571193515141798,25.747793088414195
32.06666666666741,31.256311416625977,-74.87307739257812,0.18986632446730942,0.5778326845757693,25.291854171648474
32.10000000000074,31.259180068969727,-74.85381317138672,0.19330849492904623,0.5842991065735555,24.833537064467844
32.13333333333407,31.262239456176758,-74.8343505859375,0.19694723401677836,0.591047269011218,24.36828801919111
32.1666666666674,31.26548957824707,-74.814697265625,0.2007823140887935,0.5976074493343367,23.932670724169093
32.200000000000735,31.26892852783203,-74.79486846923828,0.20481137336222494,0.603743974176528,23.459104636912866
32.233333333334066,31.272558212280273,-74.7748794555664,0.20903586305305397,0.6094766189866476,23.022604656087513
32.2666666666674,31.276386260986328,-74.75469970703125,0.21346431972580635,0.616188759272888,22.565621486001447
32.30000000000073,31.280410766601562,-74.7343521118164,0.218094153955911,0.6222532835001892,22.149558434557118
32.33333333333406,31.284635543823242,-74.71382904052734,0.22292940638391623,0.628602161894062,21.726293175502125
32.36666666666739,31.2890625,-74.6931381225586,0.2279717558675086,0.6347762004379403,21.307190492059817
32.40000000000072,31.29369354248047,-74.67227935791016,0.23322310890610068,0.6410001212194354,20.8685801008477
32.433333333334055,31.29852867126465,-74.65126037597656,0.23868323785797704,0.6470382250654972,20.474292633352007
32.466666666667386,31.303569793701172,-74.63008880615234,0.2443538215808233,0.6529038641466376,20.07391344901416
32.50000000000072,31.30881690979004,-74.60875701904297,0.25023508771636643,0.6590293101803377,19.643710080281476
32.53333333333405,31.314273834228516,-74.58726501464844,0.2563308492634247,0.665218647889259,19.26696397213673
32.56666666666738,31.31993865966797,-74.56563568115234,0.26263851679742745,0.6707655948766652,18.870954933661945
32.60000000000071,31.325817108154297,-74.54385375976562,0.2691642651000546,0.6768363393858579,18.47471924356659
32.63333333333404,31.3319034576416,-74.52192687988281,0.27590214703134575,0.6826774789966427,18.083425488826993
32.666666666667375,31.338205337524414,-74.4998550415039,0.2828597885889482,0.688615833054803,17.684866336209275
32.700000000000706,31.3447208404541,-74.47765350341797,0.2900348279900133,0.6941354800233811,17.291072740873418
32.73333333333404,31.351449966430664,-74.45530700683594,0.29742772051798105,0.7001302316778389,16.94007799756879
32.76666666666737,31.3583927154541,-74.43283081054688,0.3050380108894042,0.7057216499897239,16.542965641797586
32.8000000000007,31.365558624267578,-74.41021728515625,0.3128754592430743,0.7116527255227457,16.184075370140032
32.83333333333403,31.37294578552246,-74.38746643066406,0.32093815907957823,0.7176032179256842,15.847270077628396
32.86666666666736,31.38055419921875,-74.36457824707031,0.3292261103989089,0.7235891213082029,15.483035046403435
32.900000000000695,31.388385772705078,-74.341552734375,0.337741219700483,0.729627987633684,15.118375498280075
32.933333333334026,31.396446228027344,-74.31839752197266,0.34648897884081925,0.7355415156603362,14.785022574216725
32.96666666666736,31.404733657836914,-74.29509735107422,0.35546793660394727,0.741903976987894,14.47817936188901
33.00000000000069,31.413246154785156,-74.27168273925781,0.3646752759235658,0.7474195513405716,14.082669806080919
33.03333333333402,31.421981811523438,-74.24813842773438,0.37410954558370774,0.7533801652456583,13.800006996672321
33.06666666666735,31.430946350097656,-74.22447204589844,0.3837762374408894,0.7592196802953304,13.408835593394578
33.10000000000068,31.440139770507812,-74.20067596435547,0.3936755791368294,0.7653072768984664,13.146013510366327
33.133333333334015,31.44955825805664,-74.17677307128906,0.4038030747475439,0.7707467704676642,12.821628827326574
33.166666666667346,31.459199905395508,-74.15274810791016,0.4141572730570593,0.7766235934404672,12.51020015842348
33.20000000000068,31.46906852722168,-74.12862396240234,0.4247413041390385,0.7819384143953381,12.210140513284667
33.23333333333401,31.479158401489258,-74.10438537597656,0.4355499037786896,0.787644063768681,11.9122131379985
33.26666666666734,31.48947525024414,-74.08003997802734,0.4465885638325212,0.7932352693767823,11.570579085067578
33.30000000000067,31.500017166137695,-74.05559539794922,0.4578551501594076,0.7986254048753908,11.287764209903388
33.333333333334004,31.51077651977539,-74.03105163574219,0.46934203676169406,0.8039551968727204,11.005556412578704
33.366666666667335,31.52175521850586,-74.00642395019531,0.48105067485535435,0.8089185676501293,10.7130451448397
33.40000000000067,31.5329532623291,-73.98169708251953,0.4929815197238274,0.8143296344052348,10.434858120897792
33.433333333334,31.54436683654785,-73.95689392089844,0.505130075443126,0.8190969738462665,10.183998018989994
33.46666666666733,31.556001663208008,-73.93199920654297,0.5175025167949341,0.8243812193560927,9.90234812408418
33.50000000000066,31.567852020263672,-73.90701293945312,0.5300931242810063,0.8296204282010914,9.6356949706675
33.53333333333399,31.57991600036621,-73.8819580078125,0.5428993084767709,0.8342423472155829,9.398944629658288
33.566666666667324,31.592191696166992,-73.85682678222656,0.555919390524539,0.8390733496900842,9.099885707710168
33.600000000000655,31.603912353515625,-73.8317642211914,0.5683826324677685,0.8300332504740358,8.898223817782911
33.63333333333399,31.615100860595703,-73.80677032470703,0.5803119122994099,0.8215167660719713,8.609126182001534
33.66666666666732,31.625776290893555,-73.78182983398438,0.5917267502970307,0.8138756665351721,8.368079858385745
33.70000000000065,31.635957717895508,-73.7569351196289,0.602646439096479,0.8068874969739176,8.18126963388108
33.73333333333398,31.64566421508789,-73.73208618164062,0.6130900436918794,0.80032320108945,7.939769788575663
33.76666666666731,31.654916763305664,-73.707275390625,0.6230787632184894,0.7943969407096911,7.729625366774119
33.800000000000644,31.66373062133789,-73.68251037597656,0.6326276220298922,0.7886006844751098,7.512298904861502
33.833333333333975,31.672122955322266,-73.65776824951172,0.6417544615459548,0.7838007926360214,7.292881666345146
33.86666666666731,31.68010902404785,-73.633056640625,0.6504743061202676,0.7791000043087826,7.057587209678813
33.90000000000064,31.687705993652344,-73.60836029052734,0.6588047695309776,0.7751524300328456,6.8726283741352905
33.93333333333397,31.694931030273438,-73.58369445800781,0.6667625549893585,0.7710667955838456,6.690838551260947
33.9666666666673,31.701797485351562,-73.55904388427734,0.6743614632747394,0.7676712131655493,6.479666055998316
34.00000000000063,31.70831871032715,-73.53440856933594,0.6816148398830094,0.7645146209851267,6.330805196164453
34.033333333333964,31.71451187133789,-73.50979614257812,0.6885396156671577,0.761389594617825,6.109025757746799
34.066666666667295,31.720388412475586,-73.4852066040039,0.6951472296236619,0.7584597739711813,5.945280168325932
34.10000000000063,31.725961685180664,-73.46064758300781,0.7014507996066885,0.7555039330397747,5.768279296866433
34.13333333333396,31.731246948242188,-73.43610382080078,0.7074660328949792,0.7531913714417602,5.608369755542275
34.16666666666729,31.736251831054688,-73.41158294677734,0.7132003278444655,0.7507928498301878,5.4801379088162845
34.20000000000062,31.740991592407227,-73.3870849609375,0.7186689364504443,0.7485686228392071,5.322320076707066
34.23333333333395,31.745473861694336,-73.36260223388672,0.7238797123522884,0.7466894907688858,5.140673364747449
34.266666666667284,31.749711990356445,-73.33815002441406,0.7288455457624428,0.7445032265787219,4.983895591392225
34.300000000000615,31.75371551513672,-73.313720703125,0.7335761968196911,0.7426560134944409,4.85733654981683
34.33333333333395,31.75749397277832,-73.289306640625,0.7380814256628198,0.74114159977224,4.714693093047974
34.36666666666728,31.76105499267578,-73.264892578125,0.7423693135729166,0.7401719931324185,4.634631480068619
34.40000000000061,31.763591766357422,-73.2405776977539,0.7456304519561078,0.7334055940304917,4.471215184400784
34.43333333333394,31.76514434814453,-73.21633911132812,0.7479055602252186,0.7286478051247789,4.371518466554923
34.46666666666727,31.765750885009766,-73.19219207763672,0.7492323130850562,0.7246395039994143,4.371518466554923
34.500000000000604,31.76544761657715,-73.16812896728516,0.7496471616661842,0.7219506398503479,4.135823877689416
34.533333333333935,31.764249801635742,-73.14413452148438,0.7491658132473404,0.7207297488854172,4.057963743564323
34.56666666666727,31.762184143066406,-73.12019348144531,0.7478154141037407,0.7208996526073226,3.929917239328496
34.6000000000006,31.75927734375,-73.09630584716797,0.7456226552271679,0.7219152985431111,3.8052672962549714
34.63333333333393,31.755556106567383,-73.07246398925781,0.7426144552511107,0.7239154752453049,3.7160998590074956
34.66666666666726,31.751049041748047,-73.04866790771484,0.7388194116667653,0.7265744401482771,3.6640906564229287
34.70000000000059,31.74578285217285,-73.02490997314453,0.7342644431076208,0.730037661302642,3.561170777829955
34.733333333333924,31.739776611328125,-73.00119018554688,0.7289686145678058,0.7340524010494823,3.4633316782231
34.766666666667255,31.733057022094727,-72.97749328613281,0.7229590723225346,0.7389359438917692,3.3919098371892895
34.80000000000059,31.72564697265625,-72.95382690429688,0.7162584667230427,0.7439797145732895,3.3328407254468826
34.83333333333392,31.71756935119629,-72.93018341064453,0.7088899034039995,0.7495575258010265,3.2456856165856385
34.86666666666725,31.708850860595703,-72.90656280517578,0.7008800733571746,0.755347981367901,3.1941922270350953
34.90000000000058,31.699512481689453,-72.88296508789062,0.6922499480761166,0.7613486871993485,3.1232464099794597
34.93333333333391,31.689573287963867,-72.85938262939453,0.6830188201966623,0.7677420976937764,3.0815965150536813
34.966666666667244,31.67905616760254,-72.83582305908203,0.6732093400700467,0.7740134731410458,3.013462666028611
35.000000000000576,31.667980194091797,-72.8122787475586,0.6628408003321138,0.7805835092358799,2.942289491729759
35.03333333333391,31.6563663482666,-72.78874969482422,0.6519341724764017,0.7871772123769626,2.898499280311143
35.06666666666724,31.644229888916016,-72.76522827148438,0.6405049361399325,0.7940377203574865,2.8570462976994464
35.10000000000057,31.631591796875,-72.7417221069336,0.6285738351745247,0.8006466312256793,2.8570462976994464
35.1333333333339,31.61846923828125,-72.71823120117188,0.616158028074886,0.8072309321359767,2.787572524400528
35.16666666666723,31.604877471923828,-72.69474792480469,0.6032729944780433,0.8139903829205888,2.78032675177889
35.200000000000564,31.59083366394043,-72.67127990722656,0.589935665236988,0.8204747117063235,2.7557682441370646
35.233333333333896,31.576351165771484,-72.64781188964844,0.5761598411310463,0.8273098222761649,2.713380015457906
35.26666666666723,31.561447143554688,-72.62435913085938,0.5619622253714911,0.8336339698878944,2.6500897014262437
35.30000000000056,31.5461368560791,-72.60090637207031,0.5473585252370639,0.8402339660253737,2.6769969516134147
35.33333333333389,31.530431747436523,-72.57746887207031,0.5323597244407959,0.8463865307013481,2.6369724993248083
35.36666666666722,31.514347076416016,-72.55403137207031,0.516981530261436,0.8527776634499566,2.64402328912955
35.40000000000055,31.497892379760742,-72.53060150146484,0.5012332475543215,0.8589204216605099,2.5960771777410625
35.433333333333884,31.4810848236084,-72.50717163085938,0.4851322624558875,0.8650476879125665,2.5963204302793117
35.466666666667216,31.46393394470215,-72.48375701904297,0.4686876521797524,0.8707221281171498,2.584943199928709
35.50000000000055,31.446449279785156,-72.46033477783203,0.45190963214814267,0.8768599668946877,2.561866121217127
35.53333333333388,31.428646087646484,-72.43692779541016,0.43481277143119845,0.8822451069753745,2.5677365736208584
35.56666666666721,31.410533905029297,-72.41352081298828,0.41740705780942317,0.887887485400421,2.5500779048972264
35.60000000000054,31.392122268676758,-72.3901138305664,0.39970202377987774,0.8934134884522915,2.538309801311071
35.63333333333387,31.37342071533203,-72.36671447753906,0.38170697419790284,0.8986378790388947,2.559831400324611
35.666666666667204,31.35443878173828,-72.34331512451172,0.36343166920228603,0.9039132549919912,2.5597071479365727
35.700000000000536,31.335187911987305,-72.3199234008789,0.3448873201477783,0.9088409369161631,2.526135764621368
35.73333333333387,31.315685272216797,-72.29653930664062,0.3260910855290979,0.9134834093877733,2.541290684643599
35.7666666666672,31.295936584472656,-72.2731704711914,0.3070484572027534,0.9178789811742122,2.589671635126212
35.80000000000053,31.27593421936035,-72.24979400634766,0.2877524920962665,0.9229833946552457,2.5503496736679057
35.83333333333386,31.255687713623047,-72.22640991210938,0.26821272270669066,0.9279348964900377,2.5962072892090258
35.86666666666719,31.235204696655273,-72.2030258178711,0.2484365473899613,0.932594693691864,2.5984052889899383
35.900000000000524,31.21449089050293,-72.17964172363281,0.22842968564431643,0.9371712041006823,2.58537895189597
35.933333333333856,31.19355583190918,-72.15625,0.20820189760853333,0.9417560573491747,2.6208422486061975
35.96666666666719,31.172407150268555,-72.13285827636719,0.18776058163854756,0.9460420300839435,2.6433027365937214
36.00000000000052,31.151058197021484,-72.10946655273438,0.16711908323024843,0.950081830861703,2.6689481159402124
36.03333333333385,31.1295166015625,-72.0860824584961,0.14628480073955735,0.9538189442640669,2.6622022117055355
36.06666666666718,31.107765197753906,-72.06268310546875,0.1252412585969282,0.9584299456759952,2.723785355911652
36.10000000000051,31.085805892944336,-72.03926849365234,0.10399036330177679,0.9630210811863613,2.7288405105876374
36.133333333333844,31.063657760620117,-72.0158462524414,0.08255095220650202,0.9670713696077442,2.752019841968942
36.166666666667176,31.04132652282715,-71.99241638183594,0.06092874480934539,0.9710194211032095,2.7714613268731556
36.20000000000051,31.018808364868164,-71.9689712524414,0.03912015575320106,0.9752268337022295,2.7963943692635254
36.23333333333384,30.996109008789062,-71.94551849365234,0.017130676894584806,0.9791646414681312,2.846275314218006
36.26666666666717,30.973241806030273,-71.92205810546875,0.0050263462706139845,0.9828371676747009,2.8748366240761243
36.3000000000005,30.950212478637695,-71.89859771728516,0.027345421885876412,0.9862381864902154,2.899655569824915
36.33333333333383,30.92703628540039,-71.87513732910156,0.049811297955906275,0.9893296579138894,2.950288439577975
36.366666666667165,30.903715133666992,-71.8516845703125,0.0724222956230104,0.9922284070168154,2.9527938964237475
36.400000000000496,30.88026237487793,-71.82823944091797,0.09516506939129897,0.99485445590289,2.987218505080986
36.43333333333383,30.85668182373047,-71.8048095703125,0.11803603390367284,0.9972467628958879,3.063201006905988
36.46666666666716,30.83298683166504,-71.7813949584961,0.14102184366423867,0.9993633102852988,3.053465273205563
36.50000000000049,30.809179306030273,-71.75800323486328,0.1641208198153068,1.0012861280510739,3.1160857117187892
36.53333333333382,30.78527069091797,-71.73463439941406,0.1873215233604036,1.0029715410503373,3.156306951660884
36.56666666666715,30.76126480102539,-71.71129608154297,0.21062036894242603,1.0044221460761003,3.1984189590626735
36.600000000000485,30.737180709838867,-71.68799591064453,0.2339985192089622,1.0053095398728953,3.2657129527190016
36.633333333333816,30.7130184173584,-71.66472625732422,0.2574557465182989,1.0063616791210417,3.2574517271167434
36.66666666666715,30.688791275024414,-71.64151000976562,0.28097938829970953,1.006654716740424,3.3163009753967954
36.70000000000048,30.664499282836914,-71.61833953857422,0.3045692169114698,1.0071119390129446,3.361653461148093
36.73333333333381,30.640161514282227,-71.59522247314453,0.3282063950011786,1.0070020472033756,3.4135300904452484
36.76666666666714,30.61577796936035,-71.57215881347656,0.3518909225688323,1.0068965657967486,3.4243118479082977
36.80000000000047,30.591358184814453,-71.54916381835938,0.3756137224008165,1.0062733773368049,3.514043091258312
36.833333333333805,30.56690216064453,-71.5262222290039,0.3993743392136806,1.005968327691923,3.529806996884529
36.866666666667136,30.542428970336914,-71.50335693359375,0.42315439093847,1.0047800257886819,3.601161082660838
36.90000000000047,30.51793670654297,-71.48056030273438,0.4469555564328739,1.0037936181614884,3.6386995424461817
36.9333333333338,30.493425369262695,-71.45783996582031,0.4707780633386086,1.002655189125479,3.7074356074143138
36.96666666666713,30.468896865844727,-71.4351806640625,0.4946195498728257,1.0017895449989576,3.7387104743012576
37.00000000000046,30.444358825683594,-71.41259765625,0.5184728453213122,1.000448345057316,3.7977750857746098
37.03333333333379,30.41980743408203,-71.39008331298828,0.5423415350411788,0.9993497054944265,3.8194327662765333
37.066666666667125,30.395263671875,-71.36766052246094,0.5662053304640422,0.9973264352645973,3.9101369843234335
37.100000000000456,30.370725631713867,-71.3453140258789,0.5900656828058797,0.9956571658940094,3.956168088208799
37.13333333333379,30.346206665039062,-71.32305908203125,0.6139097018542409,0.9933861420496383,4.035465170082475
37.16666666666712,30.321706771850586,-71.30089569091797,0.6377373876091288,0.9911178561091163,4.058917361195247
37.20000000000045,30.2972354888916,-71.2788314819336,0.6615394352151989,0.9884865740051142,4.13224563243781
37.23333333333378,30.27278709411621,-71.2568588256836,0.6853213365289703,0.9861386650956399,4.195716825585117
37.26666666666711,30.248380661010742,-71.23499298095703,0.7090644818397568,0.9830616604690042,4.257559305462221
37.300000000000445,30.224010467529297,-71.21322631835938,0.7327743630040779,0.9802675848292437,4.320715574577917
37.333333333333776,30.19969367980957,-71.19158172607422,0.7564345044523801,0.9766345714632475,4.41218617195581
37.36666666666711,30.17542839050293,-71.17003631591797,0.7800461297589173,0.9735029879473446,4.475257010017996
37.40000000000044,30.151226043701172,-71.14862060546875,0.8035987104940977,0.9695089583297312,4.512574651585645
37.43333333333377,30.127086639404297,-71.1273193359375,0.8270917913744755,0.9658205998558179,4.587144806445936
37.4666666666671,30.103023529052734,-71.10614776611328,0.8505124821876063,0.9615309582909538,4.652122389522173
37.50000000000043,30.07903289794922,-71.08509826660156,0.8738643682905968,0.9574803545738876,4.76892244911214
37.533333333333765,30.05512046813965,-71.06417846679688,0.897141957826928,0.9531516620870192,4.821262284284486
37.566666666667096,30.031282424926758,-71.04338836669922,0.9203490637954251,0.9489112232770706,4.888631505737552
37.60000000000043,30.007532119750977,-71.0227279663086,0.9434723407001985,0.944370809703112,4.966202923649851
37.63333333333376,29.98386573791504,-71.002197265625,0.9665156015400773,0.9399183846416338,5.043456416011215
37.66666666666709,29.96030044555664,-70.98181915283203,0.989462370745512,0.9346290368086012,5.0993598493129415
37.70000000000042,29.936826705932617,-70.9615707397461,1.0123214978883972,0.9300071053447343,5.194558174652479
37.73333333333375,29.9134521484375,-70.94146728515625,1.0350858122545274,0.924914559342972,5.268131084117916
37.766666666667085,29.890172958374023,-70.92150115966797,1.0577588992010059,0.9200598737705792,5.356816406109852
37.800000000000416,29.86698341369629,-70.90166473388672,1.0803462505843515,0.9154861512453973,5.429747914646611
37.83333333333375,29.843881607055664,-70.88196563720703,1.1028500005456963,0.9108090316036893,5.515524298050554
37.86666666666708,29.820871353149414,-70.86239624023438,1.1252661084444953,0.906195218721193,5.621532768669021
37.90000000000041,29.797948837280273,-70.84295654296875,1.14759838727957,0.9016702319557504,5.697658412491725
37.93333333333374,29.775117874145508,-70.82365417480469,1.169843251693819,0.8969118490475173,5.790583164871073
37.966666666667074,29.752376556396484,-70.80447387695312,1.1920021529032152,0.8924943824882212,5.8664031600580095
38.000000000000405,29.729726791381836,-70.78543090820312,1.2140736396917855,0.8877397493798743,5.9627683348875
38.03333333333374,29.707168579101562,-70.76652526855469,1.236057712059529,0.8829872799868672,6.063332035157813
38.06666666666707,29.684703826904297,-70.74774932861328,1.2579522358653135,0.8783398606297341,6.174770039386861
38.1000000000004,29.662330627441406,-70.72909545898438,1.2797588899668295,0.8738845551356702,6.263660474604583
38.13333333333373,29.640060424804688,-70.71058654785156,1.3014669182927654,0.8687275436652039,6.325009739331575
38.16666666666706,29.617889404296875,-70.69221496582031,1.3230799062002268,0.8638068412671385,6.4503877528117695
38.200000000000394,29.5958309173584,-70.67399597167969,1.3445849634767668,0.8582876756425915,6.551897996053986
38.233333333333725,29.57387924194336,-70.6559066772461,1.3559066772460966,0.8533397705306067,81.6215370158662
38.26666666666706,29.55204963684082,-70.63797760009766,1.337977600097659,0.8474580341790859,81.55771576480815
38.30000000000039,29.530336380004883,-70.62019348144531,1.3201934814453153,0.8420014007100135,81.42431670398733
38.33333333333372,29.508750915527344,-70.6025619506836,1.3025619506835966,0.8361356578577914,81.32978032150005
38.36666666666705,29.48729133605957,-70.58509063720703,1.285090637207034,0.83017125400546,81.22599578405517
38.40000000000038,29.465965270996094,-70.5677719116211,1.2677719116210966,0.8241755737167765,81.11148389259228
38.433333333333714,29.444772720336914,-70.55061340332031,1.2506134033203153,0.8180371321003032,81.01060489752642
38.466666666667045,29.423721313476562,-70.53362274169922,1.2336227416992216,0.8115786356295417,80.89808907675132
38.50000000000038,29.402807235717773,-70.51679229736328,1.216792297363284,0.8053547383241682,80.80136611417099
38.53333333333371,29.38200569152832,-70.50010681152344,1.2001068115234403,0.79999919408688,80.66735042844348
38.56666666666704,29.361312866210938,-70.48355865478516,1.183558654785159,0.7948780157643045,80.54419129519515
38.60000000000037,29.34071159362793,-70.4671401977539,1.167140197753909,0.7903039586094409,80.42409356354861
38.6333333333337,29.32019805908203,-70.45085906982422,1.1508590698242216,0.7856794534705341,80.31142835601285
38.666666666667034,29.299768447875977,-70.4346923828125,1.1346923828125028,0.7815738638598965,80.158971088108
38.700000000000365,29.279417037963867,-70.41865539550781,1.1186553955078153,0.7773212736695623,80.01242706894661
38.7333333333337,29.259143829345703,-70.4027328491211,1.1027328491210966,0.7733546560288693,79.84773904441384
38.76666666666703,29.238943099975586,-70.38693237304688,1.0869323730468778,0.7693842083972134,79.70331175605328
38.80000000000036,29.218809127807617,-70.37124633789062,1.0712463378906278,0.7656929415668438,79.48636192095472
38.83333333333369,29.198741912841797,-70.35567474365234,1.0556747436523466,0.7620045257382038,79.34400462965651
38.86666666666702,29.178733825683594,-70.34021759033203,1.040217590332034,0.7585001163138411,79.16478526033647
38.900000000000354,29.158784866333008,-70.32486724853516,1.024867248535159,0.7551387787731444,78.97026015798856
38.933333333333685,29.138896942138672,-70.30962371826172,1.0096237182617216,0.7517348399277318,78.77041272036881
38.96666666666702,29.11906623840332,-70.29450225830078,0.9945022583007841,0.7481469279430145,78.55962094219065
39.00000000000035,29.09928321838379,-70.27947998046875,0.9794799804687528,0.7452067103296377,78.34976289844363
39.03333333333368,29.079544067382812,-70.26456451416016,0.9645645141601591,0.7422228073145788,78.09678184572037
39.06666666666701,29.059852600097656,-70.24974822998047,0.9497482299804716,0.7392892158432134,78.09678184572037
39.10000000000034,29.04020881652832,-70.23504638671875,0.9350463867187528,0.7360843602400148,77.65908320862333
39.133333333333674,29.020618438720703,-70.220458984375,0.9204589843750028,0.7327466743733886,77.44989099769185
39.166666666667005,29.001075744628906,-70.20597839355469,0.9059783935546903,0.7296875787511968,77.17805688697618
39.20000000000034,28.98158073425293,-70.19161224365234,0.8916122436523466,0.7264967469427792,76.94194689269794
39.23333333333367,28.962125778198242,-70.17735290527344,0.8773529052734403,0.7236308737779045,76.7143325293476
39.266666666667,28.942739486694336,-70.16321563720703,0.8632156372070341,0.7198066281927888,76.43308959704014
39.30000000000033,28.923418045043945,-70.14920043945312,0.8492004394531278,0.7160792469953962,76.18731509861163
39.33333333333366,28.904172897338867,-70.13532257080078,0.8353225708007841,0.7118102652180435,75.905009670248
39.366666666666994,28.885000228881836,-70.12157440185547,0.8215744018554716,0.7077732889851711,75.60106015538226
39.400000000000325,28.865917205810547,-70.10797119140625,0.8079711914062528,0.7030563232477014,75.31374124373313
39.43333333333366,28.84691619873047,-70.09449768066406,0.7944976806640653,0.6987963835047509,75.05560115350649
39.46666666666699,28.8280029296875,-70.0811767578125,0.7811767578125028,0.6940049411625973,74.77208283888847
39.50000000000032,28.809173583984375,-70.0679931640625,0.7679931640625028,0.6895768727238087,74.4682804065032
39.53333333333365,28.79043197631836,-70.05494689941406,0.7549468994140653,0.6850602829427007,74.15241280603509
39.56666666666698,28.771772384643555,-70.04205322265625,0.7420532226562528,0.6804296698593142,73.81692958581098
39.600000000000314,28.753192901611328,-70.02928924560547,0.7292892456054716,0.6762430553491094,73.50575744658902
39.633333333333645,28.734689712524414,-70.01667022705078,0.7166702270507841,0.6718979625677389,73.21222459418819
39.66666666666698,28.71625518798828,-70.00418853759766,0.7041885375976591,0.6678786115977822,72.89607455735108
39.70000000000031,28.697887420654297,-69.99183654785156,0.6918365478515653,0.664042073042582,72.53229637228696
39.73333333333364,28.67959213256836,-69.97962951660156,0.6796295166015653,0.6598153228573364,72.23457775916278
39.76666666666697,28.661365509033203,-69.96755981445312,0.6675598144531278,0.6558191548741754,71.8687871721155
39.8000000000003,28.64318084716797,-69.95561981201172,0.6556198120117216,0.652626253615595,71.51068615613048
39.833333333333634,28.62504005432129,-69.94379425048828,0.6437942504882841,0.6496453212374236,71.15434415367777
39.866666666666966,28.60692596435547,-69.93209838867188,0.6320983886718778,0.6468555441723227,70.82141013103112
39.9000000000003,28.588836669921875,-69.92052459716797,0.6205245971679716,0.6442497191252974,70.42301780618068
39.93333333333363,28.57076072692871,-69.9090576171875,0.6090576171875028,0.6421901669039547,70.06983952148111
39.96666666666696,28.552696228027344,-69.897705078125,0.5977050781250028,0.6400669006836521,69.71720958036225
40.00000000000029,28.534629821777344,-69.88646697998047,0.5864669799804716,0.638295304875839,69.35884659944904
40.03333333333362,28.516559600830078,-69.8753433227539,0.5753433227539091,0.6365860284826774,68.96172564760191
40.066666666666954,28.49847412109375,-69.86431884765625,0.5643188476562528,0.6354221160966781,68.58797765725177
40.100000000000286,28.48037338256836,-69.85340118408203,0.5534011840820341,0.6341521124903275,68.20375293992964
40.13333333333362,28.462255477905273,-69.84259796142578,0.5425979614257841,0.6328280020882974,67.81237782975259
40.16666666666695,28.444116592407227,-69.83189392089844,0.5318939208984403,0.6318513160942576,67.4033716198465
40.20000000000028,28.42595100402832,-69.82130432128906,0.5213043212890653,0.6308053574081756,67.01989023585755
40.23333333333361,28.407752990722656,-69.8108139038086,0.5108139038085966,0.6301546575793006,66.61628106184918
40.26666666666694,28.38951301574707,-69.80042266845703,0.5004226684570341,0.6297674279584545,66.20663732548861
40.300000000000274,28.371232986450195,-69.79014587402344,0.49014587402344034,0.6291222277367544,65.81646529970644
40.333333333333606,28.352909088134766,-69.77996826171875,0.47996826171875284,0.6288196383136107,65.40076029711587
40.36666666666694,28.334543228149414,-69.76988983154297,0.4698898315429716,0.6284835805561448,64.993051276793
40.40000000000027,28.316123962402344,-69.75992584228516,0.4599258422851591,0.6282478725247708,64.5914871413868
40.4333333333336,28.297651290893555,-69.75006103515625,0.45006103515625284,0.6282504366301166,64.14822828365087
40.46666666666693,28.27912712097168,-69.74030303955078,0.4403030395507841,0.6281138547888919,63.734294498192504
40.50000000000026,28.260549545288086,-69.73065185546875,0.43065185546875284,0.6280481710971034,63.30836614135024
40.533333333333594,28.241897583007812,-69.72110748291016,0.4211074829101591,0.6285631790025427,62.86590552927913
40.566666666666926,28.223173141479492,-69.71166229248047,0.4116622924804716,0.6291539553404175,62.436877528798846
40.60000000000026,28.204368591308594,-69.70232391357422,0.4023239135742216,0.6298688632992413,62.004654736827696
40.63333333333359,28.185483932495117,-69.69308471679688,0.39308471679687784,0.6307089550915759,61.58273103735185
40.66666666666692,28.166507720947266,-69.68395233154297,0.3839523315429716,0.6317811002405195,61.15575163160033
40.70000000000025,28.147445678710938,-69.6749267578125,0.37492675781250284,0.6327244201430166,60.6956865428425
40.73333333333358,28.128284454345703,-69.66600036621094,0.36600036621094034,0.6341527320601618,60.23979393621519
40.766666666666914,28.109027862548828,-69.65718078613281,0.35718078613281534,0.6354063175223705,60.23979393621519
40.800000000000246,28.08966636657715,-69.64846801757812,0.34846801757812784,0.6369473101709655,59.382066078516594
40.83333333333358,28.07020378112793,-69.6398696899414,0.3398696899414091,0.6383189825352624,58.92841664127727
40.86666666666691,28.050640106201172,-69.63137817382812,0.33137817382812784,0.6398116131235589,58.49171115619531
40.90000000000024,28.03097915649414,-69.62299346923828,0.3229934692382841,0.641225851784863,58.07026290271843
40.93333333333357,28.011211395263672,-69.6147232055664,0.3147232055664091,0.6428417229306471,57.58916425508576
40.9666666666669,27.9913387298584,-69.6065673828125,0.30656738281250284,0.6444348280414226,57.119498522308
41.000000000000234,27.97135353088379,-69.59852600097656,0.29852600097656534,0.6462699125732729,56.71667933546492
41.033333333333566,27.95125961303711,-69.59060668945312,0.29060668945312784,0.6479451570086208,56.234087836883035
41.0666666666669,27.931045532226562,-69.58279418945312,0.28279418945312784,0.6501382909341578,55.8122230994308
41.10000000000023,27.910717010498047,-69.57510375976562,0.27510375976562784,0.6520370802344004,55.36092797725824
41.13333333333356,27.890275955200195,-69.56753540039062,0.26753540039062784,0.6539152275234752,54.90142682300937
41.16666666666689,27.869722366333008,-69.56008911132812,0.26008911132812784,0.6558258248279897,54.45452259725335
41.20000000000022,27.84905433654785,-69.55276489257812,0.25276489257812784,0.6578225231383932,54.038428495820526
41.233333333333555,27.828271865844727,-69.54557037353516,0.2455703735351591,0.6597764572241874,53.54623477535114
41.266666666666886,27.80736541748047,-69.53849792480469,0.23849792480469034,0.6621096607264075,53.10200710588013
41.30000000000022,27.78634262084961,-69.53155517578125,0.23155517578125284,0.664186546059481,52.62536344223821
41.33333333333355,27.76519012451172,-69.52474212646484,0.2247421264648466,0.6666792092761211,52.21373627151878
41.36666666666688,27.74391746520996,-69.51806640625,0.21806640625000284,0.668866314550212,51.74182337894609
41.40000000000021,27.722511291503906,-69.51151275634766,0.2115127563476591,0.6716078765162374,51.27846037495471
41.43333333333354,27.70098114013672,-69.50509643554688,0.20509643554687784,0.6739769517285361,50.7995572429698
41.466666666666875,27.6793270111084,-69.49881744384766,0.1988174438476591,0.6763832764495307,50.36715369833128
41.500000000000206,27.657554626464844,-69.49268341064453,0.1926834106445341,0.678599135545826,49.89113023186461
41.53333333333354,27.635656356811523,-69.48667907714844,0.18667907714844034,0.6811957215717509,49.48091352267551
41.56666666666687,27.61363983154297,-69.48082733154297,0.1808273315429716,0.6834275970275322,48.97910262778582
41.6000000000002,27.591535568237305,-69.47511291503906,0.17511291503906534,0.6849289824789272,48.55781107301007
41.63333333333353,27.569347381591797,-69.46955108642578,0.1695510864257841,0.6862394682073195,48.14022032037192
41.66666666666686,27.547100067138672,-69.46414184570312,0.16414184570312784,0.6868643221296915,47.64665818547705
41.700000000000195,27.52479362487793,-69.45887756347656,0.15887756347656534,0.6875761996487765,47.19475124182945
41.733333333333526,27.50244140625,-69.45376586914062,0.15376586914062784,0.6878778866320244,46.7468709042984
41.76666666666686,27.48004722595215,-69.44881439208984,0.1488143920898466,0.6880514461705511,46.7468709042984
41.80000000000019,27.457599639892578,-69.44401550292969,0.14401550292969034,0.6886444012449041,45.867659087977195
41.83333333333352,27.435102462768555,-69.43937683105469,0.13937683105469034,0.6891126394010195,45.421811728119586
41.86666666666685,27.41256332397461,-69.43489074707031,0.13489074707031534,0.6894374187544776,44.95407428384492
41.90000000000018,27.38998794555664,-69.4305648803711,0.1305648803710966,0.6895830262357892,44.52130534560215
41.933333333333515,27.36736488342285,-69.42639923095703,0.1263992309570341,0.6901014547261467,44.05766295632989
41.966666666666846,27.344697952270508,-69.4223861694336,0.12238616943359659,0.6905830779785931,43.630016223107965
42.00000000000018,27.321943283081055,-69.41854095458984,0.11854095458984659,0.6923182666985167,43.16165847265883
42.03333333333351,27.299104690551758,-69.41486358642578,0.11486358642578409,0.6939826444515627,42.71327191134646
42.06666666666684,27.276151657104492,-69.41134643554688,0.11134643554687784,0.6966282260019737,42.325196756925834
42.10000000000017,27.25309181213379,-69.40798950195312,0.10798950195312784,0.699087196208841,41.82813619995361
42.1333333333335,27.22989273071289,-69.4048080444336,0.10480804443359659,0.7024864024661626,41.37955250655904
42.166666666666835,27.206562042236328,-69.40180206298828,0.10180206298828409,0.7057062096339896,40.924329054686936
42.200000000000166,27.18307113647461,-69.39896392822266,0.09896392822265909,0.7098520241630789,40.54622972667629
42.2333333333335,27.159425735473633,-69.39630126953125,0.09630126953125284,0.7138454075102776,40.07782491830661
42.26666666666683,27.135622024536133,-69.3938217163086,0.09382171630859659,0.7179751769539375,39.6624944367746
42.30000000000016,27.11166763305664,-69.39151763916016,0.09151763916015909,0.7219483903942496,39.22100679902596
42.33333333333349,27.087554931640625,-69.38938903808594,0.08938903808594034,0.7261941757546521,38.773467020551195
42.36666666666682,27.063291549682617,-69.387451171875,0.08745117187500284,0.7302193687807145,38.34599183650629
42.400000000000155,27.038862228393555,-69.38569641113281,0.08569641113281534,0.734767875941721,37.94020984062988
42.433333333333486,27.01427459716797,-69.38412475585938,0.08412475585937784,0.7391343170395618,37.94020984062988
42.46666666666682,26.989526748657227,-69.38274383544922,0.08274383544922159,0.7435903794299974,37.07827587965116
42.50000000000015,26.964624404907227,-69.38154602050781,0.08154602050781534,0.7479340454808285,36.638512352315566
42.53333333333348,26.93956184387207,-69.38054656982422,0.08054656982422159,0.7524744384886981,36.2242787474332
42.56666666666681,26.91434097290039,-69.3797378540039,0.07973785400390909,0.757015005441322,35.81148191917782
42.60000000000014,26.888961791992188,-69.3791275024414,0.07912750244140909,0.7615955733465324,35.43210323414084
42.633333333333475,26.86343002319336,-69.37871551513672,0.07871551513672159,0.7660527764993958,34.9818254628031
42.666666666666806,26.83773422241211,-69.37849426269531,0.07849426269531534,0.7709025991584572,34.56811631703295
42.70000000000014,26.8118839263916,-69.37847900390625,0.07847900390625284,0.7755090157184977,34.18067076404065
42.73333333333347,26.785879135131836,-69.378662109375,0.07866210937500284,0.7801630768429136,33.751206070292945
42.7666666666668,26.75972557067871,-69.3790512084961,0.07905120849609659,0.7846937610028638,33.3266786397769
42.80000000000013,26.733421325683594,-69.379638671875,0.07963867187500284,0.7893241261903966,32.95365056090481
42.833333333333464,26.706972122192383,-69.38043975830078,0.08043975830078409,0.7938399676905606,32.56024981205599
42.866666666666795,26.680374145507812,-69.38143920898438,0.08143920898437784,0.7985024350893951,32.15760227734785
42.90000000000013,26.65363311767578,-69.38265228271484,0.08265228271484659,0.8030558546266386,31.757708919474496
42.93333333333346,26.626747131347656,-69.38407135009766,0.08407135009765909,0.8077023039250155,31.38870087594367
42.96666666666679,26.599720001220703,-69.38569641113281,0.08569641113281534,0.8122782328983809,31.001849065373058
43.00000000000012,26.57254409790039,-69.38754272460938,0.08754272460937784,0.8171564937365654,30.600121279783803
43.03333333333345,26.545228958129883,-69.38959503173828,0.08959503173828409,0.8217639215190475,30.239274768432374
43.066666666666784,26.517763137817383,-69.3918685913086,0.09186859130859659,0.8267927930881277,29.82938739265016
43.100000000000115,26.49015235900879,-69.39435577392578,0.09435577392578409,0.8316772603657602,29.510874200236646
43.13333333333345,26.46239471435547,-69.39706420898438,0.09706420898437784,0.8366840571266786,29.096572158578695
43.16666666666678,26.434497833251953,-69.39998626708984,0.09998626708984659,0.8414849725264739,28.726339387851514
43.20000000000011,26.406455993652344,-69.40313720703125,0.10313720703125284,0.8465493911049211,28.34441825105933
43.23333333333344,26.378276824951172,-69.40650177001953,0.10650177001953409,0.8513796153961493,28.00713651744588
43.26666666666677,26.349956512451172,-69.41009521484375,0.11009521484375284,0.8564214215105346,27.66466941021578
43.300000000000104,26.321502685546875,-69.41390991210938,0.11390991210937784,0.8612519739630499,27.287516508902776
43.333333333333435,26.292911529541016,-69.4179458618164,0.11794586181640909,0.8662382943567936,26.97190825906454
43.36666666666677,26.264190673828125,-69.42220306396484,0.12220306396484659,0.8710397182172629,26.630642800621633
43.4000000000001,26.235334396362305,-69.42668914794922,0.1266891479492216,0.8760871696522826,26.264422633698015
43.43333333333343,26.20635223388672,-69.43140411376953,0.1314041137695341,0.8808955556722824,25.932302980064627
43.46666666666676,26.17723846435547,-69.43634033203125,0.13634033203125284,0.8858781204779018,25.58548347598516
43.50000000000009,26.148000717163086,-69.44149780273438,0.14149780273437784,0.8906743672326904,25.23727271858937
43.533333333333424,26.118637084960938,-69.44689178466797,0.1468917846679716,0.8956484486017301,24.93053581601818
43.566666666666755,26.08915138244629,-69.45250701904297,0.1525070190429716,0.9004686329249199,24.627367847829586
43.60000000000009,26.059541702270508,-69.4583511352539,0.1583511352539091,0.9054270644061266,24.268169421878472
43.63333333333342,26.02981185913086,-69.46442413330078,0.1644241333007841,0.9103133474507028,23.998023100662852
43.66666666666675,25.99997329711914,-69.47071838378906,0.17071838378906534,0.914856073337644,23.69845045590216
43.70000000000008,25.97002601623535,-69.47724151611328,0.1772415161132841,0.9194845289001021,23.38032420332933
43.73333333333341,25.939971923828125,-69.4839859008789,0.1839859008789091,0.9240463606659663,23.058935147075243
43.766666666666744,25.909812927246094,-69.49095153808594,0.19095153808594034,0.928588530449012,22.767495643417615
43.800000000000075,25.87955665588379,-69.49813842773438,0.19813842773437784,0.9329437312139534,22.48268194774394
43.83333333333341,25.849206924438477,-69.50554656982422,0.2055465698242216,0.937223607909721,22.213138341570993
43.86666666666674,25.81875991821289,-69.51318359375,0.21318359375000284,0.9417058406367891,21.927238303276887
43.90000000000007,25.788223266601562,-69.52103424072266,0.2210342407226591,0.945889937872697,21.649067756175683
43.9333333333334,25.757600784301758,-69.52909851074219,0.22909851074219034,0.9499957820089443,21.377176708674426
43.96666666666673,25.726896286010742,-69.53738403320312,0.23738403320312784,0.954083061362224,21.10654200396796
44.000000000000064,25.696115493774414,-69.54588317871094,0.24588317871094034,0.9579787996365423,20.839807551216843
44.033333333333395,25.665266036987305,-69.5545883178711,0.2545883178710966,0.9616244530333414,20.611750555261047
44.06666666666673,25.634347915649414,-69.56350708007812,0.26350708007812784,0.9653637095587791,20.388607302571987
44.10000000000006,25.603368759155273,-69.5726318359375,0.27263183593750284,0.9688510597215075,20.097875598495094
44.13333333333339,25.572341918945312,-69.58196258544922,0.2819625854492216,0.9719850461187146,19.85674550151349
44.16666666666672,25.541271209716797,-69.59148406982422,0.2914840698242216,0.9749065970644069,19.60266185459613
44.20000000000005,25.510160446166992,-69.60120391845703,0.3012039184570341,0.9778136629680416,19.381564781707766
44.233333333333384,25.479013442993164,-69.61111450195312,0.31111450195312784,0.9805712237003259,19.144520001214783
44.266666666666715,25.447843551635742,-69.6212158203125,0.32121582031250284,0.9829745082390674,18.93200032845605
44.30000000000005,25.416650772094727,-69.6314926147461,0.3314926147460966,0.9852622997924319,18.68688231198615
44.33333333333338,25.385717391967773,-69.64117431640625,0.34117431640625284,0.9723931395291545,18.45630936656112
44.36666666666671,25.355030059814453,-69.6502685546875,0.35026855468750284,0.9601956947122413,18.250749477288075
44.40000000000004,25.324586868286133,-69.65880584716797,0.3588058471679716,0.9485283053205928,18.022753059168082
44.43333333333337,25.294382095336914,-69.66680145263672,0.3668014526367216,0.9373538361543017,17.85910271442415
44.466666666666704,25.26441192626953,-69.67428588867188,0.37428588867187784,0.9267173436505165,17.636880553165582
44.500000000000036,25.23466682434082,-69.68128204345703,0.3812820434570341,0.9167036290287832,17.443785752459533
44.53333333333337,25.205148696899414,-69.68779754638672,0.3877975463867216,0.9068596713199238,17.279641460188145
44.5666666666667,25.175846099853516,-69.69386291503906,0.39386291503906534,0.8977125383277306,17.081541225929524
44.60000000000003,25.146760940551758,-69.6994857788086,0.3994857788085966,0.8887107401856932,16.892774960420745
44.63333333333336,25.117883682250977,-69.70469665527344,0.40469665527344034,0.880309236831985,16.712912282551844
44.66666666666669,25.089221954345703,-69.70951080322266,0.4095108032226591,0.8718965536654032,16.541052555861626
44.700000000000024,25.060768127441406,-69.71394348144531,0.41394348144531534,0.8639108817191561,16.38313234555909
44.733333333333356,25.032739639282227,-69.7172622680664,0.4172622680664091,0.8467286718973582,16.265512894900375
44.76666666666669,25.00511932373047,-69.71952056884766,0.4195205688476591,0.8313745114192171,16.075843155294443
44.80000000000002,24.97789764404297,-69.72074890136719,0.42074890136719034,0.817481364441202,15.925835572689577
44.83333333333335,24.95105743408203,-69.72099304199219,0.42099304199219034,0.8052396089691475,15.776419020482592
44.86666666666668,24.924589157104492,-69.72029876708984,0.4202987670898466,0.7943214295357856,15.650090436152459
44.90000000000001,24.898479461669922,-69.71868896484375,0.41868896484375284,0.7847782445135666,15.509728575714131
44.933333333333344,24.872724533081055,-69.71621704101562,0.41621704101562784,0.7761984788871532,15.402619555467115
44.966666666666676,24.84731101989746,-69.71292114257812,0.41292114257812784,0.7687903738722979,15.268457136203079
45.00000000000001,24.822229385375977,-69.70882415771484,0.4088241577148466,0.7624213452647723,15.185584910467252
45.03333333333334,24.797466278076172,-69.70396423339844,0.40396423339844034,0.7570649329829994,15.085577502056887
45.06666666666667,24.77301788330078,-69.69837951660156,0.39837951660156534,0.7523441778303205,14.969251708020835
45.1,24.748870849609375,-69.69208526611328,0.3920852661132841,0.7486168197234307,14.871433954500015
45.13333333333333,24.72502326965332,-69.68513488769531,0.38513488769531534,0.7451934962961287,14.806200855625853
45.166666666666664,24.70146369934082,-69.67753601074219,0.37753601074219034,0.7426416739131525,14.661423550595192
45.199999999999996,24.678190231323242,-69.6693344116211,0.3693344116210966,0.7402894619927546,14.643977819354376
45.23333333333333,24.655187606811523,-69.6605453491211,0.3605453491210966,0.7387364338181971,14.551420316542544
45.26666666666666,24.63245391845703,-69.65119934082031,0.35119934082031534,0.7373951529686787,14.498298618490308
45.29999999999999,24.6099796295166,-69.64131164550781,0.34131164550781534,0.7365963370623555,14.424505305507463
45.33333333333332,24.587764739990234,-69.63092803955078,0.3309280395507841,0.7356551708549557,14.348653949665756
45.36666666666665,24.565799713134766,-69.62005615234375,0.32005615234375284,0.7352511833268178,14.34521596718674
45.399999999999984,24.544076919555664,-69.60871887207031,0.30871887207031534,0.7351002084007717,14.304425222057516
45.433333333333316,24.522586822509766,-69.596923828125,0.29692382812500284,0.7354268144707448,14.29640265510429
45.46666666666665,24.501325607299805,-69.58470153808594,0.28470153808594034,0.7357182078777966,14.221028827670375
45.49999999999998,24.480289459228516,-69.57206726074219,0.27206726074219034,0.7361589778766497,14.203225670461574
45.53333333333331,24.459470748901367,-69.55904388427734,0.2590438842773466,0.7366982630681892,14.181834377615028
45.56666666666664,24.438865661621094,-69.54563903808594,0.24563903808594034,0.7374507244003835,14.201912774583036
45.59999999999997,24.41847038269043,-69.5318832397461,0.2318832397460966,0.7380179208958504,14.164409243110367
45.633333333333304,24.398279190063477,-69.51778411865234,0.2177841186523466,0.7387980290874206,14.196168100074443
45.666666666666636,24.3782901763916,-69.50335693359375,0.20335693359375284,0.7395497972823635,14.188135345744982
45.69999999999997,24.358497619628906,-69.4886245727539,0.1886245727539091,0.7402087429961158,14.193187500714
45.7333333333333,24.338899612426758,-69.47359466552734,0.1735946655273466,0.7409331938718118,14.201776015486994
45.76666666666663,24.319490432739258,-69.45828247070312,0.15828247070312784,0.7416613848845338,14.235464550467105
45.79999999999996,24.300268173217773,-69.44270324707031,0.14270324707031534,0.7422847991850784,14.260548957336763
45.83333333333329,24.281230926513672,-69.42687225341797,0.1268722534179716,0.7427875940563604,14.307042958856004
45.866666666666625,24.26236915588379,-69.4107894897461,0.11078948974609659,0.7436259212518905,14.344564801922772
45.899999999999956,24.243677139282227,-69.39446258544922,0.09446258544922159,0.7445558136883783,14.413702512429396
45.93333333333329,24.22515869140625,-69.37791442871094,0.07791442871094034,0.7450482956513528,14.427846389665632
45.96666666666662,24.20680809020996,-69.36115264892578,0.06115264892578409,0.7456082371112771,14.498648763729406
45.99999999999995,24.188617706298828,-69.34417724609375,0.04417724609375284,0.7464240961609697,14.573566731545757
46.03333333333328,24.170583724975586,-69.3270034790039,0.027003479003909092,0.7470920174790543,14.614214967292964
46.06666666666661,24.1527042388916,-69.30963134765625,0.009631347656252842,0.7478771778633512,14.704261019706493
46.099999999999945,24.134973526000977,-69.29206085205078,0.007939147949215908,0.748859429992315,14.745682515593892
46.133333333333276,24.117393493652344,-69.27432250976562,0.025677490234372158,0.7492233925631958,14.827349495714097
46.16666666666661,24.099958419799805,-69.25640869140625,0.04359130859374716,0.7499320099919425,14.973246533564073
46.19999999999994,24.08266830444336,-69.23832702636719,0.06167297363280966,0.7505366277948312,15.02661066752358
46.23333333333327,24.065515518188477,-69.22008514404297,0.07991485595702841,0.7511896646870929,15.121639523603896
46.2666666666666,24.048498153686523,-69.2016830444336,0.09831695556640341,0.7519342844711395,15.179726500602877
46.29999999999993,24.031612396240234,-69.18313598632812,0.11686401367187216,0.7524692365886373,15.307061098331577
46.333333333333265,24.01485824584961,-69.16443634033203,0.1355636596679659,0.7532200768180668,15.480841637101179
46.366666666666596,23.998228073120117,-69.14559173583984,0.1544082641601534,0.7539983999530417,15.565178207681178
46.39999999999993,23.98172378540039,-69.12660217285156,0.17339782714843466,0.7547817658497563,15.651953112645456
46.43333333333326,23.96533966064453,-69.10748291015625,0.19251708984374716,0.7553722095928199,15.765776300628676
46.46666666666659,23.94907569885254,-69.0882339477539,0.2117660522460909,0.7559994087725218,15.939271045797792
46.49999999999992,23.93292808532715,-69.06884765625,0.23115234374999716,0.7569123785193537,16.054820664816074
46.53333333333325,23.916893005371094,-69.0493392944336,0.2506607055664034,0.7575816609192674,16.159511082375488
46.566666666666585,23.900972366333008,-69.02970886230469,0.27029113769530966,0.7582470254829614,16.282393433813947
46.599999999999916,23.885160446166992,-69.00995635986328,0.2900436401367159,0.7590522741094914,16.45913714675699
46.63333333333325,23.869457244873047,-68.9900894165039,0.3099105834960909,0.7597087418152447,16.537412834636665
46.66666666666658,23.85386085510254,-68.97010803222656,0.32989196777343466,0.7604293408076997,16.70522044966777
46.69999999999991,23.838369369506836,-68.95001220703125,0.34998779296874716,0.7612131663457948,16.849045428833307
46.73333333333324,23.822980880737305,-68.9298095703125,0.37019042968749716,0.7618772245577352,17.034062094922245
46.76666666666657,23.807695388793945,-68.90950012207031,0.39049987792968466,0.7625666899801863,17.144468986505125
46.799999999999905,23.792509078979492,-68.88909149169922,0.4109085083007784,0.7631661545587808,17.310695638457187
46.833333333333236,23.777423858642578,-68.86857604980469,0.43142395019530966,0.7639388102898165,17.461848546131478
46.86666666666657,23.76243782043457,-68.84796142578125,0.45203857421874716,0.7645846312342414,17.63453429600327
46.8999999999999,23.747547149658203,-68.8272476196289,0.4727523803710909,0.7653198398959264,17.819495704205973
46.93333333333323,23.73275375366211,-68.80644226074219,0.49355773925780966,0.7658568868608341,17.968219971164697
46.96666666666656,23.718055725097656,-68.78553771972656,0.5144622802734347,0.766634652803984,18.136870479656174
46.99999999999989,23.703445434570312,-68.76454162597656,0.5354583740234347,0.7673766271179763,18.314024515918426
47.033333333333225,23.688926696777344,-68.74343872070312,0.5565612792968722,0.7684489067417494,18.465226119268486
47.066666666666556,23.674495697021484,-68.72224426269531,0.5777557373046847,0.769228785068972,18.680083626212497
47.09999999999989,23.660152435302734,-68.7009506225586,0.5990493774414034,0.7702164892445338,18.80671362627341
47.13333333333322,23.645896911621094,-68.6795654296875,0.6204345703124972,0.7710329348442426,19.00545101424063
47.16666666666655,23.63172721862793,-68.65809631347656,0.6393439093208477,0.7717077396005148,35.921063904622784
47.19999999999988,23.61764144897461,-68.63652038574219,0.6401371387228344,0.7730049210016936,35.72293401530673
47.23333333333321,23.603635787963867,-68.61485290527344,0.6410484521715522,0.7739989826804283,35.527419730304025
47.266666666666545,23.58971405029297,-68.59309387207031,0.6420809782030422,0.7749472724907212,35.3418873967116
47.299999999999876,23.57587242126465,-68.57123565673828,0.6432359536803941,0.7761668921650658,35.16308013096696
47.33333333333321,23.56211280822754,-68.54928588867188,0.6445105774725103,0.7771790927386145,34.96532750283833
47.36666666666654,23.54843521118164,-68.52725219726562,0.6459004841802265,0.7780129794175944,34.74236153348632
47.39999999999987,23.534839630126953,-68.505126953125,0.6474100392026929,0.7790568831909226,34.58489483299032
47.4333333333332,23.521326065063477,-68.48291778564453,0.6490348771407786,0.779921281162588,34.37271031228973
47.466666666666534,23.50789451599121,-68.46061706542969,0.6507793633936093,0.7809966512881334,34.174624425790654
47.499999999999865,23.494543075561523,-68.43824005126953,0.6526332028948818,0.7817240893334391,33.96952390682288
47.533333333333196,23.48127555847168,-68.41578674316406,0.654599524180659,0.7824067031586349,33.79222666271921
47.56666666666653,23.468090057373047,-68.39324951171875,0.6566811283820474,0.783329953721589,33.57616537157524
47.59999999999986,23.45498275756836,-68.37062072753906,0.6588792523621372,0.7845233351907084,33.39257543271883
47.63333333333319,23.441953659057617,-68.34790802001953,0.6611895307217811,0.785532966706908,33.21629693090172
47.66666666666652,23.42900276184082,-68.32511138916016,0.6636119634609925,0.7865563587771578,32.98820452388041
47.699999999999854,23.4161319732666,-68.30223083496094,0.6661481148477908,0.7875654024187858,32.792769364200204
47.733333333333185,23.403335571289062,-68.27925872802734,0.6687976574772305,0.7888720051347421,32.5695838843177
47.76666666666652,23.390615463256836,-68.2562026977539,0.6715577902182163,0.7899642474752026,32.39085560755143
47.79999999999985,23.377967834472656,-68.23303985595703,0.6744384807321031,0.7917270859156728,32.177201752826946
47.83333333333318,23.365392684936523,-68.20978546142578,0.6774309982206181,0.7931022164790729,31.96692554210954
47.86666666666651,23.352890014648438,-68.18643951416016,0.6805353426837583,0.7944904129413629,31.780783165174014
47.89999999999984,23.340463638305664,-68.16299438476562,0.6837590080567174,0.7960402183336577,31.60922758170395
47.933333333333174,23.328107833862305,-68.13945770263672,0.6870929361362722,0.7974817729401361,31.314358649157285
47.966666666666505,23.31582260131836,-68.11581420898438,0.6905458577207088,0.7993419529040804,31.154396606784566
47.99999999999984,23.303607940673828,-68.09207153320312,0.69411340741088,0.8010126897391541,30.918305729544972
48.03333333333317,23.291461944580078,-68.06822204589844,0.6977983863379116,0.802926484321732,30.705465482284687
48.0666666666665,23.279386520385742,-68.04427337646484,0.701597993370686,0.8046236221994922,30.502404564953913
48.09999999999983,23.267383575439453,-68.02022552490234,0.7055137927772194,0.8063081711976581,30.332993433045164
48.13333333333316,23.255451202392578,-67.99607849121094,0.7095442202894956,0.8080313647138505,30.099881449839433
48.166666666666494,23.243593215942383,-67.97183227539062,0.7136924044435664,0.8097170751764896,29.892548873327414
48.199999999999825,23.2318058013916,-67.9474868774414,0.7179552167033718,0.8114661969472386,29.66448987574767
48.23333333333316,23.220088958740234,-67.92304229736328,0.7223326570689199,0.8132279552631517,29.502479176888105
48.26666666666649,23.208444595336914,-67.89849853515625,0.7268262898082354,0.8149777396404719,29.263869003800373
48.29999999999982,23.19687271118164,-67.87385559082031,0.7314361149213098,0.8167404040467597,29.07309098189825
48.33333333333315,23.185375213623047,-67.84912109375,0.7361593312770397,0.8182841901735914,28.85833480553678
48.36666666666648,23.173952102661133,-67.82429504394531,0.7409959388754193,0.8198403452244363,28.627324036054084
48.399999999999814,23.162601470947266,-67.79936218261719,0.745953104246708,0.8218491180747369,28.458717005527244
48.433333333333145,23.151323318481445,-67.77433776855469,0.7510220965926168,0.8234538359813275,28.261150214208286
48.46666666666648,23.140119552612305,-67.74921417236328,0.7562088455803253,0.8252560267671037,28.02043493024105
48.49999999999981,23.128990173339844,-67.7239990234375,0.7615089858106701,0.8268616187160034,27.81974591760525
48.53333333333314,23.11793327331543,-67.69868469238281,0.7669253184147902,0.8287118651296017,27.639234262937077
48.56666666666647,23.106948852539062,-67.67326354980469,0.7724622087918113,0.8307844430372311,27.46118309950174
48.5999999999998,23.09603500366211,-67.64773559570312,0.7781180926737142,0.8328923604694711,27.23415699028642
48.633333333333134,23.085193634033203,-67.62210845947266,0.7838901689293792,0.8347795314482844,27.01439080600984
48.666666666666465,23.074420928955078,-67.59636688232422,0.7897840398210436,0.8371451319277309,26.817448400790695
48.6999999999998,23.063718795776367,-67.57051086425781,0.7958012696167236,0.8395012759625042,26.64325313704001
48.73333333333313,23.053083419799805,-67.54454040527344,0.8019387297803786,0.8419135144536832,26.472738868626575
48.76666666666646,23.04252052307129,-67.5184555053711,0.8082011131160766,0.8442731259440402,26.25751096902211
48.79999999999979,23.03202247619629,-67.49224853515625,0.8145865279508531,0.8469432380202727,26.052693541775554
48.83333333333312,23.021595001220703,-67.46592712402344,0.8210953016896563,0.8493491782241949,25.867873248018768
48.866666666666454,23.011232376098633,-67.4394760131836,0.827731472326683,0.8522562629127673,25.70647661771009
48.899999999999785,23.000938415527344,-67.41291046142578,0.834489437599698,0.8547074049031292,25.513773243459067
48.93333333333312,22.990711212158203,-67.38621520996094,0.8413763640389638,0.8576181700340212,25.309157573171476
48.96666666666645,22.980554580688477,-67.35941314697266,0.8483822839831113,0.8598586912485516,25.105784775861952
48.99999999999978,22.970462799072266,-67.33246612548828,0.8555243316237582,0.8632423881864205,24.951443881842454
49.03333333333311,22.960437774658203,-67.3053970336914,0.8627909750315161,0.8659752656335948,24.737480335005255
49.06666666666644,22.95047950744629,-67.2781982421875,0.8701865796055249,0.8689345260853437,24.606294419658923
49.099999999999774,22.940587997436523,-67.25088500976562,0.8777024145475004,0.8714752848154625,24.37702885160877
49.133333333333105,22.930763244628906,-67.22343444824219,0.8853515760548629,0.87467318817632,24.37702885160877
49.16666666666644,22.921005249023438,-67.19585418701172,0.8931296987284814,0.8776675674761605,24.050082094920548
49.19999999999977,22.91131591796875,-67.16815948486328,0.9010296160380828,0.8802225270010989,23.863260188678627
49.2333333333331,22.901695251464844,-67.14034271240234,0.9090556933828229,0.8830045575820428,23.6974649144183
49.26666666666643,22.892139434814453,-67.11239624023438,0.9172091676257892,0.8860513781050404,23.54761212670954
49.29999999999976,22.882654190063477,-67.0843276977539,0.9254903661719184,0.8888372463322104,23.426589761338114
49.333333333333094,22.873233795166016,-67.0561294555664,0.933898961616263,0.89190595481817,23.224755908050323
49.366666666666426,22.863880157470703,-67.0278091430664,0.9424321528277243,0.8947500066552357,23.078041417794516
49.39999999999976,22.85459327697754,-66.99935913085938,0.9510943052054307,0.8978220366459516,22.942777936613805
49.43333333333309,22.845373153686523,-66.97079467773438,0.9598766879511039,0.9004692056082019,22.794588845574054
49.46666666666642,22.83622169494629,-66.94210815429688,0.9687852307319132,0.9033267634715603,22.590673055173042
49.49999999999975,22.82713508605957,-66.91329193115234,0.9778211704109483,0.9064474941429609,22.470539702702638
49.53333333333308,22.817697525024414,-66.88501739501953,0.9862593414344671,0.8942400441918362,22.273509377178005
49.566666666666414,22.80791664123535,-66.85726165771484,0.9941190970719902,0.8828601117503102,22.187104912116517
49.599999999999746,22.797807693481445,-66.83000183105469,1.0014260476651329,0.8722156137158258,22.046933452317177
49.63333333333308,22.787382125854492,-66.80322265625,1.0081983096203369,0.8621107801250165,21.922402642040552
49.66666666666641,22.77664566040039,-66.77690887451172,1.0144493065399396,0.8525949330340393,21.754189066943496
49.69999999999974,22.765609741210938,-66.75103759765625,1.02020152022953,0.8438027202134439,21.61518366710477
49.73333333333307,22.7542781829834,-66.7255859375,1.0254711754225578,0.8358062544130768,21.499337854884917
49.7666666666664,22.74266242980957,-66.7005386352539,1.0302763885254562,0.8282896621606622,21.364028834484238
49.799999999999734,22.730772018432617,-66.67588806152344,1.0346293462774974,0.8210538357251655,21.238468941707534
49.833333333333066,22.718616485595703,-66.65161895751953,1.0385466008170792,0.8142921766365824,21.120439613670893
49.8666666666664,22.706195831298828,-66.62770080566406,1.0420456137407605,0.8085267943669946,21.00169484465507
49.89999999999973,22.693517684936523,-66.60411834716797,1.045141372918926,0.8032315790067044,20.882275026511767
49.93333333333306,22.680591583251953,-66.58087158203125,1.0478416996916948,0.7979640184077553,20.769414585012303
49.96666666666639,22.66742706298828,-66.55794525146484,1.050163146197484,0.7931135507047429,20.657270199081257
49.99999999999972,22.65403175354004,-66.53532409667969,1.0521207003066528,0.7886925022626674,20.564312651767274
50.033333333333054,22.640417098999023,-66.51299285888672,1.0537324784256348,0.7846264714331157,20.464657718015914
50.066666666666386,22.626575469970703,-66.49093627929688,1.0550009542806214,0.7812010353453689,20.35904591738214
50.09999999999972,22.612516403198242,-66.46914672851562,1.0559383146108705,0.7779445311749861,20.218496961594166
50.13333333333305,22.598247528076172,-66.4476089477539,1.0565595472867617,0.7750671697667174,20.155655788907595
50.16666666666638,22.583778381347656,-66.42631530761719,1.056876839047553,0.7723326910024297,20.050689777207136
50.19999999999971,22.569107055664062,-66.4052505493164,1.056897356423512,0.7701134043931253,19.959721945462494
50.23333333333304,22.554244995117188,-66.38441467285156,1.0566304850227803,0.7677975856835494,19.89970275358139
50.266666666666374,22.538713455200195,-66.36447143554688,1.0553038038459315,0.7583306018787457,19.83940733870033
50.299999999999706,22.522539138793945,-66.34539794921875,1.0529523088427386,0.7502437955270229,19.74765950510058
50.33333333333304,22.50572967529297,-66.32715606689453,1.0496040840810061,0.7441719562904644,19.68905473425494
50.36666666666637,22.488306045532227,-66.3097152709961,1.0452937981055541,0.7395862438210554,19.55730959744954
50.3999999999997,22.47028923034668,-66.29306030273438,1.0400473886629402,0.7360667344107532,19.52490521724961
50.43333333333303,22.45170021057129,-66.27715301513672,1.0339038896971509,0.7339850880174412,19.470020536855248
50.46666666666636,22.432544708251953,-66.26197052001953,1.026881090209663,0.7332784494177884,19.405565773418342
50.499999999999694,22.412841796875,-66.24749755859375,1.019003363679016,0.7334195226773002,19.33846979363078
50.533333333333026,22.392608642578125,-66.23369598388672,1.0103066155131248,0.7347636337458628,19.282312233054537
50.56666666666636,22.37186622619629,-66.22054290771484,1.0008211488576926,0.7368352089351741,19.273933431451304
50.59999999999969,22.350627899169922,-66.20802307128906,0.9905666443871685,0.7396158158845132,19.232970916220822
50.63333333333302,22.32891082763672,-66.19611358642578,0.9795702767112004,0.7430479951647054,19.163052764578335
50.66666666666635,22.306732177734375,-66.1847915649414,0.967859220439429,0.7470425782945999,19.14259777906216
50.69999999999968,22.28410530090332,-66.17404174804688,0.9554531562463057,0.751518932931368,19.055936575643244
50.733333333333015,22.26104736328125,-66.16383361816406,0.9423836241406235,0.7564965054637659,19.09341639885085
50.766666666666346,22.23756980895996,-66.1541519165039,0.9286687405288045,0.7618646950415907,19.03240817599153
50.79999999999968,22.21368980407715,-66.14498901367188,0.9143269492222024,0.7673278825646541,19.025113085587098
50.83333333333301,22.189416885375977,-66.13631439208984,0.8993835331575262,0.7732924916735113,19.00739933172733
50.86666666666634,22.164766311645508,-66.12811279296875,0.8838597372772381,0.779374949588426,19.01403230036258
50.89999999999967,22.139751434326172,-66.12037658691406,0.8677708768566568,0.7855149102848462,18.986446478120172
50.933333333333,22.114381790161133,-66.11307525634766,0.8511422348324612,0.7919819731474795,18.956006323092982
50.966666666666335,22.08867073059082,-66.10621643066406,0.8339803956816965,0.7983056222947919,18.95293976400619
50.999999999999666,22.062639236450195,-66.09976196289062,0.8163243933483246,0.8045924168723958,18.919546475474917
51.033333333333,22.036298751831055,-66.09371185302734,0.7981836134405084,0.8107912575972075,18.938334160019682
51.06666666666633,22.009658813476562,-66.08804321289062,0.7795789734957793,0.8170910701247973,18.95572257110121
51.09999999999966,21.982730865478516,-66.08274841308594,0.7605242245214393,0.8233069655490058,18.94728071356365
51.13333333333299,21.955524444580078,-66.07781219482422,0.741035918655878,0.8295179503466071,18.927730219163703
51.16666666666632,21.92804718017578,-66.07323455810547,0.7211203129712042,0.8356789666883088,18.922718763104175
51.199999999999655,21.90030860900879,-66.06898498535156,0.7008026904041047,0.8418660695617383,18.95363416268551
51.233333333332986,21.872318267822266,-66.0650634765625,0.6800908722946987,0.84791136790859,18.970315742955503
51.26666666666632,21.844083786010742,-66.06146240234375,0.6589954811142235,0.8538959707275672,18.96842032101588
51.29999999999965,21.81561279296875,-66.05815887451172,0.637535870132213,0.859860260065992,19.00307652814654
51.33333333333298,21.786914825439453,-66.0551528930664,0.6157198606887732,0.8656490849564428,18.98634703219983
51.36666666666631,21.75799560546875,-66.05243682861328,0.5935565109871219,0.8713945494692398,19.047021146461706
51.39999999999964,21.728864669799805,-66.04999542236328,0.5710623731656785,0.8769918412865609,19.060664365110544
51.433333333332975,21.699527740478516,-66.0478286743164,0.5482421400285002,0.8825050692153853,19.056058595888874
51.466666666666306,21.670001983642578,-66.04591369628906,0.5251229861852433,0.8876337712266853,19.116485968043573
51.49999999999964,21.640295028686523,-66.04425048828125,0.5017111687080027,0.8926043301903046,19.164993193711787
51.53333333333297,21.61041259765625,-66.04283142089844,0.47801574579998823,0.8974831992101078,19.188623195627653
51.5666666666663,21.580360412597656,-66.0416488647461,0.4540457756644286,0.9022632871088517,19.223871236936528
51.59999999999963,21.55014419555664,-66.04069519042969,0.42981031650452256,0.9069378921813679,19.287633920125742
51.63333333333296,21.519771575927734,-66.03995513916016,0.40532435619065993,0.9114490271558693,19.31505502789772
51.666666666666295,21.48924446105957,-66.03943634033203,0.38058509359172604,0.9159456888693415,19.344681146121047
51.699999999999626,21.458568572998047,-66.03912353515625,0.35560595231006403,0.920324486198754,19.373289847905006
51.73333333333296,21.427751541137695,-66.03901672363281,0.3303931894177908,0.9245165089089087,19.439632578460337
51.76666666666629,21.39679718017578,-66.03910827636719,0.3049542988500837,0.9286348905879408,19.458567439063124
51.79999999999962,21.365697860717773,-66.03939056396484,0.27928738893397825,0.9330180176905012,19.541206426451282
51.83333333333295,21.33445930480957,-66.03985595703125,0.2534015178727009,0.9372606731014442,19.592040727482143
51.86666666666628,21.303089141845703,-66.04051208496094,0.22729857733921002,0.941310716722024,19.647137930165098
51.899999999999615,21.271589279174805,-66.04133605957031,0.200993227798945,0.9453191282303135,19.70449269708471
51.933333333332946,21.23996353149414,-66.04234313964844,0.17447986698967877,0.9492533455196807,19.761052974047217
51.96666666666628,21.20821762084961,-66.04351043701172,0.14777628391290237,0.9530209248523335,19.77783431401324
51.99999999999961,21.176355361938477,-66.04484558105469,0.12088124170553077,0.9567066098245498,19.848376609484202
52.03333333333294,21.14438247680664,-66.04633331298828,0.09380816396992112,0.9602243784469487,19.918037106854786
52.06666666666627,21.112289428710938,-66.04798126220703,0.06654486396680127,0.964059917967044,19.96315741070759
52.0999999999996,21.080081939697266,-66.0497817993164,0.039100399899383506,0.9677333590422663,20.05328327845843
52.133333333332935,21.04776382446289,-66.0517349243164,0.01147790030372769,0.9713123815802874,20.058548000853516
52.166666666666266,21.01534080505371,-66.0538330078125,0.016313576616962037,0.9747249498028464,20.138612690654654
52.1999999999996,20.982812881469727,-66.05606842041016,0.04426966546353267,0.9781393530323573,20.24692299541342
52.23333333333293,20.95018768310547,-66.0584487915039,0.07238847456303667,0.981357611355829,20.318083964186993
52.26666666666626,20.917476654052734,-66.06095886230469,0.10065188750903843,0.9842157738028741,20.33499762499464
52.29999999999959,20.88468360900879,-66.0635986328125,0.12905677576548333,0.9869736432293057,20.438950773158542
52.333333333332924,20.8518123626709,-66.06636047363281,0.1575956453971945,0.9896120151204354,20.4763865002622
52.366666666666255,20.818864822387695,-66.06925201416016,0.1862712975352756,0.9922254157201919,20.586079021565112
52.39999999999959,20.785844802856445,-66.072265625,0.21507623824454686,0.994717641406012,20.656313139042314
52.43333333333292,20.75275230407715,-66.07540130615234,0.24401046752499722,0.9972218281667505,20.6874741139796
52.46666666666625,20.719594955444336,-66.07865142822266,0.27306336290539296,0.9994877466216505,20.775791252872878
52.49999999999958,20.686368942260742,-66.0820083618164,0.30223368752263796,1.0018549095084945,20.775791252872878
52.53333333333291,20.6530818939209,-66.08548736572266,0.3315239151029238,1.004050770540473,20.90240092138455
52.566666666666244,20.619733810424805,-66.08906555175781,0.3609209494488303,1.0061850124843665,20.96619223749611
52.599999999999575,20.586328506469727,-66.09275817871094,0.3904303928225706,1.0082632808604572,21.070418589254484
52.63333333333291,20.552865982055664,-66.0965576171875,0.4200478798250219,1.0103260095677145,21.125378056540292
52.66666666666624,20.51934814453125,-66.10045623779297,0.44976748078900963,1.0123142829401175,21.239311904075162
52.69999999999957,20.485780715942383,-66.10445404052734,0.4795845029104606,1.0141396451645637,21.285105994528543
52.7333333333329,20.452163696289062,-66.10855102539062,0.5094989461893801,1.0159726205993505,21.339979636919423
52.76666666666623,20.41849708557129,-66.11274719238281,0.5395108106257657,1.0178131681126843,21.45629595768028
52.799999999999564,20.38478660583496,-66.1170425415039,0.5696154034155383,1.0194909618593602,21.519901748919487
52.833333333332895,20.351030349731445,-66.12142944335938,0.5998099234275917,1.02120358431318,21.590904116095633
52.86666666666623,20.317232131958008,-66.12590789794922,0.6300912421258685,1.022809108366072,21.645719134271058
52.89999999999956,20.28339385986328,-66.13047790527344,0.6604577952423418,1.0243643213086577,21.737770345069478
52.93333333333289,20.249515533447266,-66.13513946533203,0.6909095827770172,1.0259259372084228,21.800817769537765
52.96666666666622,20.215600967407227,-66.13988494873047,0.7214391107947064,1.027348851234144,21.904767995657586
52.99999999999955,20.181650161743164,-66.14472198486328,0.7520507446945458,1.0288093659226498,21.965394965152488
53.033333333332884,20.14766502380371,-66.14964294433594,0.7827385548093694,1.030186827039476,22.0339436995417
53.066666666666215,20.1136474609375,-66.15464782714844,0.8135009768711496,1.0315130109655062,22.16024698167599
53.09999999999955,20.079599380493164,-66.15973663330078,0.8443364466118733,1.0327879535510147,22.210843763380264
53.13333333333288,20.045522689819336,-66.16490936279297,0.8752433997635048,1.0340116923474316,22.314966336047846
53.16666666666621,20.011415481567383,-66.17015838623047,0.9062190351949326,1.0352625326991078,22.39839107423774
53.19999999999954,19.977283477783203,-66.17549133300781,0.9372630255012194,1.0363834248423283,22.470379085302476
53.23333333333287,19.943124771118164,-66.18090057373047,0.968372569551256,1.037530439843306,22.544352689614055
53.266666666666204,19.9089412689209,-66.18638610839844,0.9995461030770043,1.0386253519713238,22.62269953781694
53.299999999999535,19.874732971191406,-66.19195556640625,1.0307879914776228,1.0397614372755561,22.691801963520987
53.33333333333287,19.840503692626953,-66.19759368896484,1.0620863754187677,1.0407154958612794,22.78332312697654
53.3666666666662,19.80625343322754,-66.20330810546875,1.0934456202995868,1.0417107767593368,22.89619379325475
53.39999999999953,19.771982192993164,-66.20909881591797,1.1248657261200794,1.0427105117136017,22.932771378583652
53.43333333333286,19.73769187927246,-66.2149658203125,1.1563451286122106,1.043658287020575,23.008370266920075
53.46666666666619,19.7033748626709,-66.22090148925781,1.1878857194489525,1.0447970208773745,23.128140439821003
53.499999999999524,19.66902732849121,-66.22691345214844,1.2194949925654957,1.0460913544336115,23.202925967450863
53.533333333332855,19.634654998779297,-66.23299407958984,1.2329940795898438,1.0471809642631695,31.823075842451154
53.56666666666619,19.60025978088379,-66.23915100097656,1.2391510009765625,1.0482579956945361,31.745482490453295
53.59999999999952,19.56584930419922,-66.2453842163086,1.2453842163085938,1.0491141459018385,31.677990046980387
53.63333333333285,19.53142738342285,-66.25167846679688,1.251678466796875,1.0497797851117896,31.569697806207834
53.66666666666618,19.496994018554688,-66.25804138183594,1.2580413818359375,1.0504898731280556,31.493488712364584
53.69999999999951,19.462549209594727,-66.26447296142578,1.2644729614257812,1.051203630262867,31.411432790940765
53.733333333332844,19.4280948638916,-66.27096557617188,1.270965576171875,1.051822411657252,31.314252511208142
53.766666666666175,19.393632888793945,-66.27752685546875,1.27752685546875,1.0524306638818408,31.27217085743975
53.79999999999951,19.359161376953125,-66.2841567993164,1.2841567993164062,1.053098834684286,31.167433854244926
53.83333333333284,19.324682235717773,-66.29084777832031,1.2908477783203125,1.0536708889981878,31.092619540038076
53.86666666666617,19.290197372436523,-66.297607421875,1.297607421875,1.054233711689035,31.02412657570351
53.8999999999995,19.255704879760742,-66.30442810058594,1.3044281005859375,1.0548119918544694,30.93702464988459
53.93333333333283,19.22120475769043,-66.31130981445312,1.311309814453125,1.0553931815937954,30.860065837658226
53.966666666666164,19.18670082092285,-66.3182601928711,1.3182601928710938,1.055910257243766,30.790940016999578
53.999999999999496,19.152193069458008,-66.32527160644531,1.3252716064453125,1.056385511222749,30.727652414145037
54.03333333333283,19.117679595947266,-66.33233642578125,1.33233642578125,1.0568738682659937,30.60694643833462
54.06666666666616,19.08316421508789,-66.33946990966797,1.3394699096679688,1.0573449283024001,30.54942083973794
54.09999999999949,19.04864501953125,-66.34666442871094,1.3466644287109375,1.0578290833227806,30.453003416055438
54.13333333333282,19.014123916625977,-66.35391998291016,1.3539199829101562,1.0582602001780332,30.39635683693463
54.16666666666615,18.97960090637207,-66.3612289428711,1.3612289428710938,1.0586468813687184,30.27365629915323
54.199999999999484,18.94507598876953,-66.36860656738281,1.3686065673828125,1.0591314134743726,30.24181147186993
54.233333333332816,18.910551071166992,-66.37603759765625,1.37603759765625,1.0594673811628985,30.16338663045124
54.26666666666615,18.87602424621582,-66.38352966308594,1.3835296630859375,1.0599100985698857,30.094199312909304
54.29999999999948,18.84149932861328,-66.39107513427734,1.3910751342773438,1.0601951065092727,30.03281986479108
54.33333333333281,18.807401657104492,-66.39795684814453,1.3979568481445312,1.0435555899251432,29.90190865322523
54.36666666666614,18.77371597290039,-66.40419006347656,1.4041900634765625,1.0277258702137133,29.841149373611835
54.39999999999947,18.74043083190918,-66.40980529785156,1.4098052978515625,1.0126639724518074,29.796578916607093
54.433333333332804,18.707530975341797,-66.41482543945312,1.414825439453125,0.9984198242566553,29.684639428652954
54.466666666666136,18.675003051757812,-66.41925811767578,1.4192581176757812,0.9848568444296989,29.641682349776232
54.49999999999947,18.642831802368164,-66.42313385009766,1.4231338500976562,0.972116006548208,29.577825044063854
54.5333333333328,18.61100959777832,-66.42646789550781,1.4264678955078125,0.9598915081296276,29.47445976745657
54.56666666666613,18.57952117919922,-66.42928314208984,1.4292831420898438,0.9484205323258836,29.388836454313594
54.59999999999946,18.54836082458496,-66.43160247802734,1.4316024780273438,0.9373965633548852,29.36371895410605
54.63333333333279,18.517518997192383,-66.43343353271484,1.4334335327148438,0.926884011278638,29.254798395962215
54.666666666666124,18.48697853088379,-66.43479919433594,1.4347991943359375,0.9171295451618111,29.208181568668927
54.699999999999456,18.45672607421875,-66.43571472167969,1.4357147216796875,0.9079892026497333,29.148074656383905
54.73333333333279,18.426753997802734,-66.43619537353516,1.4361953735351562,0.8992779057690015,29.07535565396464
54.76666666666612,18.397052764892578,-66.4362564086914,1.4362564086914062,0.8910388686843478,29.011951854089087
54.79999999999945,18.367610931396484,-66.43590545654297,1.4359054565429688,0.8833177538802108,28.91043337063059
54.83333333333278,18.338420867919922,-66.43517303466797,1.4351730346679688,0.8759775241476541,28.89564443055643
54.86666666666611,18.309473037719727,-66.4340591430664,1.4340591430664062,0.8690775943605002,28.810745729997358
54.899999999999444,18.280757904052734,-66.43257904052734,1.4325790405273438,0.8625976144967192,28.759919907530136
54.933333333332776,18.252277374267578,-66.43074798583984,1.4307479858398438,0.8561798901519524,28.706224896938814
54.96666666666611,18.22402000427246,-66.4285888671875,1.4285888671875,0.8501921413164574,28.612639616198937
54.99999999999944,18.195985794067383,-66.42610168457031,1.4261016845703125,0.8443297443975142,28.591812055165747
55.03333333333277,18.16816520690918,-66.4233169555664,1.4233169555664062,0.8387882968348664,28.506851076185352
55.0666666666661,18.140554428100586,-66.42022705078125,1.42022705078125,0.8334940648850351,28.4699536502969
55.09999999999943,18.113143920898438,-66.41685485839844,1.4168548583984375,0.8285148326319554,28.433669562106115
55.133333333332764,18.085927963256836,-66.41320037841797,1.4132003784179688,0.8238065409119958,28.336194770757256
55.166666666666096,18.058897018432617,-66.4092788696289,1.4092788696289062,0.8194175909421201,28.298627034176572
55.19999999999943,18.032052993774414,-66.40511322021484,1.4051132202148438,0.8149594256169977,28.23915656812785
55.23333333333276,18.005388259887695,-66.40069580078125,1.40069580078125,0.8108449080629643,28.14706306478283
55.26666666666609,17.978899002075195,-66.39604187011719,1.3960418701171875,0.8068493447197527,28.148406168600324
55.29999999999942,17.952577590942383,-66.39116668701172,1.3911666870117188,0.8030726523179297,28.10811944181823
55.33333333333275,17.92641830444336,-66.38606262207031,1.3860626220703125,0.7995772471485629,28.075521218894615
55.366666666666084,17.900413513183594,-66.38075256347656,1.3807525634765625,0.7962419868731722,28.027522287048786
55.399999999999416,17.874561309814453,-66.375244140625,1.375244140625,0.7929761832589424,27.954354285193908
55.43333333333275,17.848854064941406,-66.3695297241211,1.3695297241210938,0.7900413251524377,27.937790328452046
55.46666666666608,17.823278427124023,-66.36363220214844,1.3636322021484375,0.7874037170762623,27.88475978963329
55.49999999999941,17.797834396362305,-66.3575439453125,1.3575439453125,0.7848687886731558,27.85069781957877
55.53333333333274,17.772512435913086,-66.35127258300781,1.3512725830078125,0.782610055860266,27.77172458129372
55.56666666666607,17.747310638427734,-66.34483337402344,1.3448333740234375,0.7803426221560728,27.740834529887376
55.599999999999405,17.722225189208984,-66.33822631835938,1.338226318359375,0.7782285347820747,27.705412386637978
55.633333333332736,17.697250366210938,-66.33145904541016,1.3314590454101562,0.7762628358086577,27.70077606273196
55.66666666666607,17.67238998413086,-66.32453918457031,1.3245391845703125,0.7741645587917632,27.66463040156383
55.6999999999994,17.647640228271484,-66.31747436523438,1.317474365234375,0.7721501658442438,27.61689312104928
55.73333333333273,17.622997283935547,-66.31027221679688,1.310272216796875,0.7702149588873928,27.578635150097742
55.76666666666606,17.59845542907715,-66.30293273925781,1.3029327392578125,0.7684747968498304,27.555780342093737
55.79999999999939,17.574012756347656,-66.29546356201172,1.2954635620117188,0.7667526152581178,27.536065899618468
55.833333333332725,17.549667358398438,-66.2878646850586,1.2878646850585938,0.7651125401070766,27.469863593685403
55.866666666666056,17.52541160583496,-66.2801513671875,1.2801513671875,0.7635791540508559,27.45091533469771
55.89999999999939,17.501245498657227,-66.2723159790039,1.2723159790039062,0.762138202494804,27.430096095661007
55.93333333333272,17.47716522216797,-66.26436614990234,1.2643661499023438,0.7607585350745908,27.40273235775374
55.96666666666605,17.453166961669922,-66.25631713867188,1.256317138671875,0.7593634043383288,27.366276049870013
55.99999999999938,17.429248809814453,-66.24816131591797,1.2481613159179688,0.7581133752130735,27.348043777809735
56.03333333333271,17.40540885925293,-66.23989868164062,1.239898681640625,0.7569365436939319,27.31449334174934
56.066666666666045,17.381641387939453,-66.2315444946289,1.2315444946289062,0.7557887402821846,27.300867618384814
56.099999999999376,17.35794448852539,-66.22309875488281,1.2230987548828125,0.7547093516904696,27.271967119895436
56.13333333333271,17.33431053161621,-66.21455383300781,1.2145538330078125,0.753937429851665,27.244034749478203
56.16666666666604,17.31073570251465,-66.20592498779297,1.2059249877929688,0.7531311859288852,27.22784006618665
56.19999999999937,17.287220001220703,-66.19720458984375,1.19720458984375,0.7524162365106962,27.18694432892792
56.2333333333327,17.26375961303711,-66.18840026855469,1.1884002685546875,0.7517415103460431,27.19121194999453
56.26666666666603,17.240345001220703,-66.17951965332031,1.1795196533203125,0.7512645580011106,27.15337483631914
56.299999999999365,17.216976165771484,-66.1705551147461,1.1705551147460938,0.750878738473255,27.123658327660237
56.333333333332696,17.193649291992188,-66.16151428222656,1.1615142822265625,0.7505276301811384,27.097685407119116
56.36666666666603,17.170364379882812,-66.15239715576172,1.1523971557617188,0.7501854532217654,27.097685407119116
56.39999999999936,17.147113800048828,-66.14320373535156,1.1432037353515625,0.7500650620505681,27.029465256097012
56.43333333333269,17.1238956451416,-66.13394165039062,1.133941650390625,0.7499213569486031,27.0099334165009
56.46666666666602,17.10070037841797,-66.12460327148438,1.124603271484375,0.7501354191607316,27.02090120580461
56.49999999999935,17.07752799987793,-66.11519622802734,1.1151962280273438,0.7502709073560053,26.97273104782838
56.533333333332685,17.054378509521484,-66.10572052001953,1.1057205200195312,0.7504126540852232,26.92565914829727
56.566666666666016,17.031248092651367,-66.09617614746094,1.0961761474609375,0.7506664431759124,26.922012881010538
56.59999999999935,17.00813865661621,-66.08657836914062,1.086578369140625,0.7506977050011242,26.864292891716598
56.63333333333268,16.985050201416016,-66.07691192626953,1.0769119262695312,0.7509095772330985,26.876858228728114
56.66666666666601,16.96160888671875,-66.06794738769531,1.0679473876953125,0.7529092693853673,26.873039435583163
56.69999999999934,16.937828063964844,-66.05963897705078,1.0596389770507812,0.7557125752968379,26.806098815172557
56.73333333333267,16.914094924926758,-66.05123901367188,1.051239013671875,0.7552742190961348,26.79733434602942
56.766666666666005,16.89040756225586,-66.04273986816406,1.0427398681640625,0.7549794448851426,26.750162397109396
56.799999999999336,16.86638069152832,-66.03489685058594,1.0348968505859375,0.7582368347157675,26.730508972528753
56.83333333333267,16.842021942138672,-66.02769470214844,1.0276947021484375,0.7620352042715177,26.69399974886682
56.866666666666,16.817346572875977,-66.02110290527344,1.0211029052734375,0.76621998855581,26.66525365280183
56.89999999999933,16.792362213134766,-66.0151138305664,1.0151138305664062,0.7707648946158479,26.628038419979855
56.93333333333266,16.76708221435547,-66.00968933105469,1.0096893310546875,0.7756630582350171,26.573400752031173
56.96666666666599,16.741514205932617,-66.00482940673828,1.0048294067382812,0.7807738002552241,26.550023104721337
56.999999999999325,16.715667724609375,-66.0005111694336,1.0005111694335938,0.7861418403768315,26.525031661368793
57.033333333332656,16.68955421447754,-65.99671173095703,0.9967117309570312,0.7916539835865247,26.498024777340316
57.06666666666599,16.66318130493164,-65.99341583251953,0.9934158325195312,0.7973418175311078,26.394552266485366
57.09999999999932,16.636560440063477,-65.99061584472656,0.9906158447265625,0.8030313444522842,26.387326564316933
57.13333333333265,16.609697341918945,-65.98828887939453,0.9882888793945312,0.8089108285968697,26.358337839346067
57.16666666666598,16.582599639892578,-65.98641967773438,0.986419677734375,0.8148628307638678,26.288914108923258
57.199999999999314,16.555278778076172,-65.98499298095703,0.9849929809570312,0.820742626331229,26.297766667733143
57.233333333332645,16.527740478515625,-65.98400115966797,0.9840011596679688,0.8266846357228786,26.20110474041012
57.26666666666598,16.49999237060547,-65.9834213256836,0.9834213256835938,0.8326249636173545,26.20542056411064
57.29999999999931,16.4720401763916,-65.98324584960938,0.983245849609375,0.838582350100535,26.152889943250027
57.33333333333264,16.443893432617188,-65.98346710205078,0.9834671020507812,0.8444284007367413,26.10502456924659
57.36666666666597,16.415557861328125,-65.98406219482422,0.9840621948242188,0.8502545866491321,26.07567396043522
57.3999999999993,16.387041091918945,-65.98503112792969,0.9850311279296875,0.8559967710273677,26.07567396043522
57.433333333332634,16.358348846435547,-65.9863510131836,0.9863510131835938,0.8616776329734743,25.979832435828925
57.466666666665965,16.329486846923828,-65.9880142211914,0.9880142211914062,0.8672964597082906,25.924135923891548
57.4999999999993,16.30046272277832,-65.9900131225586,0.9900131225585938,0.8727862568697071,25.88616678725532
57.53333333333263,16.271278381347656,-65.99234008789062,0.992340087890625,0.8783088848225579,25.856700669950563
57.56666666666596,16.241943359375,-65.99497985839844,0.9949798583984375,0.8836066501691392,25.781166247878616
57.59999999999929,16.212461471557617,-65.9979248046875,0.9979248046875,0.8888582429892785,25.749223207688065
57.63333333333262,16.182838439941406,-66.00116729736328,1.0011672973632812,0.8939988729292533,25.667815649520147
57.666666666665954,16.153078079223633,-66.00469207763672,1.0046920776367188,0.8990510727568294,25.66645788214958
57.699999999999285,16.123188018798828,-66.00849914550781,1.0084991455078125,0.9039460880916687,25.59307526686928
57.73333333333262,16.093170166015625,-66.0125732421875,1.0125732421875,0.9087919313696324,25.522618003862707
57.76666666666595,16.06302833557129,-66.01691436767578,1.0169143676757812,0.913585125610138,25.522618003862707
57.79999999999928,16.032772064208984,-66.0215072631836,1.0215072631835938,0.9180865870415451,25.452602859803854
57.83333333333261,16.002399444580078,-66.0263442993164,1.0263442993164062,0.9226611769794584,25.38073067322245
57.86666666666594,15.971919059753418,-66.03142547607422,1.0314254760742188,0.9270302016562814,25.33943329249238
57.899999999999274,15.941333770751953,-66.0367431640625,1.0367431640625,0.9313237557151935,25.242534148607096
57.933333333332605,15.91064739227295,-66.04228210449219,1.0422821044921875,0.9354679666970275,25.212481217027996
57.96666666666594,15.879862785339355,-66.04804229736328,1.0480422973632812,0.9395662091472112,25.155230580105293
57.99999999999927,15.848984718322754,-66.05401611328125,1.05401611328125,0.9435186004383606,25.06099985041366
58.0333333333326,15.818016052246094,-66.06019592285156,1.0601959228515625,0.947377164810144,25.04714072357172
58.06666666666593,15.78696060180664,-66.06657409667969,1.0665740966796875,0.9511098217562456,24.99431310114844
58.09999999999926,15.755821228027344,-66.07315826416016,1.0731582641601562,0.9548354175981648,24.948294273492994
58.133333333332594,15.724602699279785,-66.07992553710938,1.079925537109375,0.9583075019523917,24.86232060742447
58.166666666665925,15.693305969238281,-66.08687591552734,1.0868759155273438,0.9617763587754509,24.80522060340335
58.19999999999926,15.661934852600098,-66.0940170288086,1.0940170288085938,0.9652088956386323,24.74637785540116
58.23333333333259,15.6304931640625,-66.10132598876953,1.1013259887695312,0.9684010566006722,24.67931461914525
58.26666666666592,15.599340438842773,-66.10804748535156,1.1080474853515625,0.9560877179559628,24.6344415558604
58.29999999999925,15.56846809387207,-66.11419677734375,1.11419677734375,0.9443642985605459,24.594272947171696
58.33333333333258,15.53786563873291,-66.11978912353516,1.1197891235351562,0.9332770954126975,24.510786046931152
58.366666666665914,15.507524490356445,-66.12486267089844,1.1248626708984375,0.9228724456202504,24.45906916934287
58.399999999999245,15.477434158325195,-66.12940979003906,1.1294097900390625,0.9129588910826802,24.409629245296685
58.43333333333258,15.447587966918945,-66.13346862792969,1.1334686279296875,0.9036273434512682,24.346060168828377
58.46666666666591,15.417976379394531,-66.13705444335938,1.137054443359375,0.8948372864440984,24.301389259494673
58.49999999999924,15.388591766357422,-66.14016723632812,1.140167236328125,0.8864707931264638,24.225787859298475
58.53333333333257,15.359432220458984,-66.1428451538086,1.1428451538085938,0.8784675993636618,24.186351678554697
58.5666666666659,15.330491065979004,-66.14509582519531,1.1450958251953125,0.8708561017140428,24.139164348336003
58.599999999999234,15.301759719848633,-66.14693450927734,1.1469345092773438,0.8637036000012009,24.092307671119723
58.633333333332565,15.273231506347656,-66.14836883544922,1.1483688354492188,0.8569274364916578,24.039406959121376
58.6666666666659,15.244906425476074,-66.14942932128906,1.1494293212890625,0.8503477835205747,23.96507747054483
58.69999999999923,15.216776847839355,-66.1501235961914,1.1501235961914062,0.8441443242089535,23.923922444402493
58.73333333333256,15.188837051391602,-66.15045928955078,1.1504592895507812,0.8382543909912463,23.872134515426858
58.76666666666589,15.161079406738281,-66.15045166015625,1.15045166015625,0.832729371054544,23.801346397550986
58.79999999999922,15.133504867553711,-66.1501235961914,1.1501235961914062,0.8272947198464338,23.780854161579317
58.833333333332554,15.106106758117676,-66.14947509765625,1.14947509765625,0.8221734950222809,23.717814500750762
58.866666666665886,15.078880310058594,-66.14852142333984,1.1485214233398438,0.8172943605299735,23.674196825618772
58.89999999999922,15.051817893981934,-66.14727783203125,1.14727783203125,0.8127292260797415,23.65558854148553
58.93333333333255,15.024922370910645,-66.145751953125,1.145751953125,0.8081631771760595,23.566236173585857
58.96666666666588,14.998187065124512,-66.14395141601562,1.143951416015625,0.803876021799529,23.56486964979129
58.99999999999921,14.971627235412598,-66.14189910888672,1.1418991088867188,0.7991701114215354,23.517474423095805
59.03333333333254,14.94523811340332,-66.13961029052734,1.1396102905273438,0.7946458361512153,23.4935194518161
59.066666666665874,14.919026374816895,-66.1370849609375,1.1370849609375,0.7899932128407283,23.4469273682518
59.099999999999206,14.892987251281738,-66.13433837890625,1.13433837890625,0.785507288699578,23.421942141915345
59.13333333333254,14.867425918579102,-66.13069915771484,1.1306991577148438,0.7745728463955983,23.370329411045702
59.16666666666587,14.842326164245605,-66.1261978149414,1.1261978149414062,0.7650057378407371,23.355258727481605
59.1999999999992,14.817684173583984,-66.12088775634766,1.1208877563476562,0.7562287904019731,23.33537161655446
59.23333333333253,14.793484687805176,-66.11479949951172,1.1147994995117188,0.7486078979901222,23.2968428970879
59.26666666666586,14.769720077514648,-66.10797882080078,1.1079788208007812,0.7417213252324804,23.309336033890943
59.299999999999194,14.74637508392334,-66.10044860839844,1.1004486083984375,0.7358828318029887,23.282722322266245
59.333333333332526,14.723444938659668,-66.09225463867188,1.092254638671875,0.730506284383389,23.256362924558182
59.36666666666586,14.70091438293457,-66.08341979980469,1.0834197998046875,0.726024990741922,23.198159730506905
59.39999999999919,14.6787748336792,-66.07396697998047,1.0739669799804688,0.7221938101881871,23.221240009936942
59.43333333333252,14.657011985778809,-66.06392669677734,1.0639266967773438,0.7190173516550498,23.21583800070757
59.46666666666585,14.635622024536133,-66.05333709716797,1.0533370971679688,0.7160328593472806,23.203207433396646
59.49999999999918,14.614591598510742,-66.04222106933594,1.0422210693359375,0.7136248343595735,23.228915661370053
59.533333333332514,14.593917846679688,-66.03060150146484,1.0306015014648438,0.7114608457636246,23.191470242373477
59.566666666665846,14.573587417602539,-66.01850891113281,1.0185089111328125,0.709648771336475,23.19257439352294
59.59999999999918,14.553598403930664,-66.00596618652344,1.0059661865234375,0.7079495373124586,23.242115113708515
59.63333333333251,14.533939361572266,-65.99300384521484,0.9930038452148438,0.7064348623792586,23.242115113708515
59.66666666666584,14.514601707458496,-65.9796371459961,0.9796371459960938,0.7052319924432581,23.203783336254453
59.69999999999917,14.495576858520508,-65.96587371826172,0.9658737182617188,0.7044424306509178,23.25610946371028
59.7333333333325,14.476861953735352,-65.9517593383789,0.9517593383789062,0.7032190572889971,23.2795942354487
59.766666666665834,14.458446502685547,-65.93730163574219,0.9373016357421875,0.7023806678785964,23.288267717730047
59.799999999999166,14.440328598022461,-65.92252349853516,0.9225234985351562,0.7014175844826399,23.288874502503926
59.8333333333325,14.422499656677246,-65.9074478149414,0.9074478149414062,0.7004517447897298,23.324189896702407
59.86666666666583,14.404956817626953,-65.89209747314453,0.8920974731445312,0.6993180790619061,23.327195327105954
59.89999999999916,14.38769245147705,-65.87648010253906,0.8764801025390625,0.6984014195774575,23.355183534264366
59.93333333333249,14.370699882507324,-65.8606185913086,0.8606185913085938,0.6973531708070742,23.406725000086023
59.96666666666582,14.353971481323242,-65.84452056884766,0.8445205688476562,0.6964819882779459,23.403369125771682
59.999999999999154,14.337506294250488,-65.82821655273438,0.828216552734375,0.6951481813876991,23.462820450067547
60.033333333332486,14.321296691894531,-65.81170654296875,0.81170654296875,0.694117041931224,23.458862392545097
60.06666666666582,14.305341720581055,-65.7950210571289,0.7950210571289062,0.6925820475531673,23.50134859474599
60.09999999999915,14.289633750915527,-65.77816009521484,0.7781600952148438,0.6913241735340477,23.554244631744645
60.13333333333248,14.27417278289795,-65.76116180419922,0.7611618041992188,0.6893367004180222,23.573342188320254
60.16666666666581,14.258951187133789,-65.7440185546875,0.7440185546875,0.6877711707288182,23.600681510591773
60.19999999999914,14.243964195251465,-65.72675323486328,0.7267532348632812,0.6858797816542428,23.673925929013308
60.233333333332475,14.229206085205078,-65.70936584472656,0.7093658447265625,0.6841862561590613,23.709454831405193
60.266666666665806,14.214676856994629,-65.69187927246094,0.6918792724609375,0.6820489819602511,23.733014464559407
60.29999999999914,14.200368881225586,-65.6742935180664,0.6742935180664062,0.6801317779732589,23.75872495365628
60.33333333333247,14.186280250549316,-65.65663146972656,0.6566314697265625,0.677785894882868,23.83651565746165
60.3666666666658,14.172403335571289,-65.6388931274414,0.6388931274414062,0.6756447296467913,23.827524726666162
60.39999999999913,14.158740043640137,-65.62109375,0.62109375,0.6731664321159969,23.906725766640992
60.43333333333246,14.145283699035645,-65.6032485961914,0.6032485961914062,0.6705001507162341,23.96694310461321
60.466666666665795,14.132030487060547,-65.5853500366211,0.5853500366210938,0.6681358066396438,24.004208969449333
60.499999999999126,14.118975639343262,-65.56741333007812,0.567413330078125,0.6655366567493297,24.0589435255373
60.53333333333246,14.106121063232422,-65.5494613647461,0.5494613647460938,0.6623910232216645,24.088931218667945
60.56666666666579,14.093459129333496,-65.53148651123047,0.5314865112304688,0.6596043784512411,24.149811348907168
60.59999999999912,14.08099365234375,-65.51351165771484,0.5135116577148438,0.6562279542514622,24.202874022065963
60.63333333333245,14.068716049194336,-65.49553680419922,0.49553680419921875,0.6530324710168789,24.25630229506561
60.66666666666578,14.056626319885254,-65.47757720947266,0.47757720947265625,0.6494903677178929,24.31191663898301
60.699999999999115,14.044718742370605,-65.45962524414062,0.459625244140625,0.6462639672725315,24.355999624844944
60.733333333332446,14.032824516296387,-65.44209289550781,0.4420928955078125,0.6355865607754752,24.401788088357645
60.76666666666578,14.020943641662598,-65.42497253417969,0.4249725341796875,0.6251685841934425,24.467476318540847
60.79999999999911,14.009082794189453,-65.40825653076172,0.40825653076171875,0.6148935076463792,24.512979305271955
60.83333333333244,13.997241973876953,-65.39192199707031,0.3919219970703125,0.6052435996602844,24.544271994222633
60.86666666666577,13.985434532165527,-65.37596130371094,0.3759613037109375,0.5956034511759004,24.601393241629342
60.8999999999991,13.973658561706543,-65.3603744506836,0.36037445068359375,0.586055561181872,24.644699815709636
60.933333333332435,13.96192741394043,-65.34513854980469,0.3451385498046875,0.5768684886107204,24.719804545707643
60.966666666665766,13.950241088867188,-65.33025360107422,0.33025360107421875,0.567731189193931,24.72303175409332
60.9999999999991,13.938603401184082,-65.31570434570312,0.315704345703125,0.5589319688625125,24.847767762429115
61.03333333333243,13.92701244354248,-65.3014907836914,0.30149078369140625,0.550216393521075,24.878037683806358
61.06666666666576,13.915475845336914,-65.28759002685547,0.28759002685546875,0.5419333214443333,24.89046022419141
61.09999999999909,13.903989791870117,-65.27399444580078,0.27399444580078125,0.5339403745841147,24.963472609396376
61.13333333333242,13.892568588256836,-65.26071166992188,0.260711669921875,0.5255363206503944,25.003718433982275
61.166666666665755,13.881208419799805,-65.24771881103516,0.24771881103515625,0.5177654183895277,25.017812988028417
61.199999999999086,13.869921684265137,-65.23501586914062,0.235015869140625,0.5097838940422074,25.06220684512787
61.23333333333242,13.8587064743042,-65.22259521484375,0.22259521484375,0.5020440507239897,25.157935496076803
61.26666666666575,13.847437858581543,-65.21074676513672,0.21074676513671875,0.49054124667396737,25.146502972051756
61.29999999999908,13.836115837097168,-65.19944763183594,0.1994476318359375,0.479867404037121,25.15756158205335
61.33333333333241,13.8247652053833,-65.18866729736328,0.18866729736328125,0.46962453777626384,25.192856889834832
61.36666666666574,13.813384056091309,-65.17839813232422,0.17839813232421875,0.45987789556088254,25.24198466822407
61.399999999999075,13.801985740661621,-65.16861724853516,0.16861724853515625,0.4505868996063001,25.241896710178594
61.433333333332406,13.790569305419922,-65.1593017578125,0.1593017578125,0.4420430125322941,25.271367175611417
61.46666666666574,13.779146194458008,-65.15044403076172,0.15044403076171875,0.433649758790327,25.28101149609448
61.49999999999907,13.767715454101562,-65.14201354980469,0.1420135498046875,0.4261001652628178,25.28792701372114
61.5333333333324,13.756299018859863,-65.13400268554688,0.134002685546875,0.4183993855235793,25.335216370267776
61.56666666666573,13.744895935058594,-65.12638854980469,0.1263885498046875,0.41134516522175085,25.3395816495628
61.59999999999906,13.733514785766602,-65.11915588378906,0.1191558837890625,0.40454643146389513,25.305563262355474
61.633333333332395,13.722155570983887,-65.11229705810547,0.11229705810546875,0.3980800487514985,25.339640857914553
61.666666666665726,13.710838317871094,-65.10578918457031,0.1057891845703125,0.39164955300848786,25.339640857914553
61.69999999999906,13.699560165405273,-65.09962463378906,0.0996246337890625,0.3855885999860589,25.322279851824227
61.73333333333239,13.688332557678223,-65.09378051757812,0.093780517578125,0.3797256675595233,25.314374534942246
61.76666666666572,13.67715072631836,-65.08824920654297,0.08824920654296875,0.37425376270019906,25.293588830987485
61.79999999999905,13.666046142578125,-65.08301544189453,0.08301544189453125,0.36828476101408353,25.27348398164338
61.833333333332384,13.655014038085938,-65.07805633544922,0.07805633544921875,0.3628636929154462,25.2374020776786
61.866666666665715,13.644054412841797,-65.07337951660156,0.0733795166015625,0.3574736606006343,25.229447961637614
61.89999999999905,13.633163452148438,-65.06896209716797,0.06896209716796875,0.3525818448941062,25.18896636381517
61.93333333333238,13.622349739074707,-65.06480407714844,0.0648040771484375,0.34756721483968067,25.166000263082072
61.96666666666571,13.611610412597656,-65.06088256835938,0.060882568359375,0.34298721248326525,25.124601067769365
61.99999999999904,13.600954055786133,-65.05719757080078,0.05719757080078125,0.33826532892274,25.091573820372
62.03333333333237,13.590375900268555,-65.05374145507812,0.053741455078125,0.33385310997235634,25.01187064916598
62.066666666665704,13.579885482788086,-65.05049896240234,0.05049896240234375,0.32940302958582124,24.983257167594445
62.099999999999035,13.569478034973145,-65.0474624633789,0.04746246337890625,0.3252410901255544,24.896876054142624
62.13333333333237,13.559172630310059,-65.04462432861328,0.04462432861328125,0.3206723199716845,24.869474532223347
62.1666666666657,13.548965454101562,-65.0419692993164,0.04196929931640625,0.31640490521908465,24.792085307110504
62.19999999999903,13.538864135742188,-65.03949737548828,0.03949737548828125,0.31198130714603517,24.7031835016734
62.23333333333236,13.528863906860352,-65.03719329833984,0.03719329833984375,0.3078668775226588,24.636079764244503
62.26666666666569,13.518972396850586,-65.0350570678711,0.03505706787109375,0.30358673521749674,24.55574413115169
62.299999999999024,13.509185791015625,-65.0330810546875,0.0330810546875,0.2995230436603585,24.473584769035607
62.333333333332355,13.499521255493164,-65.03124237060547,0.031246038426531505,0.2951365877294477,24.368389096062526
62.36666666666569,13.489974975585938,-65.02955627441406,0.031210166160113836,0.29082115189651014,24.31106797244267
62.39999999999902,13.480552673339844,-65.02799987792969,0.03409093249390848,0.28649944968531155,24.17367247703683
62.43333333333235,13.471250534057617,-65.02657318115234,0.03914927519798427,0.2823273508330056,24.084377657424604
62.46666666666568,13.462074279785156,-65.0252685546875,0.04557258067972217,0.2780559717342274,23.971872513494354
62.49999999999901,13.453020095825195,-65.02408599853516,0.05279438153543784,0.2739325055754318,23.866767414959902
62.533333333332344,13.44409465789795,-65.02301025390625,0.060455595773901895,0.26970094888555607,23.72591290014707
62.566666666665675,13.435294151306152,-65.02204895019531,0.06835936702388691,0.2655856151737707,23.609093077108867
62.59999999999901,13.426613807678223,-65.02118682861328,0.07638334196784954,0.2616915306406175,23.443231523729008
62.63333333333234,13.418049812316895,-65.02043151855469,0.08445874858027883,0.25791715501322565,23.33583446300921
62.66666666666567,13.409598350524902,-65.01976776123047,0.092537682118601,0.2543246000414865,23.187856440024706
62.699999999999,13.401256561279297,-65.01920318603516,0.1005933846944722,0.2508261821906459,23.04546382983566
62.73333333333233,13.39302921295166,-65.01872253417969,0.1085968810226649,0.2472412951741457,22.897168145817897
62.766666666665664,13.384915351867676,-65.0183334350586,0.11653579311434127,0.24369555973511053,22.772457111846855
62.799999999998995,13.37692928314209,-65.01802062988281,0.12438305531419143,0.23976577464475538,22.622917220603096
62.83333333333233,13.36906909942627,-65.01777648925781,0.1321321470929055,0.2359192307169977,22.423922665502026
62.86666666666566,13.36133861541748,-65.0176010131836,0.13977401489343586,0.23197426015937625,22.27951206253275
62.89999999999899,13.353734016418457,-65.01749420166016,0.14730846901927402,0.2281604724174163,22.090032338778943
62.93333333333232,13.34625244140625,-65.01744842529297,0.15473448005775217,0.22445145159959687,21.907942133820377
62.96666666666565,13.338888168334961,-65.01747131347656,0.16205637629251185,0.22092925918428125,21.770079706028614
62.999999999998984,13.331648826599121,-65.01754760742188,0.16926321547130385,0.2171923124351495,21.619785189381084
63.033333333332315,13.324529647827148,-65.0176773071289,0.17635853163086337,0.21361080394301007,21.419309993084745
63.06666666666565,13.317526817321777,-65.01786041259766,0.18334518465146155,0.21015671873551395,21.22754339820619
63.09999999999898,13.310636520385742,-65.01809692382812,0.19022624967038695,0.20683064687319908,21.067828044000684
63.13333333333231,13.303854942321777,-65.01838684082031,0.19700497345738457,0.20363316922841276,20.833966908037812
63.16666666666564,13.29718017578125,-65.01873016357422,0.203682841996182,0.20050770807004858,20.65463441691743
63.19999999999897,13.290617942810059,-65.01911163330078,0.2102524682388186,0.19719933734277034,20.65463441691743
63.233333333332304,13.284164428710938,-65.01953125,0.21671747405375155,0.19401425247036927,20.23064928954774
63.266666666665635,13.277822494506836,-65.0199966430664,0.22307556944024642,0.1907696205895244,20.06833235384207
63.29999999999897,13.271588325500488,-65.02050018310547,0.22932978558187472,0.18763414985972118,19.82835700290441
63.3333333333323,13.26545238494873,-65.02103424072266,0.2354889020931075,0.18477414752573956,19.62372621280519
63.36666666666563,13.25941276550293,-65.02161407470703,0.24155617489186532,0.18202167302158834,19.453285746853776
63.39999999999896,13.253470420837402,-65.02223205566406,0.2475299935384346,0.17923176205253658,19.18286274081097
63.43333333333229,13.247620582580566,-65.02288818359375,0.25341515204342835,0.1765955841524119,18.982658637046978
63.466666666665624,13.241859436035156,-65.02357482910156,0.2592148208171274,0.1740576410674964,18.747719432817025
63.499999999998956,13.236184120178223,-65.0242919921875,0.2649319145187609,0.17161346005198416,18.50998141734233
63.53333333333229,13.230591773986816,-65.0250473022461,0.2705700641116415,0.16929366877776025,18.335182646386887
63.56666666666562,13.225080490112305,-65.02584075927734,0.27613127631059875,0.1670432327432143,18.089461739295025
63.59999999999895,13.219644546508789,-65.02666473388672,0.2816206461456831,0.1649411268172599,17.848144253841593
63.63333333333228,13.214282035827637,-65.02751922607422,0.2870401763769731,0.16290491071043367,17.644177274610744
63.66666666666561,13.208990097045898,-65.02840423583984,0.29239282520438337,0.16096295387270182,17.420861256995263
63.699999999998944,13.203767776489258,-65.02932739257812,0.2976804095024558,0.15909860251985494,17.192265956100815
63.733333333332276,13.198610305786133,-65.03028106689453,0.30290706626059327,0.15734706504993684,16.891783340879453
63.76666666666561,13.193513870239258,-65.03125762939453,0.3080759437721231,0.1556746499590463,16.731829311090824
63.79999999999894,13.188482284545898,-65.03227233886719,0.3131849148629307,0.15398649587923405,16.471837322287673
63.83333333333227,13.183513641357422,-65.03331756591797,0.3182352516701077,0.15232177536344393,16.22546956255446
63.8666666666656,13.178606033325195,-65.03438568115234,0.3232281808309358,0.15067494176767007,15.99520478921662
63.89999999999893,13.17375659942627,-65.03548431396484,0.32816747699226256,0.14916971166117118,15.78417606652075
63.933333333332264,13.168961524963379,-65.03660583496094,0.3330562401573629,0.14773453761531338,15.554875476952457
63.966666666665596,13.164216995239258,-65.03776550292969,0.3379000732430889,0.14652594613491496,15.289128558490164
63.99999999999893,13.159523010253906,-65.03894805908203,0.34269743485007154,0.14521962913647993,15.08449349203192
64.03333333333227,13.154877662658691,-65.04015350341797,0.3474503296424754,0.1439760927885978,14.850401788943536
64.0666666666656,13.150287628173828,-65.04138946533203,0.352153135508912,0.14260580837652598,14.569986714151423
64.09999999999893,13.145750045776367,-65.04264831542969,0.35680794396486754,0.14126896978425535,14.343912639332784
64.13333333333226,13.141250610351562,-65.04393768310547,0.3614299995432076,0.14041598673514064,14.093575761762796
64.16666666666559,13.136788368225098,-65.04524993896484,0.3660194618226049,0.13953586711700816,13.861984266661684
64.19999999999892,13.132369041442871,-65.04659271240234,0.37057172387898263,0.13856457246101725,13.616078824878848
64.23333333333225,13.12799072265625,-65.04795837402344,0.3750878671308778,0.13759082947110557,13.39157010988181
64.26666666666559,13.123653411865234,-65.04934692382812,0.37956800878364033,0.13662467534147138,13.11767133734935
64.29999999999892,13.119354248046875,-65.0507583618164,0.3840151035756864,0.13574781787810958,12.925388786319392
64.33333333333225,13.115103721618652,-65.05210876464844,0.38840760608540886,0.13379651136408433,12.682085159388663
64.36666666666558,13.110899925231934,-65.05339050292969,0.39274599168877566,0.13184567256588361,12.429884566880327
64.39999999999891,13.10678482055664,-65.0545425415039,0.396979931707358,0.12819965455723903,12.250697180307894
64.43333333333224,13.102754592895508,-65.0555648803711,0.40111266421825637,0.12473620398236453,11.992835079503491
64.46666666666557,13.098807334899902,-65.05647277832031,0.4051477868893452,0.12150971950037669,11.848112889011968
64.4999999999989,13.094938278198242,-65.05725860595703,0.40908867794788356,0.11844159890749156,11.683235610144918
64.53333333333224,13.09117603302002,-65.05796813964844,0.41291323688100495,0.11485701613863293,11.559454747431444
64.56666666666557,13.087516784667969,-65.0586166381836,0.41662730731745995,0.1114880440535107,11.429501445155102
64.5999999999989,13.08398151397705,-65.05921936035156,0.4202122241835368,0.10758843610185113,11.337721110221363
64.63333333333223,13.080568313598633,-65.05977630615234,0.4236698553528603,0.10375024290774644,11.25195888031972
64.66666666666556,13.07728099822998,-65.06029510498047,0.4269974872783768,0.09984004758280914,11.180587246552703
64.6999999999989,13.074116706848145,-65.0607681274414,0.43019686737423396,0.09598354639177123,11.21044895489898
64.73333333333223,13.071070671081543,-65.06120300292969,0.4332737896227387,0.09230766773974654,11.202003940370934
64.76666666666556,13.068138122558594,-65.06159973144531,0.4362329745690378,0.08877787404024437,11.229313231946728
64.79999999999889,13.065317153930664,-65.06195068359375,0.43907523713444707,0.08528146498056163,11.314935628675187
64.83333333333222,13.062603950500488,-65.06227111816406,0.44180651452324915,0.08196179628724644,11.415031396326398
64.86666666666555,13.059993743896484,-65.06254577636719,0.4444293864626942,0.07873851712927107,11.511204407124609
64.89999999999888,13.057483673095703,-65.06278991699219,0.4469488485864533,0.07565747856450818,11.685736499358708
64.93333333333221,13.055071830749512,-65.06299591064453,0.44936573139317704,0.07261869730943392,11.893797706179726
64.96666666666555,13.052754402160645,-65.06316375732422,0.4516838330358917,0.06970497109348066,12.091697222412783
64.99999999999888,13.050527572631836,-65.06330108642578,0.4539080198750775,0.06693180207688182,12.350077664271637
65.03333333333221,13.04839038848877,-65.06340026855469,0.4560381949597325,0.06418452960380701,12.605354418388794
65.06666666666554,13.04633903503418,-65.06346893310547,0.4580792252474082,0.06157506991122714,12.944184333885408
65.09999999999887,13.044370651245117,-65.06350708007812,0.46003396903581806,0.059062601867088386,13.206062833840011
65.1333333333322,13.042484283447266,-65.06350708007812,0.46190234910943173,0.056591033935546875,13.591253845531568
65.16666666666553,13.04067611694336,-65.06348419189453,0.4636902761183721,0.05424934080076084,13.976753302094153
65.19999999999887,13.038944244384766,-65.06343078613281,0.4653986188369722,0.051980873993569404,14.342231219108326
65.2333333333322,13.037287712097168,-65.0633544921875,0.4670293920692886,0.049748648095705915,14.793110694098837
65.26666666666553,13.0357027053833,-65.06324768066406,0.4685853677802682,0.04765804744310021,15.225745026987198
65.29999999999886,13.034187316894531,-65.06312561035156,0.47007052494723933,0.04560891458673563,15.726590912473496
65.33333333333219,13.03274154663086,-65.06297302246094,0.4714828351093888,0.04361400288571214,16.183965682025008
65.36666666666552,13.03136157989502,-65.06278991699219,0.4728261228764523,0.041761851302828605,16.66065736561856
65.39999999999885,13.030046463012695,-65.06259155273438,0.47410339526371037,0.03989978337856622,17.201382067705403
65.43333333333219,13.028794288635254,-65.0623779296875,0.4753165561337571,0.038107977247673994,17.795145948638627
65.46666666666552,13.027604103088379,-65.0621337890625,0.47646457492892186,0.036449028144643035,18.34114854271727
65.49999999999885,13.026473999023438,-65.06187438964844,0.4775513728335645,0.034784780123665475,18.894013617783166
65.53333333333218,13.025402069091797,-65.06159973144531,0.4785788575945266,0.03319674406025139,19.507516332988562
65.56666666666551,13.024386405944824,-65.0613021850586,0.47954796292241675,0.031750510741262186,20.165687006809325
65.59999999999884,13.02342700958252,-65.06098937988281,0.4804596961805953,0.030273083955869202,20.794037401304262
65.63333333333217,13.022522926330566,-65.06066131591797,0.4813150227541473,0.028852958987632883,21.41112267741522
65.6666666666655,13.0216703414917,-65.06031799316406,0.4821177475555194,0.027573434293434753,22.095292857978603
65.69999999999884,13.020870208740234,-65.0599594116211,0.4828669463885205,0.026304254952993742,22.732323930859767
65.73333333333217,13.020119667053223,-65.05958557128906,0.48356548083476125,0.025154770442523795,23.476739142037335
65.7666666666655,13.019418716430664,-65.0592041015625,0.4842143076768522,0.023940882080534416,24.16677875677381
65.79999999999883,13.01876449584961,-65.0588150024414,0.48481626928875154,0.022835551783136652,24.86296870719983
65.83333333333216,13.018157958984375,-65.05841064453125,0.4853695044856643,0.021868997680617307,25.57172824118805
65.8666666666655,13.017597198486328,-65.05799102783203,0.4858759329471409,0.021011365005389734,26.33450171677291
65.89999999999883,13.017080307006836,-65.05757141113281,0.4863392820454,0.019973219025769866,27.074053650331365
65.93333333333216,13.016606330871582,-65.05714416503906,0.48675958639912376,0.019143493444859452,27.86916005917972
65.96666666666549,13.016175270080566,-65.05670166015625,0.48713596412714977,0.018532716454355218,28.61532701185377
65.99999999999882,13.015785217285156,-65.05625915527344,0.4874721000751367,0.017696230645766444,28.61532701185377
66.03333333333215,13.015435218811035,-65.05581665039062,0.48776892646983844,0.01692567732411316,30.19124170028916
66.06666666666548,13.015124320983887,-65.05535888671875,0.4880256452688489,0.016600738971283543,30.962171415758895
66.09999999999881,13.014853477478027,-65.05489349365234,0.48824219805391955,0.016154015594665266,31.782828153874085
66.13333333333215,13.014620780944824,-65.05442810058594,0.48842133903424534,0.015609757991121732,32.61173991304722
66.16666666666548,13.014423370361328,-65.05396270751953,0.488565898374099,0.015165931565906276,33.434759130146105
66.19999999999881,13.014262199401855,-65.0534896850586,0.4886740808939946,0.014991787553718697,34.199603559368676
66.23333333333214,13.014135360717773,-65.05302429199219,0.4887494483333162,0.014471035976556973,35.0260464065886
66.26666666666547,13.014042854309082,-65.05255126953125,0.48879032659966803,0.01445949223798385,35.90367108377819
66.2999999999988,13.013981819152832,-65.05207824707031,0.4888003845455801,0.014308318732990525,36.712666234670145
66.33333333333213,13.01395320892334,-65.05160522460938,0.4887786639399295,0.014216606993395714,37.53737057333596
66.36666666666547,13.013956069946289,-65.05113220214844,0.488726103291614,0.014190933394365439,38.41632666251845
66.3999999999988,13.013989448547363,-65.05066680908203,0.48864443275847425,0.013997655287290642,39.300357227506865
66.43333333333213,13.01405143737793,-65.05020141601562,0.4885347353918962,0.014085098126623135,40.130873143114265
66.46666666666546,13.014142990112305,-65.04973602294922,0.4883960544842856,0.014229383278536577,40.983635221734396
66.49999999999879,13.014262199401855,-65.04927062988281,0.4882302795802119,0.014412543317429883,41.86981290988689
66.53333333333212,13.014408111572266,-65.04881286621094,0.4880391152505505,0.01441367915162734,42.72216282248764
66.56666666666545,13.014580726623535,-65.0483627319336,0.48782253413041077,0.014462888411659224,43.58648430831493
66.59999999999879,13.014779090881348,-65.04791259765625,0.48758070886787674,0.014757110888502383,44.43108811234481
66.63333333333212,13.01500129699707,-65.04747009277344,0.48731627473586675,0.014854881899891004,44.43108811234481
66.66666666666545,13.015267372131348,-65.04702758789062,0.4870085364172376,0.015490187008369195,46.16533171649746
66.69999999999878,13.01557445526123,-65.04658508300781,0.4866603316013114,0.01615857536957933,47.05346046605252
66.73333333333211,13.015935897827148,-65.04615020751953,0.4862590838909898,0.016964129122613362,47.95686748800031
66.76666666666544,13.016349792480469,-65.04571533203125,0.48580594357872264,0.01801063371787616,48.859910169379745
66.79999999999878,13.01683521270752,-65.0452880859375,0.4852826211675731,0.01939986647658172,49.799039704060455
66.8333333333321,13.017388343811035,-65.04486846923828,0.4846928823711384,0.020828561466065935,50.71486932851205
66.86666666666544,13.0180082321167,-65.04446411132812,0.48403834714149413,0.022203381452033225,51.63129679906478
66.89999999999877,13.018691062927246,-65.04405975341797,0.4833213783574614,0.023807286947576136,52.56552690549456
66.9333333333321,13.019445419311523,-65.0436782836914,0.482535488318636,0.025359720741863274,53.51977634746548
66.96666666666543,13.020269393920898,-65.04330444335938,0.4816811489187504,0.027144459391800883,54.48818050599383
66.99999999999876,13.021173477172852,-65.0429458618164,0.48074856839089136,0.029177945857753396,55.4665434628472
67.0333333333321,13.02215576171875,-65.04261016845703,0.4797402865244117,0.031141863537293903,56.42750166224997
67.06666666666543,13.02322006225586,-65.04229736328125,0.4786524584454285,0.033279489782118934,57.35799583969456
67.09999999999876,13.024365425109863,-65.04200744628906,0.4774859939041663,0.03544456427609061,58.372514372958456
67.13333333333209,13.025590896606445,-65.04174041748047,0.47624180815434536,0.03762680289632114,59.403846625230905
67.16666666666542,13.026894569396973,-65.04150390625,0.4749224386150698,0.03974858835492494,60.4015289497809
67.19999999999875,13.028274536132812,-65.04129028320312,0.4735290917649173,0.04189210782907168,61.38539916360081
67.23333333333208,13.029728889465332,-65.04110717773438,0.47206431496650475,0.04397503957527658,62.39164175317366
67.26666666666542,13.031254768371582,-65.04096221923828,0.4705316095431892,0.04598246907154522,63.40567212860974
67.29999999999875,13.032849311828613,-65.04084777832031,0.4689331577663341,0.04795934741069805,64.419200948484
67.33333333333208,13.034509658813477,-65.04076385498047,0.4672718155536611,0.049873998369928264,65.46644182281021
67.36666666666541,13.036232948303223,-65.04071044921875,0.46555044722899125,0.051723504877074035,66.4536953833281
67.39999999999874,13.038017272949219,-65.04070281982422,0.46377231443340755,0.053530228702789964,67.46184492996262
67.43333333333207,13.039857864379883,-65.04072570800781,0.46194087096270225,0.05522201205338304,68.50857442196258
67.4666666666654,13.041753768920898,-65.04078674316406,0.46005778627921573,0.05690660231509097,69.54756490448989
67.49999999999874,13.043701171875,-65.04088592529297,0.4581269250276723,0.05849781042316098,70.57571949754387
67.53333333333207,13.045697212219238,-65.04103088378906,0.45615190058782323,0.060038912542408486,71.59697510235361
67.5666666666654,13.047739028930664,-65.04120635986328,0.45413428635785796,0.06148029442116177,72.66900145432315
67.59999999999873,13.049825668334961,-65.04142761230469,0.4520765155936903,0.0629500991401394,73.69181615710608
67.63333333333206,13.051952362060547,-65.04169464111328,0.44998347631961844,0.0643017692475023,74.76154273695637
67.66666666666539,13.054119110107422,-65.04199981689453,0.44785461099621554,0.06564401283048102,75.78237436704771
67.69999999999872,13.056323051452637,-65.04234313964844,0.44569291686943685,0.06691565713528835,76.83294545076782
67.73333333333206,13.058560371398926,-65.04273986816406,0.44350382414375616,0.06816666818508602,77.88879295429902
67.76666666666539,13.060830116271973,-65.04317474365234,0.44128703273848263,0.06933089232894228,78.92775725017361
67.79999999999872,13.063129425048828,-65.04364776611328,0.4390455861808056,0.07042381692217743,78.92775725017361
67.83333333333205,13.065455436706543,-65.04417419433594,0.43678408502729404,0.07154516905347934,81.05607130799342
67.86666666666538,13.067806243896484,-65.04474639892578,0.4345039505363447,0.07258334025950183,82.10299558503117
67.89999999999871,13.070180892944336,-65.04535675048828,0.4322056219034924,0.07355500266656016,83.14682461091945
67.93333333333204,13.072574615478516,-65.0460205078125,0.4298957390724629,0.0745213608335509,84.22029354677386
67.96666666666538,13.074986457824707,-65.0467300415039,0.4275747979141735,0.07542134582404628,85.25368670191382
67.9999999999987,13.077414512634277,-65.04747772216797,0.425244198354762,0.07621698551058957,86.32422890365416
68.03333333333204,13.07985782623291,-65.04827880859375,0.4229069513935275,0.0771386331389888,87.36527266463236
68.06666666666537,13.082311630249023,-65.04911804199219,0.42056647069681485,0.07780051517754855,88.38992499738994
68.0999999999987,13.0847749710083,-65.05001068115234,0.41822588744657935,0.0786025898422271,89.4181706773687
68.13333333333203,13.087244987487793,-65.05094909667969,0.4158876180008589,0.07926818150954736,90.46357644019028
68.16666666666536,13.089719772338867,-65.05192565917969,0.413553067079566,0.07981485411852499,91.51761525346761
68.1999999999987,13.09219741821289,-65.05294799804688,0.411225529617756,0.08040842774725064,92.54559576705708
68.23333333333203,13.094676971435547,-65.05401611328125,0.40890646605143494,0.08099474615121686,93.64180434182231
68.26666666666536,13.097155570983887,-65.05513763427734,0.4066002861570814,0.08161579846536231,93.64180434182231
68.29999999999869,13.099632263183594,-65.05628967285156,0.40430539441519586,0.08194557593744681,95.67494427955754
68.33333333333202,13.102106094360352,-65.0574951171875,0.402026427794962,0.08255690803517576,96.68303233188404
68.36666666666535,13.104574203491211,-65.05874633789062,0.39976579738663204,0.08301448269298578,97.7591425377914
68.39999999999868,13.107043266296387,-65.05997467041016,0.3975071768582541,0.08273188456089006,98.79626191373528
68.43333333333202,13.109513282775879,-65.0611801147461,0.39525040514693455,0.08245404605236847,99.79591892859756
68.46666666666535,13.111984252929688,-65.06237030029297,0.39299653221519376,0.08228008035547066,100.83240253516885
68.49999999999868,13.114455223083496,-65.06354522705078,0.3907464278640716,0.08208246919113113,101.8241417815609
68.53333333333201,13.116926193237305,-65.06470489501953,0.3885000191340425,0.08188694016069874,102.8297984579003
68.56666666666534,13.11939525604248,-65.06585693359375,0.38626041322576743,0.08173810378979575,103.83457307149311
68.59999999999867,13.121862411499023,-65.0669937133789,0.38402629268010924,0.0814936310028009,104.86103854223373
68.633333333332,13.1243257522583,-65.06813049316406,0.381802179819694,0.08138970683465614,105.85690204447259
68.66666666666534,13.126785278320312,-65.06925201416016,0.3795853921631931,0.08109482113522781,106.87116744227109
68.69999999999867,13.129240989685059,-65.07037353515625,0.37737869333085405,0.08099070864278209,107.81703502284842
68.733333333332,13.131691932678223,-65.07148742675781,0.3751816688469154,0.0807656390440535,108.80052922594137
68.76666666666533,13.134138107299805,-65.07260131835938,0.37299581225221357,0.08063542832634497,109.79820559732251
68.79999999999866,13.136619567871094,-65.07364654541016,0.3707683267284853,0.08077828630945572,110.78363827161641
68.83333333333199,13.13913631439209,-65.07461547851562,0.3684970409984866,0.0809046350491573,111.77399244959975
68.86666666666532,13.141716003417969,-65.07551574707031,0.36615577322006054,0.08196798793870241,112.71022396168432
68.89999999999866,13.144359588623047,-65.07633972167969,0.36374146768068744,0.08307062780587597,113.72738561208041
68.93333333333199,13.147092819213867,-65.07708740234375,0.36122838461356194,0.08500951860943577,114.65910511691237
68.96666666666532,13.149913787841797,-65.07776641845703,0.3586195362538306,0.08704616128051353,115.60324587482255
68.99999999999865,13.152852058410645,-65.07836151123047,0.35588231171561396,0.08993782524765917,116.56388269449985
69.03333333333198,13.155902862548828,-65.07888793945312,0.35302428669037855,0.09287668871600904,117.46038416840982
69.06666666666531,13.159093856811523,-65.07933807373047,0.35001646876526166,0.0966776019922648,118.4252019212971
69.09999999999864,13.162421226501465,-65.0797119140625,0.3468622457983611,0.10044914674926116,119.4142144013395
69.13333333333198,13.165912628173828,-65.08002471923828,0.343537956713497,0.10516158730353489,120.29423536817076
69.16666666666531,13.169563293457031,-65.08026123046875,0.3400445296535762,0.10974955633126794,121.1960281498377
69.19999999999864,13.173399925231934,-65.08043670654297,0.33635943958507575,0.11521927662475659,122.11682695250903
69.23333333333197,13.177417755126953,-65.08055114746094,0.33248728105689707,0.12058378170432525,123.0240380273215
69.2666666666653,13.181642532348633,-65.08060455322266,0.32840306211973014,0.12675344284628906,123.91643258876532
69.29999999999863,13.186067581176758,-65.08060455322266,0.32411519185073007,0.13275146484375,124.81786732152159
69.33333333333196,13.19070816040039,-65.08055877685547,0.3196109487664021,0.13922414986612366,125.72924499832251
69.3666666666653,13.195556640625,-65.0804672241211,0.31489797272337233,0.1454803359648298,126.57796169447406
69.39999999999863,13.200639724731445,-65.08032989501953,0.3099507484145082,0.15254816611090286,127.46819466694602
69.43333333333196,13.205949783325195,-65.08016967773438,0.3047830493228472,0.1593742534500757,128.33280156259562
69.46666666666529,13.211511611938477,-65.07997131347656,0.29936760183009575,0.16696094546947912,129.200720050315
69.49999999999862,13.217317581176758,-65.07975769042969,0.2937186393377798,0.17429693698347623,130.0312691321819
69.53333333333195,13.223380088806152,-65.07952117919922,0.2878231978318051,0.18201357830322515,130.83935975157146
69.56666666666528,13.229692459106445,-65.07927703857422,0.28169312293525894,0.18951269378993196,131.72261554288355
69.59999999999862,13.23627758026123,-65.07902526855469,0.27530802339018784,0.1976979713839785,132.54626532369747
69.63333333333195,13.24312686920166,-65.07877349853516,0.2686802363360753,0.20561744191338555,133.39064220848266
69.66666666666528,13.250252723693848,-65.07852935791016,0.26180252496132084,0.21390106638290457,134.19512928651443
69.69999999999861,13.257645606994629,-65.07830047607422,0.25468925450919827,0.2218927654395545,135.001471045731
69.73333333333194,13.2653169631958,-65.07809448242188,0.24733555334480659,0.23022364217225322,135.83067649857247
69.76666666666527,13.2732572555542,-65.07791137695312,0.23975498914005033,0.23827209932044938,135.83067649857247
69.7999999999986,13.281478881835938,-65.07776641845703,0.23194631905530697,0.24668712271609042,137.384202880829
69.83333333333194,13.289972305297852,-65.0776596069336,0.2239255391664362,0.25482285165274754,138.2140342303898
69.86666666666527,13.298748970031738,-65.07759857177734,0.21569310467692226,0.26330630874936206,138.963292513075
69.8999999999986,13.3077974319458,-65.07759094238281,0.20727320498916885,0.2714539539150433,139.71402571323247
69.93333333333193,13.317131996154785,-65.07764434814453,0.19866894983646208,0.280041509480886,140.48315244364377
69.96666666666526,13.326740264892578,-65.07776641845703,0.18991195762544308,0.2882713242224401,141.27058442776013
69.9999999999986,13.336633682250977,-65.07796478271484,0.18101674264732445,0.29686217318077646,141.99947275248363
70.03333333333192,13.346800804138184,-65.07823944091797,0.1720215211183284,0.30512493201651236,142.76618074704007
70.06666666666526,13.357253074645996,-65.07859802246094,0.16295500554690426,0.3137525865109328,143.4753893785687
70.09999999999859,13.367980003356934,-65.07905578613281,0.15388013788241892,0.32210074888758233,144.2458688597287
70.13333333333192,13.378992080688477,-65.0796127319336,0.14484855409024427,0.33078457068430706,144.96068438015968
70.16666666666525,13.390276908874512,-65.08026885986328,0.13594942658901982,0.33911659638479,145.64135572461694
70.19999999999858,13.401845932006836,-65.08103942871094,0.12728554540638853,0.3478397121185389,146.34710409258045
70.23333333333191,13.413684844970703,-65.08192443847656,0.11900386383404375,0.35615838078886586,147.0958158884698
70.26666666666524,13.425817489624023,-65.08294677734375,0.11127988460362236,0.3652692414354017,147.75320204746168
70.29999999999858,13.438230514526367,-65.08409118652344,0.10433981496340164,0.3739700170295517,148.41276302058844
70.33333333333191,13.450932502746582,-65.08538055419922,0.09847567375793836,0.3830178538591166,149.13144831560072
70.36666666666524,13.463912010192871,-65.08680725097656,0.0940097964598762,0.39173048071152267,149.81804679852556
70.39999999999857,13.477176666259766,-65.08839416503906,0.09129311570962588,0.4007773161411283,150.44883386931184
70.4333333333319,13.490714073181152,-65.09012603759766,0.0906031516556634,0.40943215780270265,151.1146822558922
70.46666666666523,13.504535675048828,-65.09202575683594,0.0920257568359375,0.4185463537477672,151.78254047325765
70.49999999999856,13.518630027770996,-65.0940933227539,0.09409332275390625,0.42735587831902655,152.43435955812112
70.5333333333319,13.53300666809082,-65.0963363647461,0.09633636474609375,0.4365170349916263,153.05507402133819
70.56666666666523,13.547652244567871,-65.09876251220703,0.09876251220703125,0.44535512982632297,153.6653276666839
70.59999999999856,13.562576293945312,-65.10137176513672,0.10137176513671875,0.45451282226605316,154.28959924600758
70.63333333333189,13.577764511108398,-65.10416412353516,0.10416412353515625,0.4632831590038045,154.8672035894654
70.66666666666522,13.593223571777344,-65.10716247558594,0.1071624755859375,0.47241444157423934,155.5245224264039
70.69999999999855,13.608940124511719,-65.1103515625,0.1103515625,0.48110526361499256,156.13108268059932
70.73333333333188,13.62492561340332,-65.1137466430664,0.11374664306640625,0.4902613430001551,156.7039332956442
70.76666666666522,13.641168594360352,-65.11735534667969,0.1173553466796875,0.49917076729821636,157.29130338521628
70.79999999999855,13.65766716003418,-65.12117767333984,0.12117767333984375,0.5080664969780087,157.8444322150723
70.83333333333188,13.674408912658691,-65.1252212524414,0.12522125244140625,0.5166944276860784,158.43006977327727
70.86666666666521,13.691402435302734,-65.12947845458984,0.12947845458984375,0.5255599145555488,158.98672136623222
70.89999999999854,13.708635330200195,-65.13396453857422,0.13396453857421875,0.5342170480765482,159.53121601796622
70.93333333333187,13.726104736328125,-65.13867950439453,0.13867950439453125,0.5428351018811663,160.12731883536503
70.9666666666652,13.74380111694336,-65.14362335205078,0.14362335205078125,0.5512197065369728,160.6168146364929
70.99999999999854,13.761731147766113,-65.1488037109375,0.1488037109375,0.5599016977560436,161.1806936754848
71.03333333333187,13.779882431030273,-65.15422058105469,0.1542205810546875,0.5682696625740579,161.69134588297177
71.0666666666652,13.79825496673584,-65.15988159179688,0.159881591796875,0.5767472581538011,162.2149698164127
71.09999999999853,13.8168363571167,-65.16577911376953,0.16577911376953125,0.5848452363775146,162.7281086835143
71.13333333333186,13.835636138916016,-65.17192840576172,0.17192840576171875,0.5933978673170142,163.22543918385142
71.1666666666652,13.85464096069336,-65.1783218383789,0.17832183837890625,0.6015424409609056,163.71333071530248
71.19999999999852,13.873854637145996,-65.18497467041016,0.18497467041015625,0.6099860516244363,164.22299120358105
71.23333333333186,13.893264770507812,-65.19187927246094,0.1918792724609375,0.6180486436704119,164.6957635589306
71.26666666666519,13.91287612915039,-65.19904327392578,0.19904327392578125,0.6263668847540524,165.16007216842434
71.29999999999852,13.93267822265625,-65.20646667480469,0.2064666748046875,0.6344342432761411,165.59257476140417
71.33333333333185,13.952678680419922,-65.21414947509766,0.21414947509765625,0.6427591757324488,166.11160673100713
71.36666666666518,13.972867965698242,-65.22210693359375,0.22210693359375,0.6510265333992236,166.54673503157431
71.39999999999851,13.99323558807373,-65.23031616210938,0.230316162109375,0.6587930833327088,166.98988488293128
71.43333333333184,14.013773918151855,-65.23880004882812,0.238800048828125,0.6666478850406241,167.40977764865644
71.46666666666518,14.0344877243042,-65.24754333496094,0.2475433349609375,0.6745043631774331,167.85327582666034
71.49999999999851,14.055366516113281,-65.25655364990234,0.25655364990234375,0.6822014002296445,168.28198786810927
71.53333333333184,14.07641887664795,-65.26583862304688,0.265838623046875,0.6902690412720831,168.68575613192948
71.56666666666517,14.097635269165039,-65.27539825439453,0.27539825439453125,0.6981186694596314,169.0989959183789
71.5999999999985,14.119014739990234,-65.28523254394531,0.2852325439453125,0.7059854965653222,169.5228018256573
