time_s,pos_x,pos_y,cte_m,speed_ms,heading_err_deg
0.03333333333333333,43.202999114990234,-64.46299743652344,2.8054202904684202,0.0,42.72362811521506
0.06666666666666667,43.20299530029297,-64.46296691894531,2.805436190290426,0.0009226521776159533,42.78275080784133
0.1,43.20298767089844,-64.46292114257812,2.80545854273996,0.0013922338555064895,42.840198404565044
0.13333333333333333,43.202980041503906,-64.46284484863281,2.8054997920488463,0.0023002339831056724,42.93071190634158
0.16666666666666666,43.20296859741211,-64.4627456665039,2.8055522202295298,0.0029952054584432373,43.07356729671472
0.19999999999999998,43.20295715332031,-64.4626235961914,2.8056188244086235,0.00367816742248265,43.34182473335637
0.2333333333333333,43.20294189453125,-64.46247100830078,2.805701336150419,0.004600467966211345,43.602452586638066
0.26666666666666666,43.20292663574219,-64.4623031616211,2.805793303964932,0.005056165016412626,43.863910026836166
0.3,43.20290756225586,-64.46212005615234,2.8058917347381733,0.00552288597656875,44.13375724153222
0.3333333333333333,43.20288848876953,-64.46190643310547,2.8060090771830146,0.006434185545442473,44.51692831592883
0.36666666666666664,43.2028694152832,-64.461669921875,2.806140609681603,0.007118372287025751,44.87543556634073
0.39999999999999997,43.202850341796875,-64.46141815185547,2.806281609363585,0.007574743992632864,45.291394249206135
0.4333333333333333,43.20283126831055,-64.46115112304688,2.8064320789086996,0.00803127413613407,45.7359556368773
0.4666666666666666,43.202816009521484,-64.46086120605469,2.8065997428222147,0.008709547847186484,46.19737891468432
0.49999999999999994,43.20280075073242,-64.4605484008789,2.8067816112252593,0.009395313607074185,46.74924938353949
0.5333333333333333,43.20278549194336,-64.46022033691406,2.8069729602551527,0.009852558860792946,47.27348830001153
0.5666666666666667,43.20277404785156,-64.45987701416016,2.8071767866909525,0.010305403074511162,47.7685013544092
0.6,43.20276641845703,-64.45951843261719,2.807393093366399,0.010759880926705774,48.42713748664253
0.6333333333333333,43.202762603759766,-64.45913696289062,2.8076266137961063,0.011444663987160444,48.42713748664253
0.6666666666666666,43.202762603759766,-64.458740234375,2.807872621738198,0.01190185546875,49.69059201409039
0.7,43.20276641845703,-64.45832824707031,2.8081311203779635,0.012360148948334296,50.36958839587864
0.7333333333333333,43.20277786254883,-64.45790100097656,2.8084051050611727,0.012821980060642748,51.06569737322511
0.7666666666666666,43.20279312133789,-64.45746612548828,2.8086868531814577,0.013054293119750244,51.781287491739576
0.7999999999999999,43.20200729370117,-64.45762634277344,2.8079711684613566,0.02405982518191754,52.48656520614568
0.8333333333333333,43.200439453125,-64.45835876464844,2.80628722328025,0.05191444199586975,53.158650221696945
0.8666666666666666,43.19816207885742,-64.45960235595703,2.803729745235284,0.07784380262868217,53.787986232166546
0.8999999999999999,43.1951904296875,-64.46133422851562,2.800324925347585,0.10318465590133394,53.787986232166546
0.9333333333333332,43.19154739379883,-64.4635238647461,2.796109680891075,0.12751311923539244,54.98959259537873
0.9666666666666666,43.187252044677734,-64.46614074707031,2.791117950914442,0.1508916414311954,55.5464083686837
0.9999999999999999,43.182315826416016,-64.46917724609375,2.7853634900431654,0.17386178229270605,56.09787783286062
1.0333333333333332,43.176753997802734,-64.47260284423828,2.778877273411669,0.19596375724658113,56.61459549339094
1.0666666666666667,43.17058563232422,-64.47640228271484,2.7716837983945677,0.21733848916460743,57.084153428443805
1.1,43.16383743286133,-64.48054504394531,2.763823037343914,0.23755125750723577,57.55754190295018
1.1333333333333335,43.156524658203125,-64.48501586914062,2.755316528193739,0.25713509292943465,58.05166199058385
1.166666666666667,43.1486701965332,-64.48979949951172,2.746191793254872,0.2758951229840249,58.430175858506104
1.2000000000000004,43.14030456542969,-64.49485778808594,2.736496591565638,0.29327983284597325,58.855551149569074
1.2333333333333338,43.13144302368164,-64.50018310546875,2.7262477580247557,0.31015695162619905,59.21649473893508
1.2666666666666673,43.12211608886719,-64.50575256347656,2.7154835795480734,0.32589801776086347,59.54038415777308
1.3000000000000007,43.112335205078125,-64.51154327392578,2.7042274561208277,0.34099591446475297,59.88291188277327
1.3333333333333341,43.102134704589844,-64.51754760742188,2.6925111642355164,0.35509436471079836,60.218983149385416
1.3666666666666676,43.09152603149414,-64.52375030517578,2.6803533684601972,0.3686674163118136,60.496506201826996
1.400000000000001,43.08053970336914,-64.53012084960938,2.6677971876071607,0.38099201808634064,60.775865752885394
1.4333333333333345,43.069183349609375,-64.53665924072266,2.654848812225286,0.393122876668937,61.02687704375448
1.466666666666668,43.05748748779297,-64.54335021972656,2.641541833267961,0.40423525983425246,61.27668718394906
1.5000000000000013,43.04545211791992,-64.55017852783203,2.6278860813835876,0.41512447242704104,61.49066551483019
1.5333333333333348,43.03310775756836,-64.55714416503906,2.613905592853317,0.42522111985446553,61.69504091307259
1.5666666666666682,43.02045440673828,-64.56422424316406,2.59961503618523,0.43498426883811336,61.88228175998511
1.6000000000000016,43.007530212402344,-64.5714111328125,2.5850491778755917,0.4436412557987674,62.035907161893945
1.633333333333335,42.99434280395508,-64.57869720458984,2.5702190517720855,0.4519901825810557,62.197987935153215
1.6666666666666685,42.98090744018555,-64.58607482910156,2.555141628920404,0.4598309567112589,62.34018336349037
1.700000000000002,42.96723556518555,-64.59353637695312,2.5398309276610913,0.46726371153889507,62.442750244233295
1.7333333333333354,42.95334243774414,-64.60106658935547,2.5243087629621668,0.4740788753306884,62.519547308927386
1.7666666666666688,42.939231872558594,-64.60867309570312,2.5085736130092324,0.48090569741400657,62.62955743246581
1.8000000000000023,42.9249382019043,-64.61634063720703,2.492662042578654,0.4866109248042724,62.6743086453826
1.8333333333333357,42.910457611083984,-64.62406921386719,2.476571445856129,0.4924190968347059,62.75514783328884
1.8666666666666691,42.89581298828125,-64.6318359375,2.460334410898729,0.49730099107137343,62.785052865840065
1.9000000000000026,42.881011962890625,-64.63965606689453,2.44394746140679,0.5021974698512766,62.802589107454665
1.933333333333336,42.86606216430664,-64.64751434326172,2.427426562315508,0.5066794713113202,62.825767066059306
1.9666666666666694,42.85097122192383,-64.6554183959961,2.4107730701618264,0.5110670528083695,62.81489926705309
2.0000000000000027,42.83574295043945,-64.66336059570312,2.3939951626780727,0.5152483961443999,62.7817975249973
2.033333333333336,42.82038879394531,-64.67133331298828,2.3771068972810334,0.5190211058329237,62.80829031870545
2.066666666666669,42.80491638183594,-64.6793441772461,2.360109589975665,0.5226973640410756,62.7145324159371
2.1000000000000023,42.78933334350586,-64.6873779296875,2.343019279002702,0.5259610591078359,62.64361776656519
2.1333333333333355,42.773643493652344,-64.69544982910156,2.325829413204205,0.5293337828997373,62.61584138835469
2.1666666666666687,42.75785446166992,-64.70354461669922,2.3085560471044984,0.5322942846525776,62.50268450800463
2.200000000000002,42.74197006225586,-64.71167755126953,2.2911925735718395,0.5353623936394935,62.42276237899762
2.233333333333335,42.72600555419922,-64.7198257446289,2.2737658189422087,0.5377106240916909,62.35598812975626
2.2666666666666684,42.709957122802734,-64.7280044555664,2.2562633367264926,0.5403694260394113,62.185869218150316
2.3000000000000016,42.69382858276367,-64.73621368408203,2.238688376361457,0.5429264341990115,62.04129803251933
2.333333333333335,42.67762756347656,-64.74444580078125,2.221052063459939,0.5451758378374464,61.940708885804916
2.366666666666668,42.661354064941406,-64.7527084350586,2.2033497686585957,0.5475290784948154,61.77567902077872
2.4000000000000012,42.645015716552734,-64.76100158691406,2.1855875961785105,0.5496782660709203,61.61705450933093
2.4333333333333345,42.62861633300781,-64.76932525634766,2.167768756639998,0.5517254100944396,61.43628433878991
2.4666666666666677,42.612152099609375,-64.77767181396484,2.1498957791169744,0.5537710762668361,61.282560826816145
2.500000000000001,42.59562683105469,-64.78605651855469,2.1319618084532665,0.5559217522971568,61.07616038964371
2.533333333333334,42.57905197143555,-64.79447174072266,2.1139807984278605,0.5576627493184766,60.88999096480447
2.5666666666666673,42.56242370605469,-64.80292510986328,2.095945153359743,0.5596095008696347,60.66317105772015
2.6000000000000005,42.54575729370117,-64.81140899658203,2.0778716480581036,0.5610446249048294,60.457359749609594
2.6333333333333337,42.529056549072266,-64.81991577148438,2.0597685326410735,0.5622740269291991,60.24345802318728
2.666666666666667,42.5123176574707,-64.82846069335938,2.041623071665759,0.5638134121399045,59.99233168132435
2.7,42.49555206298828,-64.8370361328125,2.023449153393091,0.5649433495023239,59.79288161070541
2.7333333333333334,42.478755950927734,-64.84565734863281,2.0052339463804465,0.5663843821238093,59.50530536778383
2.7666666666666666,42.46192932128906,-64.85430908203125,1.9869880188738642,0.5676170894319539,59.27149325141533
2.8,42.44507598876953,-64.86299896240234,1.9687093203049189,0.5688531920364243,58.993879487996985
2.833333333333333,42.428199768066406,-64.87173461914062,1.9503957289469347,0.5700935637969413,58.695250869810124
2.8666666666666663,42.411312103271484,-64.88050842285156,1.9320610432919192,0.5709251863469801,58.42441120835366
2.8999999999999995,42.3944206237793,-64.88931274414062,1.9137162691196492,0.5714493306640818,58.16872377723828
2.9333333333333327,42.37752151489258,-64.89816284179688,1.8953483876243806,0.5722881256162009,57.85922187683055
2.966666666666666,42.360626220703125,-64.90704345703125,1.8769763809037603,0.5726121404757881,57.57974377781826
2.999999999999999,42.34373474121094,-64.91596984863281,1.8585899182867842,0.5731511945494773,57.24835346750361
3.0333333333333323,42.32685470581055,-64.9249267578125,1.8402052014039476,0.5732762296262158,56.91671633688097
3.0666666666666655,42.30998992919922,-64.93392944335938,1.8218145539531962,0.5735173349475332,56.630265792347274
3.0999999999999988,42.29314041137695,-64.9429702758789,1.8034233698330837,0.5736537397595824,56.29262196734579
3.133333333333332,42.27629470825195,-64.95205688476562,1.7850182635404104,0.5742035852833451,55.957467085274516
3.166666666666665,42.25946044921875,-64.96119689941406,1.7665994863487409,0.5746641893084776,55.65647455200828
3.1999999999999984,42.242645263671875,-64.97038269042969,1.748177902652097,0.5748184925719717,55.2581321897993
3.2333333333333316,42.225852966308594,-64.9796142578125,1.7297562992346986,0.5748763157169055,54.90890064859381
3.266666666666665,42.20907211303711,-64.98889923095703,1.7113212577714618,0.5753494473208252,54.559655552693705
3.299999999999998,42.19231033325195,-64.99824523925781,1.6928728350782591,0.5757383255020551,54.19098636815433
3.3333333333333313,42.175567626953125,-65.00763702392578,1.6744219038978128,0.5759092377384484,53.82471841626382
3.3666666666666645,42.158843994140625,-65.01709747314453,1.6559522308318126,0.5764217158305945,53.47069126445381
3.3999999999999977,42.14214324951172,-65.026611328125,1.6374773823444926,0.5766155365357388,53.07375297246487
3.433333333333331,42.125465393066406,-65.03619384765625,1.6189864456576808,0.5770424755245627,52.71016881438891
3.466666666666664,42.108802795410156,-65.04584503173828,1.6004740953456862,0.5776753096293706,52.28977441007109
3.4999999999999973,42.0921630859375,-65.05555725097656,1.5819511408627172,0.5780020938371779,51.93744994396314
3.5333333333333306,42.07553482055664,-65.06535339355469,1.5633931277025863,0.5789794962591646,51.52658335139879
3.5666666666666638,42.058921813964844,-65.07523345947266,1.5448026342482881,0.5798680207652812,51.15666636454254
3.599999999999997,42.04231643676758,-65.08518981933594,1.5261799675228693,0.5808449777966272,50.74640415679818
3.63333333333333,42.02572250366211,-65.0952377319336,1.5075166080219822,0.581968424513753,50.319378130142674
3.6666666666666634,42.00912857055664,-65.10539245605469,1.488793520665537,0.5836345895300119,49.921534126983794
3.6999999999999966,41.99253845214844,-65.11563873291016,1.4700244680133436,0.5849755519484582,49.51496336683494
3.73333333333333,41.9759521484375,-65.12599182128906,1.4511981821852462,0.5865685968372434,49.09553915154677
3.766666666666663,41.95936965942383,-65.13644409179688,1.4323202551443486,0.5880527277305428,48.67019036319581
3.7999999999999963,41.94279098510742,-65.14700317382812,1.4133849997533832,0.5896710861903621,48.25075152216179
3.8333333333333295,41.92621612548828,-65.15767669677734,1.3943866678778591,0.591426290578586,47.81651534739411
3.8666666666666627,41.90964126586914,-65.16847229003906,1.3753169267442593,0.5934169906061143,47.40970804553377
3.899999999999996,41.89307403564453,-65.17938232421875,1.3561864448738368,0.5951065171928837,46.99087592496512
3.933333333333329,41.876495361328125,-65.19042205810547,1.3369711063406433,0.5975410862368637,46.518358178566814
3.9666666666666623,41.85991668701172,-65.20159149169922,1.3176783591030883,0.5997064448588104,46.131616487023656
3.9999999999999956,41.84333419799805,-65.212890625,1.298305621849457,0.6019837370840138,45.67892216898789
4.033333333333329,41.826759338378906,-65.22431945800781,1.27886024397465,0.603994847480684,45.233480071122415
4.066666666666662,41.8101806640625,-65.23588562011719,1.2593288871131239,0.6064368831352767,44.83850368859755
4.099999999999995,41.793601989746094,-65.24758911132812,1.2397139262707808,0.6088035263962944,44.35011508980586
4.133333333333328,41.77701950073242,-65.25945281982422,1.2199952059967618,0.6116811825223594,43.90865300547363
4.166666666666662,41.76042556762695,-65.2714614868164,1.2001794925618325,0.6144998201417334,43.43931130567334
4.199999999999995,41.74382781982422,-65.28363037109375,1.1802597690026693,0.6174222858066446,43.07168592675919
4.233333333333328,41.72722625732422,-65.29595184326172,1.160241827828871,0.6202318102489515,42.58102452058194
4.266666666666661,41.71061706542969,-65.30844116210938,1.1401112994356242,0.6234288304217297,42.15123953951997
4.2999999999999945,41.694007873535156,-65.32109832763672,1.1198727955494618,0.6264680240190615,41.72144271402428
4.333333333333328,41.67739486694336,-65.33391571044922,1.0995298096767991,0.6294835670318417,41.254930709463544
4.366666666666661,41.66078186035156,-65.3469009399414,1.0790786223637892,0.6325720162048557,40.78048853759555
4.399999999999994,41.644168853759766,-65.36006164550781,1.0585130851818596,0.6358274476005661,40.343817322630876
4.433333333333327,41.62755584716797,-65.37339782714844,1.0378330759219596,0.639109658739208,39.90379563172788
4.466666666666661,41.61094665527344,-65.38690948486328,1.0170408061602543,0.6423294595713428,39.41799283693402
4.499999999999994,41.594337463378906,-65.40059661865234,0.9961339199554162,0.6456644624525598,39.010743773743435
4.533333333333327,41.57771301269531,-65.41449737548828,0.9750726630114789,0.650110037631164,38.541396040171186
4.56666666666666,41.561073303222656,-65.42860412597656,0.9538631170401601,0.6544404530633223,38.117583295594166
4.599999999999993,41.544429779052734,-65.44290924072266,0.9325182047030279,0.6583911331604598,37.650759489786
4.633333333333327,41.52778244018555,-65.4574203491211,0.9110317459164927,0.6625221071625893,37.21224499081972
4.66666666666666,41.511131286621094,-65.47212982177734,0.8894100227166435,0.6665332330550141,36.74072856634047
4.699999999999993,41.49448013305664,-65.48705291748047,0.8676428668875393,0.6707933589060532,36.307815567647964
4.733333333333326,41.47783279418945,-65.50218200683594,0.8457388076625216,0.674848807123682,35.84044536271296
4.7666666666666595,41.46118927001953,-65.51751708984375,0.8236980426324297,0.6789363010519809,35.38397928988656
4.799999999999993,41.444557189941406,-65.53306579589844,0.8015187631797449,0.6830442979267263,34.96643817787038
4.833333333333326,41.42793655395508,-65.54882049560547,0.7792075725725839,0.6870301981018596,34.49250805885775
4.866666666666659,41.41132354736328,-65.5647964477539,0.756750033631696,0.6914482855293128,34.01263586797051
4.899999999999992,41.394718170166016,-65.58098602294922,0.7341530750759246,0.6957419113301514,33.592303623782925
4.933333333333326,41.37812042236328,-65.59740447998047,0.7114045365021219,0.7003897965198799,33.13742552536529
4.966666666666659,41.361541748046875,-65.61405181884766,0.68851122472806,0.704831682108286,32.72643700923097
4.999999999999992,41.34496307373047,-65.63092803955078,0.6654640624459696,0.7097135623468441,32.31433748227389
5.033333333333325,41.32840347290039,-65.64804077148438,0.6422677252957716,0.7143944124181733,31.859609419927015
5.066666666666658,41.311851501464844,-65.66539764404297,0.6189111713006066,0.7195178281853633,31.447497072016592
5.099999999999992,41.295318603515625,-65.6829833984375,0.5954151861295265,0.7241104370202456,31.0217806383205
5.133333333333325,41.278804779052734,-65.70081329345703,0.5717687231843509,0.7290750299652314,30.548356049871092
5.166666666666658,41.26231384277344,-65.7188720703125,0.547989632051511,0.733664337960555,30.110286116328968
5.199999999999991,41.245845794677734,-65.73717498779297,0.5240678836612371,0.7386298509682072,29.65949772467723
5.2333333333333245,41.229408264160156,-65.7557144165039,0.5000178310494967,0.7433118751909062,29.26197769226815
5.266666666666658,41.21299743652344,-65.77449798583984,0.47583597175908005,0.7482806737101106,28.824223805376974
5.299999999999991,41.19662094116211,-65.79351806640625,0.4515388763346848,0.752965974373987,28.41861552754584
5.333333333333324,41.18027114868164,-65.81278228759766,0.42712438919488616,0.7580127565148468,28.41861552754584
5.366666666666657,41.16395568847656,-65.83230590820312,0.4025921173174587,0.7633016460907147,27.5523061870441
5.399999999999991,41.14767074584961,-65.8520736694336,0.37796743336058214,0.768353672721866,27.150481176280064
5.433333333333324,41.13142776489258,-65.87208557128906,0.3532720339079803,0.7732267336422443,26.73510331967314
5.466666666666657,41.1152229309082,-65.8923568725586,0.32851273593120806,0.7785692452564055,26.31906536945337
5.49999999999999,41.099063873291016,-65.9128646850586,0.30374387249444323,0.7832732377335941,25.900203297766563
5.5333333333333234,41.08294677734375,-65.93363189697266,0.27898411098501785,0.7886279764320125,25.50333582062578
5.566666666666657,41.06687927246094,-65.95464324951172,0.25430841923749675,0.7935222012092508,25.093001465284285
5.59999999999999,41.05086135864258,-65.97590637207031,0.22979301965390386,0.7986391861352347,24.721204644129106
5.633333333333323,41.0349006652832,-65.9974136352539,0.20557064872750844,0.8034771259621072,24.35264056408951
5.666666666666656,41.01898956298828,-66.01917266845703,0.1818216910476791,0.8086759746380178,23.914421418366157
5.6999999999999895,41.00313949584961,-66.04117584228516,0.15885518407663055,0.8135280315575991,23.552378599370083
5.733333333333323,40.98735427856445,-66.06341552734375,0.13716862775945574,0.8181680809103533,23.128298473893945
5.766666666666656,40.97163772583008,-66.08589172363281,0.1175802591066243,0.822782162257527,22.761717260815665
5.799999999999989,40.95598602294922,-66.10860443115234,0.10144151113234608,0.8275014183339058,22.352520197497665
5.833333333333322,40.940406799316406,-66.13156127929688,0.09074804713709171,0.8323197565593564,22.011959828094753
5.866666666666656,40.924903869628906,-66.15474700927734,0.08418826448566602,0.8367359280325536,21.635114551126716
5.899999999999989,40.90947341918945,-66.17817687988281,0.07743808236687859,0.8416364260285345,21.241353647259196
5.933333333333322,40.89411926269531,-66.20184326171875,0.070462362316194,0.8463232099888658,20.865100951264402
5.966666666666655,40.878841400146484,-66.22573852539062,0.06326671043897496,0.8508566500935294,20.492572015738492
5.9999999999999885,40.8636474609375,-66.2498779296875,0.055834739657964705,0.8556926817759224,20.1631755110113
6.033333333333322,40.848533630371094,-66.27424621582031,0.048180249617177213,0.8602424769194975,19.802638891288023
6.066666666666655,40.83350372314453,-66.2988510131836,0.040295046777977274,0.8649651715962249,19.414408816592033
6.099999999999988,40.81856155395508,-66.32369232177734,0.032176543707116485,0.8696684020145516,19.100033101686694
6.133333333333321,40.803707122802734,-66.34877014160156,0.023824740404585213,0.874411833632259,18.745331128528772
6.1666666666666545,40.7889404296875,-66.37408447265625,0.015239636870388273,0.8791948157690898,18.417423032441242
6.199999999999988,40.77426528930664,-66.39961242675781,0.006435463987417591,0.8833643456855557,18.07073291091777
6.233333333333321,40.75968933105469,-66.42536926269531,0.002604165321598051,0.887854628205865,17.70697321329648
6.266666666666654,40.745208740234375,-66.45134735107422,0.011871057518013003,0.89224084623762,17.376385233611302
6.299999999999987,40.7308235168457,-66.47755432128906,0.021370818707230937,0.8968645080531004,17.061871579026114
6.333333333333321,40.7165412902832,-66.50397491455078,0.03109741154496461,0.9010143003833974,16.715461493542975
6.366666666666654,40.70235824584961,-66.53062438964844,0.04105946080875449,0.9056588458946923,16.381434609004742
6.399999999999987,40.68827819824219,-66.55747985839844,0.051242735615686964,0.9096799152276276,16.10100445573147
6.43333333333332,40.6743049621582,-66.58454895019531,0.06165542950441892,0.9138863997400156,15.771792728836393
6.4666666666666535,40.660438537597656,-66.61183166503906,0.07229754247492948,0.9181295297532058,15.429215394946251
6.499999999999987,40.64667892456055,-66.63932800292969,0.08316907452721946,0.9224087995535218,15.163222975680608
6.53333333333332,40.63302993774414,-66.66702270507812,0.09426140088378933,0.9262625067358553,14.81514314574192
6.566666666666653,40.61949157714844,-66.69491577148438,0.10557452154463429,0.9301501626331543,14.551772816659977
6.599999999999986,40.6060676574707,-66.72301483154297,0.11711663004838553,0.9342285138667362,14.24535092916059
6.6333333333333195,40.59275436401367,-66.75131225585938,0.12887953285641668,0.9381839931773479,13.975097540373692
6.666666666666653,40.57955551147461,-66.77981567382812,0.1408714235073541,0.9423317302437922,13.700858421239325
6.699999999999986,40.566471099853516,-66.80850982666016,0.15308108979044105,0.946097569385083,13.428191098856704
6.733333333333319,40.553504943847656,-66.83740234375,0.16551672524431357,0.9500572987034396,13.161496124729863
6.766666666666652,40.540653228759766,-66.86648559570312,0.17817013633033563,0.953887788150335,12.860829886076235
6.799999999999986,40.52791976928711,-66.895751953125,0.19103830437636077,0.9574939165331785,12.57471652452736
6.833333333333319,40.51530838012695,-66.9251937866211,0.20411821071029,0.9608755520589297,12.318581248261996
6.866666666666652,40.5028190612793,-66.95481872558594,0.21741546143748036,0.9644988774250726,12.08042565713752
6.899999999999985,40.490447998046875,-66.98462677001953,0.2309274691246843,0.9681975245837555,11.812509723135646
6.9333333333333185,40.47819900512695,-67.01461029052734,0.24465121509978666,0.9716709302203284,11.532804344734306
6.966666666666652,40.466068267822266,-67.04476165771484,0.25857850582413616,0.9750044911423279,11.300281256878264
6.999999999999985,40.45406723022461,-67.07508087158203,0.27271710359750057,0.9782390656941443,11.009905621042188
7.033333333333318,40.44218826293945,-67.10556030273438,0.2870562274479971,0.9813740512256515,10.796180401808428
7.066666666666651,40.43043518066406,-67.13619995117188,0.3015984648088571,0.9844951495112242,10.586596131213023
7.0999999999999845,40.41880798339844,-67.1669921875,0.3163382095747285,0.9874300891236669,10.352051637191495
7.133333333333318,40.40730667114258,-67.19792938232422,0.33126985564020195,0.9901773510228377,10.124702650430097
7.166666666666651,40.395931243896484,-67.22901916503906,0.34639900911067634,0.9931653643067867,9.897765504959809
7.199999999999984,40.38468551635742,-67.2602310180664,0.361705832997876,0.9952796298302313,9.665369658102913
7.233333333333317,40.373573303222656,-67.29157257080078,0.3771985208404219,0.9975955030465304,9.448007860482408
7.266666666666651,40.362586975097656,-67.32304382324219,0.3928718977718234,1.0000126110758787,9.255460460017257
7.299999999999984,40.35173034667969,-67.35462951660156,0.4087173390145668,1.0019831161444195,8.990703043579662
7.333333333333317,40.34054183959961,-67.3856201171875,0.4239003973444849,0.9884533442819956,8.828298249459477
7.36666666666665,40.329036712646484,-67.41605377197266,0.4384594530215006,0.9760726206643789,8.634379469691247
7.3999999999999835,40.317230224609375,-67.44593048095703,0.45240485577861866,0.9637477935418045,8.40574319249195
7.433333333333317,40.30513381958008,-67.47528076171875,0.4657667923371517,0.9523580187524359,8.23118607769663
7.46666666666665,40.29277038574219,-67.50411987304688,0.4785719995073516,0.9413256368621319,8.050754240382009
7.499999999999983,40.28014373779297,-67.53246307373047,0.49083427693325327,0.9308557015357328,7.823429567074495
7.533333333333316,40.267269134521484,-67.5603256225586,0.5025751865586344,0.9207982042434647,7.6440736633330815
7.5666666666666496,40.25416564941406,-67.58772277832031,0.5138188777605195,0.9110844742465296,7.466513370694586
7.599999999999983,40.240840911865234,-67.61467742919922,0.5245873437215592,0.9020485858721716,7.3354532948709155
7.633333333333316,40.22730255126953,-67.64119720458984,0.5348913654136478,0.8932676670235176,7.180175691705929
7.666666666666649,40.21357727050781,-67.66728973388672,0.5447546609749316,0.8844676791079809,7.0029682112382465
7.699999999999982,40.199668884277344,-67.6929702758789,0.5541910300494359,0.8761507290949192,6.845009822824347
7.733333333333316,40.18513107299805,-67.71762084960938,0.5624436484105992,0.8585446219215136,6.699524124785924
7.766666666666649,40.16999053955078,-67.74127960205078,0.5695586586180864,0.8426595327511366,6.542089973028484
7.799999999999982,40.15427017211914,-67.76397705078125,0.5755740096929527,0.828295670610586,6.409406596385402
7.833333333333315,40.137996673583984,-67.78575134277344,0.5805358441948838,0.8155071377377981,6.29128716193096
7.8666666666666485,40.121192932128906,-67.806640625,0.5844877172503075,0.8042729977731952,6.163412177567954
7.899999999999982,40.103878021240234,-67.82667541503906,0.58746499044702,0.7944048438250922,6.023172663729251
7.933333333333315,40.086090087890625,-67.84588623046875,0.5895159625390777,0.7854421697943766,5.902703765212643
7.966666666666648,40.06784439086914,-67.86430358886719,0.590673407681019,0.7777493781152577,5.793041509859694
7.999999999999981,40.04916763305664,-67.88196563720703,0.5909834684325295,0.7711629597894218,5.702743216872897
8.033333333333315,40.03007125854492,-67.89888000488281,0.5904595131987509,0.7653042649998768,5.589179630411198
8.066666666666649,40.01059341430664,-67.91510009765625,0.5891666590498885,0.760414389116026,5.5079194479746425
8.099999999999982,39.99074172973633,-67.93063354492188,0.5871156869578412,0.7562007853803264,5.377895701262785
8.133333333333315,39.970542907714844,-67.94551086425781,0.5843471333768911,0.7525917469060871,5.378912442350166
8.166666666666648,39.950008392333984,-67.95975494384766,0.580885578922951,0.7497360287192408,5.263893216270571
8.199999999999982,39.92915725708008,-67.973388671875,0.5767607790784297,0.7473844681087798,5.196517179447354
8.233333333333315,39.90800476074219,-67.98643493652344,0.5719999018924982,0.7455667712159602,5.133749033661999
8.266666666666648,39.88657760620117,-67.9989242553711,0.5666434838194584,0.7440399406635972,5.06176514440405
8.299999999999981,39.86488342285156,-68.0108642578125,0.5607023058311741,0.7428870200484932,4.9922580842412065
8.333333333333314,39.84294891357422,-68.02228546142578,0.554216904381973,0.7418961721781,4.947979664821647
8.366666666666648,39.820770263671875,-68.03319549560547,0.5471902981439701,0.7415047009718911,4.930035125789624
8.39999999999998,39.798377990722656,-68.04362487792969,0.539665611004721,0.7410582387014777,4.885659633815631
8.433333333333314,39.77577209472656,-68.05357360839844,0.5316428429642247,0.7409476328010218,4.814364305542693
8.466666666666647,39.75297164916992,-68.06307983398438,0.5231629617156572,0.7410841910504227,4.813761400475438
8.49999999999998,39.729984283447266,-68.0721435546875,0.5142311421255291,0.7412914502854241,4.811899762828569
8.533333333333314,39.70681381225586,-68.0807876586914,0.5048667899432323,0.7419111418060262,4.818698827848917
8.566666666666647,39.6834716796875,-68.08902740478516,0.4950888796793073,0.742612760242846,4.818698827848917
8.59999999999998,39.65995788574219,-68.09686279296875,0.4848974113337388,0.7435473302495235,4.821641640420619
8.633333333333313,39.63627624511719,-68.10432434082031,0.4743173967612976,0.7448793990502938,4.8026453427944915
8.666666666666647,39.6124382019043,-68.11141204833984,0.4633565982617722,0.7460825101098769,4.791950412608812
8.69999999999998,39.58844757080078,-68.11814880371094,0.45203442158454016,0.7475565719779599,4.836417177716735
8.733333333333313,39.5643196105957,-68.12454223632812,0.44036682256800597,0.7488197378939178,4.861821908895358
8.766666666666646,39.54005432128906,-68.13059997558594,0.42835940731754196,0.750300221941557,4.854933582146967
8.79999999999998,39.515663146972656,-68.1363296508789,0.4160255442383059,0.7516533157956234,4.9226547612408895
8.833333333333313,39.491146087646484,-68.14175415039062,0.4033820516464268,0.7532995776317026,4.931434417601556
8.866666666666646,39.46651077270508,-68.1468734741211,0.3904341044084152,0.7548480614982416,4.961780950057853
8.899999999999979,39.44175720214844,-68.15170288085938,0.37719291473504873,0.7566083413971246,5.0327843135984764
8.933333333333312,39.41690444946289,-68.15625,0.3636770258979529,0.7579591332487498,5.09782069305179
8.966666666666645,39.39194869995117,-68.1605224609375,0.34988945656927906,0.759565020612918,5.133173369871705
8.999999999999979,39.36690139770508,-68.1645278930664,0.3358435751541536,0.7609663282378549,5.205836660413178
9.033333333333312,39.34176254272461,-68.16828155517578,0.3215505938633428,0.762526594988238,5.2387544467957605
9.066666666666645,39.316532135009766,-68.1717758178711,0.3070049065914792,0.7641367748754078,5.339222333621256
9.099999999999978,39.29121780395508,-68.17503356933594,0.29222850652118715,0.7656928047315756,5.4000828839347585
9.133333333333312,39.265811920166016,-68.17805480957031,0.2772162187859923,0.7675468332886533,5.491536304586437
9.166666666666645,39.24031448364258,-68.18083953857422,0.2619680433858584,0.7694716280687217,5.548938763389061
9.199999999999978,39.214717864990234,-68.18340301513672,0.24649001766508322,0.7717398970300803,5.610595084216705
9.233333333333311,39.189029693603516,-68.18574523925781,0.23078731649014592,0.7738419391091326,5.716046348983985
9.266666666666644,39.163238525390625,-68.18787384033203,0.21485778366666716,0.7763657451787184,5.8040401916298086
9.299999999999978,39.137351989746094,-68.18978881835938,0.1987065940611727,0.7787181015417047,5.9125579750839945
9.33333333333331,39.111358642578125,-68.1915054321289,0.18233719758465072,0.781499055562746,5.968941684053647
9.366666666666644,39.085262298583984,-68.1930160522461,0.16574657556498057,0.7842008854235463,6.07864668126015
9.399999999999977,39.059059143066406,-68.19432830810547,0.14893774667429335,0.7870798161984363,6.154469404369626
9.43333333333331,39.03274917602539,-68.1954574584961,0.1319219231233402,0.7900255765945678,6.266962291953485
9.466666666666644,39.00632095336914,-68.1963882446289,0.11468013040160632,0.7933382532274779,6.266962291953485
9.499999999999977,38.979774475097656,-68.1971435546875,0.09722918682524732,0.7967166382803264,6.472730213347064
9.53333333333331,38.953102111816406,-68.19770812988281,0.07955270531696544,0.8003501342177197,6.5687348314682685
9.566666666666643,38.92631149291992,-68.1980972290039,0.061667072954058426,0.803803329854033,6.664757424396321
9.599999999999977,38.899375915527344,-68.19830322265625,0.04354857159836369,0.8080909519173782,6.795623325289837
9.63333333333331,38.87229919433594,-68.1983413696289,0.0252110008938904,0.8123024418908292,6.929885938856695
9.666666666666643,38.845062255859375,-68.19820404052734,0.00663581756899205,0.8171185404654382,6.996565034693748
9.699999999999976,38.81767272949219,-68.19789123535156,0.012171803509816075,0.8217393756703943,7.099752680118467
9.73333333333331,38.79011535644531,-68.19741821289062,0.031210999864782898,0.8268429739339058,7.213669008041626
9.766666666666643,38.76239776611328,-68.19676971435547,0.05048780884017478,0.8317552691434968,7.314327660326828
9.799999999999976,38.73495864868164,-68.19660186767578,0.0692225505490195,0.8231889237239054,7.436361708252311
9.833333333333309,38.70779037475586,-68.19689178466797,0.08743721817395665,0.8150946227106274,7.51979599901731
9.866666666666642,38.68086624145508,-68.19763946533203,0.10514992374777643,0.8080353843343036,7.613337658970625
9.899999999999975,38.6541862487793,-68.19882202148438,0.12237748558661757,0.8011856235666417,7.731933636545538
9.933333333333309,38.62772750854492,-68.20043182373047,0.13914103439538061,0.7952300033672627,7.809788497671721
9.966666666666642,38.60148620605469,-68.20245361328125,0.15545436981807387,0.7895721819026214,7.937345701124248
9.999999999999975,38.575443267822266,-68.20487213134766,0.17134164123174356,0.784649906183482,7.9970962457140615
10.033333333333308,38.549598693847656,-68.20767211914062,0.18681406084714555,0.7798741834506687,8.103917662052275
10.066666666666642,38.52393341064453,-68.21085357666016,0.20188456583054923,0.775851526041338,8.159484361972819
10.099999999999975,38.498443603515625,-68.21440124511719,0.21656695582596294,0.7720651507838371,8.215471661566317
10.133333333333308,38.47358703613281,-68.21898651123047,0.23005740156939963,0.7582784756587208,8.352358590179554
10.166666666666641,38.4493408203125,-68.2245864868164,0.24238824597651015,0.7465352217755311,8.40762327797585
10.199999999999974,38.42568588256836,-68.23115539550781,0.2536060628458686,0.736502530184168,8.479189383700596
10.233333333333308,38.40260314941406,-68.23866271972656,0.26374621376524093,0.7281862660872668,8.516470768736749
10.26666666666664,38.380062103271484,-68.2470932006836,0.2728406104114514,0.7219796349841403,8.578144937744224
10.299999999999974,38.35804748535156,-68.25640869140625,0.280927633044402,0.7171328974518154,8.645975258665922
10.333333333333307,38.336544036865234,-68.26659393310547,0.2880288436078752,0.7138092887796464,8.713932934814071
10.36666666666664,38.315528869628906,-68.27760314941406,0.29419340333368216,0.7117275377068257,8.766827899306174
10.399999999999974,38.29499053955078,-68.2894058227539,0.2994514989431042,0.7106430118762622,8.776737907469156
10.433333333333307,38.27490997314453,-68.30197143554688,0.3038384920239489,0.7106415375228022,8.850517041928635
10.46666666666664,38.255271911621094,-68.31527709960938,0.307381550625356,0.7116352583228142,8.850517041928635
10.499999999999973,38.23605728149414,-68.32929992675781,0.30237959554766686,0.7136228155934432,19.7723431231957
10.533333333333307,38.21725845336914,-68.34400177001953,0.2926760980982491,0.7159511999772696,19.717798238314323
10.56666666666664,38.19886016845703,-68.35935974121094,0.2822389170602081,0.7189768773339614,19.684753219583854
10.599999999999973,38.18084716796875,-68.37535858154297,0.27108655643326696,0.7227641183018049,19.626892210393592
10.633333333333306,38.163204193115234,-68.3919677734375,0.25925232341691573,0.7269290442429939,19.604512978616427
10.66666666666664,38.14592361450195,-68.4091567993164,0.24676767481065245,0.7312133116184031,19.599377727628454
10.699999999999973,38.128997802734375,-68.42689514160156,0.2336640674140011,0.7355397351028451,19.58015955750889
10.733333333333306,38.11240768432617,-68.4451675415039,0.21996093042664633,0.7404062157292001,19.56320343830567
10.766666666666639,38.09614562988281,-68.46395874023438,0.2056749174483349,0.7455247869803386,19.550315027791054
10.799999999999972,38.080204010009766,-68.48323822021484,0.19083748527857694,0.7504999888371862,19.560022070014863
10.833333333333306,38.064571380615234,-68.50299835205078,0.17545881111722145,0.7558820812562987,19.59519139691004
10.866666666666639,38.04923629760742,-68.52320098876953,0.15957867856365618,0.7609074655446988,19.57260425550212
10.899999999999972,38.0341911315918,-68.54383850097656,0.1432063396177238,0.7661837491618921,19.536830762475308
10.933333333333305,38.01942825317383,-68.56489562988281,0.12635844787916073,0.7714990157235077,19.57022520351339
10.966666666666638,38.004940032958984,-68.58634948730469,0.10905905854761948,0.7766330349301099,19.618713737900062
10.999999999999972,37.9907112121582,-68.60820007324219,0.09131187242301336,0.782251048240612,19.635852405081664
11.033333333333305,37.97673797607422,-68.63043212890625,0.07313261790512932,0.7877588864226559,19.624136430891618
11.066666666666638,37.9630126953125,-68.65301513671875,0.054552751793448165,0.7928038953377428,19.69238901349823
11.099999999999971,37.94953155517578,-68.67594146728516,0.035580600887859665,0.7978859538576829,19.747425606518892
11.133333333333304,37.936283111572266,-68.69920349121094,0.01622634238819726,0.8031056677270046,19.739739585463965
11.166666666666638,37.92326354980469,-68.7227783203125,0.0034868937058979777,0.8079315566363863,19.814376358300898
11.19999999999997,37.91046142578125,-68.74665832519531,0.023548930194577086,0.8128555292566829,19.814376358300898
11.233333333333304,37.89788055419922,-68.77083587646484,0.043953290677931946,0.8176485086141454,19.906815914494157
11.266666666666637,37.8855094909668,-68.7952880859375,0.06467499475638468,0.822106062643815,19.94697921758164
11.29999999999997,37.87334060668945,-68.82001495361328,0.08571219202991745,0.8267706796021989,20.025718185999313
11.333333333333304,37.86137008666992,-68.8449935913086,0.1070417524989323,0.8309651747134271,20.08931689913908
11.366666666666637,37.8495979309082,-68.8702163696289,0.1286562745635165,0.8350419017788357,20.16924945451368
11.39999999999997,37.83802032470703,-68.89566040039062,0.1505326282240324,0.8386272712459529,20.259650126409927
11.433333333333303,37.826629638671875,-68.92130279541016,0.17264675828086543,0.8417553894215742,20.29860851701349
11.466666666666637,37.815425872802734,-68.9471435546875,0.1949986647340155,0.8449510569921389,20.42016503031419
11.49999999999997,37.804405212402344,-68.9731674194336,0.21757261918371296,0.8478365660817817,20.48387771369053
11.533333333333303,37.79356384277344,-68.9993667602539,0.24036029483009733,0.8506154709176864,20.60598907096139
11.566666666666636,37.78289794921875,-69.02572631835938,0.26334596327340065,0.8530702374083607,20.675051071364305
11.59999999999997,37.772403717041016,-69.05224609375,0.28652869931364755,0.855619457581731,20.784909320300024
11.633333333333303,37.7620735168457,-69.07891845703125,0.309899250950992,0.8580881068829628,20.879634311368186
11.666666666666636,37.75191116333008,-69.10572814941406,0.3334437401856253,0.8601335542657392,21.01818252968383
11.699999999999969,37.74190902709961,-69.13267517089844,0.35716031661758463,0.8623028623673942,21.12041396238426
11.733333333333302,37.7320671081543,-69.15975952148438,0.3810489802468839,0.8645130847299344,21.221128029160838
11.766666666666636,37.722381591796875,-69.18696594238281,0.405094002673755,0.8663709994520484,21.357793290390084
11.799999999999969,37.71284866333008,-69.21427154541016,0.4292722538985553,0.8676551236844945,21.4900905552342
11.833333333333302,37.70347213745117,-69.2416763305664,0.45358465912127716,0.8689345995621403,21.614176670764714
11.866666666666635,37.694244384765625,-69.26918029785156,0.4780293679419391,0.8703204423910234,21.741742329197884
11.899999999999968,37.68516540527344,-69.2967758178711,0.5025989787606748,0.8715196695377104,21.909045771947874
11.933333333333302,37.67623519897461,-69.32445526123047,0.5272860899775855,0.8725308890245838,22.038203365574983
11.966666666666635,37.667449951171875,-69.35220336914062,0.5520749731929013,0.8731690926700352,22.192029754414087
11.999999999999968,37.65880584716797,-69.38003540039062,0.5769795064064415,0.8743044365541057,22.310763277196532
12.033333333333301,37.65030288696289,-69.4079360961914,0.6019848864183978,0.8750281381619606,22.484715530392194
12.066666666666634,37.641937255859375,-69.4359130859375,0.6270975896287075,0.87602863258676,22.649864950102838
12.099999999999968,37.63370895385742,-69.46395874023438,0.6523102144374581,0.8768336848557154,22.80244060782075
12.1333333333333,37.62561798095703,-69.4920654296875,0.677615359244766,0.8774422209127717,22.96357913149497
12.166666666666634,37.61765670776367,-69.5202407836914,0.7030185752505659,0.8783559641137895,23.17681948877121
12.199999999999967,37.609832763671875,-69.5484848022461,0.7285217128548066,0.8792296723508515,23.328502872499588
12.2333333333333,37.602134704589844,-69.5767822265625,0.7541071932577695,0.8797749160528875,23.52207986863965
12.266666666666634,37.59457015991211,-69.60514831542969,0.7797916700591978,0.8807222038885794,23.69455693499135
12.299999999999967,37.58713150024414,-69.6335678100586,0.8055584896593467,0.8813065297366556,23.858034566476945
12.3333333333333,37.5798225402832,-69.66204833984375,0.8163221892708981,0.8821027861300428,48.640102568806235
12.366666666666633,37.572635650634766,-69.69058990478516,0.8107752949637755,0.8829751304034534,48.48396884705539
12.399999999999967,37.56557846069336,-69.71917724609375,0.8053605006584016,0.8833662952970328,48.25771232767894
12.4333333333333,37.55864334106445,-69.7478256225586,0.8000710598966869,0.8842753092248977,48.08574953277559
12.466666666666633,37.55183410644531,-69.77652740478516,0.7949103459076762,0.8849532084644758,47.86429762991749
12.499999999999966,37.545143127441406,-69.8052749633789,0.7898703064672093,0.885478510534628,47.66932697647215
12.5333333333333,37.538578033447266,-69.83409118652344,0.7849598643101673,0.8866384031388376,47.4931752681592
12.566666666666633,37.53213119506836,-69.86297607421875,0.7801714024677479,0.8878674540882207,47.275458542883285
12.599999999999966,37.52580261230469,-69.89192962646484,0.7755049209399572,0.889113734410583,47.06132308675696
12.633333333333299,37.519596099853516,-69.92095184326172,0.7709642282111843,0.8903532322343916,46.88383472240253
12.666666666666632,37.51350402832031,-69.95004272460938,0.7665417073126386,0.8916576931951915,46.66436380561179
12.699999999999966,37.50753402709961,-69.97920989990234,0.762245410468474,0.8931564959352684,46.42354435597961
12.733333333333299,37.501678466796875,-70.00843811035156,0.7580668501991806,0.8942696938119401,46.198192408793986
12.766666666666632,37.495941162109375,-70.0377426147461,0.7540107054998666,0.8958256407346687,45.99793886989925
12.799999999999965,37.49032211303711,-70.06710815429688,0.7500761058598174,0.8969491418283003,45.78466762827277
12.833333333333298,37.484825134277344,-70.09654235839844,0.7462672950187924,0.8982929543973825,45.56844650743118
12.866666666666632,37.47944259643555,-70.12602233886719,0.7425753502419097,0.8990199474153124,45.35058718410925
12.899999999999965,37.474178314208984,-70.15555572509766,0.739004515268935,0.8999667841865324,45.11774743823914
12.933333333333298,37.46903610229492,-70.18513488769531,0.7355581633288986,0.900684341494256,44.91041962563016
12.966666666666631,37.464012145996094,-70.21475982666016,0.7322324859374123,0.9014374248981052,44.64650426744941
12.999999999999964,37.4591064453125,-70.24443817138672,0.7290279183498286,0.9024317372605659,44.43775554303646
13.033333333333298,37.454322814941406,-70.27415466308594,0.7259473985398318,0.9029715934586695,44.1780113851588
13.066666666666631,37.44965744018555,-70.30390167236328,0.722986682767651,0.9033190213335965,43.97816965567281
13.099999999999964,37.44511032104492,-70.33368682861328,0.7201462062886642,0.9039074304287785,43.717939892131625
13.133333333333297,37.4406852722168,-70.36351776123047,0.717430212842615,0.9047204198802105,43.509665801033535
13.16666666666663,37.436378479003906,-70.39337921142578,0.7148340234343888,0.9051128150629383,43.25200836162031
13.199999999999964,37.432193756103516,-70.42328643798828,0.7123623170591152,0.9059573366182225,42.99553230870721
13.233333333333297,37.428131103515625,-70.4532241821289,0.7100142232060582,0.9063643325128582,42.76504442705706
13.26666666666663,37.424190521240234,-70.48320007324219,0.707790177130589,0.9070137887783046,42.5620954533926
13.299999999999963,37.42036819458008,-70.51321411132812,0.7056863703483006,0.9076934487969731,42.29157946323228
13.333333333333297,37.41666793823242,-70.54326629638672,0.703706611343599,0.9083739050913463,42.07129910289729
13.36666666666663,37.41309356689453,-70.57337188720703,0.7018555791115951,0.9095111083384834,41.81063862679396
13.399999999999963,37.409637451171875,-70.60350799560547,0.7001243509174205,0.9100092245475814,41.55205955592083
13.433333333333296,37.406307220458984,-70.6336898803711,0.6985214142405921,0.9109516694896014,41.33312975381957
13.46666666666663,37.403099060058594,-70.6639175415039,0.6970429605967028,0.9119229197927313,41.05864048943375
13.499999999999963,37.4000129699707,-70.69417572021484,0.6956881194750373,0.912454490832418,40.81129647028842
13.533333333333296,37.397056579589844,-70.7244873046875,0.6944658136104764,0.9136624965458044,40.56445322272876
13.56666666666663,37.39421844482422,-70.75484466552734,0.6933641822944594,0.9146922594498629,40.30535620927844
13.599999999999962,37.391510009765625,-70.78524017333984,0.692394215724827,0.9154781614444615,40.05264149858289
13.633333333333296,37.3889274597168,-70.81568145751953,0.6915525406725336,0.9165190737441722,39.80832707696561
13.666666666666629,37.38646697998047,-70.8461685180664,0.6908353486531857,0.9175856031943467,39.55696649819611
13.699999999999962,37.38413619995117,-70.8766860961914,0.6902493861248646,0.9181936610238621,39.27114247486341
13.733333333333295,37.381935119628906,-70.9072494506836,0.689795523598285,0.9192752869299623,39.06816334117766
13.766666666666628,37.37985610961914,-70.9378433227539,0.6894652735939291,0.919932911569,38.79193988408759
13.799999999999962,37.37791061401367,-70.9684829711914,0.6892709320757082,0.9210405575065872,38.554225523744655
13.833333333333295,37.37609100341797,-70.99916076660156,0.6892044468194767,0.9219513558494608,38.341227845921274
13.866666666666628,37.3744010925293,-71.02989196777344,0.6892704968203514,0.9233289077301289,38.0051107657855
13.899999999999961,37.372840881347656,-71.06065368652344,0.6894677763122449,0.9240377911356635,37.74985090408068
13.933333333333294,37.37141036987305,-71.09146881103516,0.6897975910612439,0.9254493155092541,37.517765270683306
13.966666666666628,37.370113372802734,-71.12232208251953,0.690262879041021,0.9264156229360837,37.27234991330575
13.999999999999961,37.36894989013672,-71.15324401855469,0.6908653812730261,0.928314514627867,36.99242932234813
14.033333333333294,37.367916107177734,-71.18421173095703,0.6915999835067654,0.929548883478704,36.739919193540345
14.066666666666627,37.36701583862305,-71.21522521972656,0.6924704942266541,0.9307965793961429,36.478962536323834
14.09999999999996,37.36625289916992,-71.24629974365234,0.6934815924278072,0.9325166499536496,36.260689156260774
14.133333333333294,37.365623474121094,-71.27742767333984,0.694629034370454,0.9340287812855835,35.96628842912455
14.166666666666627,37.36512756347656,-71.30860900878906,0.6959128200546069,0.9355583610805147,35.73064621053553
14.19999999999996,37.364768981933594,-71.33984375,0.6973367579646604,0.9371039831915536,35.463953744872576
14.233333333333293,37.36454772949219,-71.37112426757812,0.6989004128452584,0.9384390013945465,35.20225800499455
14.266666666666627,37.36445999145508,-71.40247344970703,0.7006012819780771,0.9404791471920266,34.96970039998464
14.29999999999996,37.3645133972168,-71.43387603759766,0.702446111821198,0.9420789991096455,34.71164512744177
14.333333333333293,37.36470413208008,-71.46533203125,0.7044310938902195,0.9436971573550091,34.45801671108641
14.366666666666626,37.36503219604492,-71.49684143066406,0.7065562281851495,0.9453332162047181,34.17437534631329
14.39999999999996,37.365501403808594,-71.52840423583984,0.7088253231903745,0.94698877704059,33.963299807622526
14.433333333333293,37.366111755371094,-71.56002807617188,0.7112388141612592,0.9488918935991009,33.68191009441502
14.466666666666626,37.366859436035156,-71.59170532226562,0.7137924573580455,0.9505820594843305,33.44497291195725
14.49999999999996,37.36775207519531,-71.6234359741211,0.7164938697495346,0.9522961538612272,33.22491951498602
14.533333333333292,37.368778228759766,-71.65522003173828,0.7193316258825305,0.9540185421549632,32.93500689536489
14.566666666666626,37.36994934082031,-71.68704223632812,0.7223162806995023,0.95531240313031,32.68978468973921
14.599999999999959,37.37126159667969,-71.71891784667969,0.725444896226776,0.9570783121838004,32.45486584795873
14.633333333333292,37.372711181640625,-71.75082397460938,0.7287123582138726,0.9581712093473195,32.216564966324206
14.666666666666625,37.37430191040039,-71.78277587890625,0.7321233456559073,0.9597443125986337,31.978955392903842
14.699999999999958,37.37603759765625,-71.81476593017578,0.735681231781924,0.9611131002278824,31.709780345312154
14.733333333333292,37.37791061401367,-71.84680938720703,0.739379270133842,0.9629445445662286,31.46212653823084
14.766666666666625,37.37992858886719,-71.8788833618164,0.743223771914385,0.9641218090972884,31.25294193652364
14.799999999999958,37.38208770751953,-71.9110107421875,0.7472122344052311,0.9659955106404247,30.966819584585426
14.833333333333291,37.3843879699707,-71.94316864013672,0.7513433518402935,0.9672018646957702,30.76846032510363
14.866666666666625,37.38683319091797,-71.97537994384766,0.7556222384700596,0.9691194317602357,30.5190402150104
14.899999999999958,37.38942337036133,-72.00762939453125,0.7600480237838013,0.9705990361875043,30.297861827076453
14.933333333333291,37.39215850830078,-72.03993225097656,0.7646215782922468,0.9725533212461273,30.05323635637232
14.966666666666624,37.39503479003906,-72.07227325439453,0.7693382230002725,0.9740596228399641,29.807843363595754
14.999999999999957,37.39805603027344,-72.10465240478516,0.7742017663922819,0.9755939448947322,29.575594683555664
15.03333333333329,37.401222229003906,-72.1370620727539,0.7792117732129155,0.9769187545650341,29.32219597461106
15.066666666666624,37.4045295715332,-72.16952514648438,0.7843657407438449,0.9789334520652319,29.111325640327774
15.099999999999957,37.407981872558594,-72.20201873779297,0.789666171703393,0.9802941765867271,28.92006793664331
15.13333333333329,37.411582946777344,-72.23455810546875,0.7951177450866886,0.982140705724878,28.64364213744707
15.166666666666623,37.41532516479492,-72.26713562011719,0.8007124086695655,0.9837524031605828,28.413946340786083
15.199999999999957,37.419212341308594,-72.29975128173828,0.8064539709364172,0.9853945259677045,28.19093999968471
15.23333333333329,37.42324447631836,-72.33241271972656,0.8123428671426086,0.9872815605385261,27.981572392092584
15.266666666666623,37.42742156982422,-72.3651123046875,0.8183786620327897,0.9889589830204467,27.77671581981886
15.299999999999956,37.43174743652344,-72.3978500366211,0.8245651640913482,0.990668962554964,27.5369421910634
15.33333333333329,37.43621063232422,-72.43061828613281,0.8308905126097215,0.9921242177955998,27.314276246727207
15.366666666666623,37.44082260131836,-72.46342468261719,0.8373665682964861,0.993869668248123,27.070051713130034
15.399999999999956,37.445579528808594,-72.49626922607422,0.8439895226672256,0.9956169718538076,26.870067709825463
15.43333333333329,37.450477600097656,-72.5291519165039,0.8507555672375463,0.9973646219024717,26.64160203623317
15.466666666666622,37.45552444458008,-72.56206512451172,0.8576718837208865,0.9989368901666195,26.45383954514846
15.499999999999956,37.46071243286133,-72.59501647949219,0.8647312904038079,1.0007179001645394,26.23877785378643
15.533333333333289,37.46604919433594,-72.62801361083984,0.8719418395104706,1.0027774080972398,26.03269065616125
15.566666666666622,37.471527099609375,-72.66104125976562,0.8792950435613567,1.0043653397914887,25.806337548821382
15.599999999999955,37.477149963378906,-72.69410705566406,0.8867951462962256,1.0062142464858317,25.605704759183244
15.633333333333288,37.48291778564453,-72.72721099853516,0.8944421477150692,1.0080798215272588,25.421645641003593
15.666666666666622,37.48883056640625,-72.7603530883789,0.9022360478179028,1.0099619725477853,25.23023474271993
15.699999999999955,37.49489212036133,-72.79353332519531,0.9101806550891065,1.011881167128241,24.980232941854744
15.733333333333288,37.50109100341797,-72.82675170898438,0.9182645440754961,1.0137546327571683,24.79263843885387
15.766666666666621,37.50743865966797,-72.86000061035156,0.926498704974913,1.0154821336654891,24.594422461548447
15.799999999999955,37.51392364501953,-72.8932876586914,0.9348721475895027,1.0173860427439367,24.40558857074581
15.833333333333288,37.52054977416992,-72.92659759521484,0.9433878098929589,1.0188776731491287,24.237984907721476
15.866666666666621,37.527320861816406,-72.95994567871094,0.9520503708803899,1.02085653776666,24.043340625008835
15.899999999999954,37.53423309326172,-72.99333190917969,0.9608560220674093,1.0228281359150482,23.87510282013424
15.933333333333287,37.54128646850586,-73.02674865722656,0.9698043281986458,1.0245907656848572,23.678467856825893
15.96666666666662,37.54848098754883,-73.06019592285156,0.978895289274106,1.0263686539660357,23.512052973068286
15.999999999999954,37.55581283569336,-73.09367370605469,0.9881250968093888,1.0281372325078564,23.317337851498117
16.03333333333329,37.56328201293945,-73.1271743774414,0.9974933155491305,1.0296966703282249,23.14435896820212
16.066666666666624,37.57088851928711,-73.16070556640625,1.0070003807487002,1.0314938754019312,22.975413085005297
16.09999999999996,37.57862854003906,-73.19425201416016,1.0166416134129643,1.0328334184812205,22.766825444173456
16.133333333333294,37.58650588989258,-73.22781372070312,1.0264208220263356,1.034213086414947,22.630760495655995
16.16666666666663,37.594512939453125,-73.26139831542969,1.0363308248753698,1.0357770324984297,22.425279390348564
16.199999999999964,37.6026496887207,-73.29499053955078,1.046370751449345,1.036908766015942,22.29171036146044
16.2333333333333,37.61091613769531,-73.3285903930664,1.0565406017482692,1.0380539010230394,22.11006254319943
16.266666666666634,37.61930465698242,-73.36219024658203,1.0668323235479669,1.0389348732675678,21.95296282456977
16.29999999999997,37.62782287597656,-73.39579010009766,1.0772535338172555,1.039884219513517,21.783484498724018
16.333333333333304,37.63645935058594,-73.42938995361328,1.087792807102932,1.0407617234289765,21.662906183137867
16.36666666666664,37.64522171020508,-73.4629898071289,1.0984577603737837,1.041708304723517,21.525835223102646
16.399999999999974,37.65410614013672,-73.49658966064453,1.1092445851454238,1.0426384446842158,21.355187523860117
16.43333333333331,37.663108825683594,-73.53018951416016,1.1201494729334507,1.0435509824606715,21.206811293765575
16.466666666666644,37.67146682739258,-73.56342315673828,1.130389834600675,1.0280554811974663,21.107052422258754
16.49999999999998,37.679203033447266,-73.5963134765625,1.1399898268195903,1.0136369271262677,20.923671994557278
16.533333333333314,37.68634796142578,-73.62886047363281,1.1489799174653872,0.9996605987542948,20.755203962086362
16.56666666666665,37.69291305541992,-73.66107940673828,1.1573724025019767,0.9864299765548057,20.651700301295527
16.599999999999984,37.69893264770508,-73.6929702758789,1.165201558288957,0.9736204205138584,20.487960041953745
16.63333333333332,37.70441818237305,-73.72455596923828,1.172480116045611,0.9617548565135284,20.365888209938063
16.666666666666654,37.70939636230469,-73.75582885742188,1.1792342999073773,0.9499990682615496,20.268612546943494
16.69999999999999,37.713890075683594,-73.78679656982422,1.185487396036008,0.9387616333390667,20.125024551311824
16.733333333333324,37.71791076660156,-73.8174819946289,1.1912521356507773,0.9284315407243393,20.020258610391068
16.76666666666666,37.72148132324219,-73.8478775024414,1.1965509344027305,0.9181351713736349,19.87941827723385
16.799999999999994,37.72461700439453,-73.87799072265625,1.2013994614848158,0.9082811652771152,19.772162376314736
16.83333333333333,37.72734069824219,-73.90782928466797,1.2058210030588052,0.8988784467282833,19.66815368520572
16.866666666666664,37.728946685791016,-73.93709564208984,1.2090940145517388,0.8793116543505698,19.555660987242767
16.9,37.72947692871094,-73.9657974243164,1.2112608245473808,0.8612003915939842,19.46022748611934
16.933333333333334,37.72897720336914,-73.99395751953125,1.2123684406245918,0.844935866876102,19.350611860527557
16.96666666666667,37.727481842041016,-74.02159881591797,1.2124524449090626,0.8304514641422909,19.262400630996513
17.000000000000004,37.72504425048828,-74.0487289428711,1.2115665914377414,0.8171824012811201,19.192177434596687
17.03333333333334,37.72169494628906,-74.07535552978516,1.2097417833411754,0.8050923377973025,19.114993532864297
17.066666666666674,37.71747970581055,-74.10151672363281,1.2070258987089677,0.7949582908830674,19.042909136583464
17.10000000000001,37.71242141723633,-74.12720489501953,1.2034413531921553,0.7854435620998858,18.95511708092811
17.133333333333344,37.706565856933594,-74.15245056152344,1.1990355896249614,0.7774754898495975,18.88554214308742
17.16666666666668,37.69993209838867,-74.17725372314453,1.1938276504294016,0.7702488045761445,18.80561559010064
17.200000000000014,37.69257354736328,-74.2016372680664,1.1878721601531381,0.7640909517428773,18.75491111767103
17.23333333333335,37.68450927734375,-74.2256088256836,1.1811885964735196,0.7587497762687285,18.705440953703395
17.266666666666683,37.67577362060547,-74.24917602539062,1.1738116710055184,0.754023965542313,18.664986008244487
17.30000000000002,37.6663932800293,-74.27235412597656,1.1657689136506424,0.7501290705519494,18.597160683016362
17.333333333333353,37.65639877319336,-74.29515838623047,1.1570916627948098,0.7469484636568582,18.576600813064104
17.36666666666669,37.64580535888672,-74.31759643554688,1.1477955876309782,0.7443909157276541,18.536256178734206
17.400000000000023,37.634647369384766,-74.33967590332031,1.1379153997741025,0.7421612117293419,18.52828161786383
17.43333333333336,37.62294387817383,-74.36141204833984,1.1274710121568952,0.7406001189245962,18.492694594631043
17.466666666666693,37.610721588134766,-74.3828125,1.1164895194255258,0.7393425015186709,18.480400611371767
17.50000000000003,37.597999572753906,-74.40389251708984,1.1049908345126929,0.7386441066393439,18.441045645239353
17.533333333333363,37.58481216430664,-74.42464447021484,1.0930087985226515,0.7376287481189227,18.445055407215435
17.5666666666667,37.57117462158203,-74.4450912475586,1.0805599511590662,0.7373248590542645,18.445574797411012
17.600000000000033,37.55711364746094,-74.46522521972656,1.067670516557382,0.7367353973070301,18.488632003678926
17.63333333333337,37.54264450073242,-74.48506927490234,1.0543570344212678,0.736768932287246,18.47749488436114
17.666666666666703,37.52778625488281,-74.5046157836914,1.040638111917367,0.7365800214582925,18.483884254191683
17.70000000000004,37.512550354003906,-74.52388763427734,1.0265264802649634,0.7370096407366055,18.50751564876596
17.733333333333373,37.496978759765625,-74.54287719726562,1.0120635975370778,0.7367294243118144,18.523324499101157
17.76666666666671,37.48107147216797,-74.56159210205078,0.9972498989890837,0.7368585439884723,18.54763676516451
17.800000000000043,37.4648551940918,-74.58004760742188,0.9821129145224892,0.7370318974315715,18.598707453512482
17.83333333333338,37.44833755493164,-74.5982437133789,0.9666602611060989,0.7372500307780067,18.659878575691135
17.866666666666713,37.431549072265625,-74.61617279052734,0.9509219713597367,0.7368680084381176,18.72846303442032
17.90000000000005,37.41449737548828,-74.63385772705078,0.934906968018299,0.7369976991429756,18.72846303442032
17.933333333333383,37.3972053527832,-74.65129089355469,0.918637666732809,0.7366385879298414,18.791838197146916
17.96666666666672,37.37967300415039,-74.66848754882812,0.9021149380139949,0.7367478408915328,18.890390679511977
18.000000000000053,37.361915588378906,-74.6854476928711,0.8853540157994555,0.7366648293190393,18.938337331323986
18.03333333333339,37.34393310546875,-74.70217895507812,0.8683553353445399,0.7368679284573624,19.027110433775977
18.066666666666723,37.32574462890625,-74.71868896484375,0.8511383743266134,0.7369267208570199,19.027110433775977
18.10000000000006,37.3073616027832,-74.73497772216797,0.8337145581988799,0.7368401035144073,19.20076354687909
18.133333333333393,37.28879165649414,-74.75106048583984,0.8160923744408419,0.736986006145058,19.262440536277932
18.16666666666673,37.27004623413086,-74.76692199707031,0.7982823779949968,0.7366685538849083,19.396388718669645
18.200000000000063,37.251129150390625,-74.78258514404297,0.7802896831118094,0.7367979419690743,19.442034897966792
18.2333333333334,37.2320442199707,-74.79804992675781,0.7621180982756901,0.7369224288861959,19.563198384374797
18.266666666666733,37.21281051635742,-74.81330871582031,0.7437862306532731,0.7365387963330079,19.708471007072006
18.300000000000068,37.193424224853516,-74.82838439941406,0.7252915775262353,0.736745601061833,19.801762146836626
18.333333333333403,37.17390823364258,-74.84326171875,0.7066561192902511,0.73619813176343,19.93635081128607
18.366666666666738,37.154258728027344,-74.85795593261719,0.6878769179716528,0.736084704968114,20.038260105456203
18.400000000000073,37.13448715209961,-74.87246704101562,0.668965399023625,0.7357572517180051,20.173365234137783
18.433333333333408,37.114593505859375,-74.88679504394531,0.6499215624461816,0.7354889161749838,20.267887454960196
18.466666666666743,37.09458923339844,-74.90094757080078,0.6307572689478684,0.7351315799076843,20.41067971924616
18.500000000000078,37.07447814941406,-74.91493225097656,0.6114767622684525,0.7348634436280841,20.56062943139588
18.533333333333413,37.05426025390625,-74.92874145507812,0.592079607152569,0.7345145846170054,20.739879146071157
18.566666666666748,37.033939361572266,-74.9423828125,0.5725700473399837,0.7342497993221763,20.90330487655374
18.600000000000083,37.01354217529297,-74.95585632324219,0.552974742221485,0.7333639136533519,21.036849910723053
18.633333333333418,36.99306869506836,-74.96916198730469,0.5332936917970801,0.7325187231644101,21.17737472503916
18.666666666666753,36.9725227355957,-74.98230743408203,0.5135311398065274,0.7317412790496441,21.314011907028338
18.700000000000088,36.95189666748047,-74.99529266357422,0.49367946928102463,0.7311947645963814,21.46841799517444
18.733333333333423,36.93121337890625,-75.00811004638672,0.4737610958716083,0.7299831200554713,21.649355266667943
18.766666666666758,36.91046905517578,-75.0207748413086,0.4537730816046065,0.729144428561911,21.808377638301167
18.800000000000093,36.88966369628906,-75.03328704833984,0.43371542648001044,0.7283381459722029,21.988074408368934
18.833333333333428,36.868797302246094,-75.04564666748047,0.41358813049782106,0.7275643800324277,22.182188803132835
18.866666666666763,36.84788513183594,-75.05785369873047,0.39340642759564437,0.7264278593788251,22.3446469642655
18.900000000000098,36.826927185058594,-75.06991577148438,0.37317075302883024,0.7254351928451299,22.58183996417775
18.933333333333433,36.80592346191406,-75.08182525634766,0.35288067154202807,0.7243569521146039,22.753116297628296
18.966666666666768,36.784873962402344,-75.09358978271484,0.3325366183905876,0.7234203199415179,22.91631701185108
19.000000000000103,36.763790130615234,-75.10520935058594,0.3121500190277143,0.72221055676601,23.14463095829531
19.033333333333438,36.74267578125,-75.11668395996094,0.2917246819378088,0.7209259105368665,23.14463095829531
19.066666666666773,36.72152328491211,-75.12801361083984,0.2712529901520619,0.7198681694075241,23.566822342715376
19.100000000000108,36.700340270996094,-75.13920593261719,0.2507429958946469,0.7187414909411751,23.566822342715376
19.133333333333443,36.679134368896484,-75.15026092529297,0.23020231613435171,0.7174348975536491,23.951832315246143
19.166666666666778,36.65790557861328,-75.16117095947266,0.20963051561582124,0.7160456301250305,24.208200195769923
19.200000000000113,36.63665008544922,-75.17194366455078,0.18902422111001707,0.714886318174429,24.38331577597654
19.233333333333448,36.61537551879883,-75.18258666992188,0.16839148484109914,0.7136474441500783,24.639590642532948
19.266666666666783,36.59407424926758,-75.1930923461914,0.14772425458490046,0.7125320945549306,24.844561452495036
19.300000000000118,36.572750091552734,-75.2034683227539,0.1270267740811873,0.7114369491991342,25.102716247732772
19.333333333333453,36.5514030456543,-75.21370697021484,0.10629860807460198,0.710263080398681,25.312322857193056
19.366666666666788,36.530033111572266,-75.22382354736328,0.08554062707585831,0.7093076161184114,25.557682472260534
19.400000000000123,36.508636474609375,-75.23381042480469,0.06474858734519864,0.708377311124704,25.813259074277017
19.433333333333458,36.48721694946289,-75.24366760253906,0.043926297367016635,0.7073641278359691,26.048886869800988
19.466666666666793,36.46577453613281,-75.2533950805664,0.02307375714132645,0.7063715922737344,26.238876364276173
19.500000000000128,36.444305419921875,-75.26300811767578,0.0021880286944349044,0.7056912143497779,26.53436394664596
19.533333333333463,36.422813415527344,-75.27249145507812,0.018727949999964813,0.7047382117234159,26.75332545365663
19.566666666666798,36.40129852294922,-75.28185272216797,0.03967374368652998,0.7038973872362966,27.024403727738356
19.600000000000133,36.379756927490234,-75.29108428955078,0.06065359610500404,0.7030902887508471,27.261317446436944
19.633333333333468,36.358192443847656,-75.30020904541016,0.08166239300491475,0.7024665912609624,27.523510185553093
19.666666666666803,36.33660125732422,-75.3092041015625,0.10270524863674144,0.7016988909826761,27.77170838806902
19.700000000000138,36.31498718261719,-75.31807708740234,0.12377791926072648,0.7009338719449048,28.05918651333614
19.733333333333473,36.29336166381836,-75.32683563232422,0.14486854416830758,0.6999554665978929,28.324166141853492
19.766666666666808,36.27172088623047,-75.33546447753906,0.16598180235460877,0.6989293254079793,28.55962692783056
19.800000000000143,36.25007247924805,-75.34397888183594,0.18710920634010447,0.6978780300786764,28.848027240786802
19.833333333333478,36.22842025756836,-75.35236358642578,0.20824781815112278,0.6965700088668394,29.093436522846076
19.866666666666813,36.20677185058594,-75.36062622070312,0.229389585563495,0.6951490380270531,29.38367270635782
19.900000000000148,36.18512725830078,-75.36876678466797,0.2505345085772307,0.6937445071283248,29.642416808929873
19.933333333333483,36.16349792480469,-75.37678527832031,0.2716711617391236,0.6920345924476089,29.967672275226896
19.966666666666818,36.141876220703125,-75.38467407226562,0.29280759727334155,0.6904766776296006,30.23000286224155
20.000000000000153,36.12026596069336,-75.39244079589844,0.3139395714401191,0.688906960561691,30.49119701082086
20.033333333333488,36.09866714477539,-75.40008544921875,0.33506708423945625,0.6873533415219997,30.779217346527275
20.066666666666823,36.077083587646484,-75.40760040283203,0.35618676244231534,0.6856325688966911,31.083763023951803
20.100000000000158,36.055519104003906,-75.41499328613281,0.37729436230893104,0.6838958330352589,31.39599672738404
20.133333333333493,36.033973693847656,-75.4222640991211,0.39838988383931734,0.6821748150440912,31.68065052560188
20.166666666666828,36.0124397277832,-75.42941284179688,0.41948094400225533,0.6806868550799254,31.97006776192235
20.200000000000163,35.99092483520508,-75.43643951416016,0.44055992582895775,0.6789979782254457,32.296570248121725
20.233333333333498,35.969417572021484,-75.4433364868164,0.46163869002798524,0.6775821288393641,32.622285454525965
20.266666666666833,35.94792556762695,-75.45011901855469,0.482708749119806,0.6761050885090341,32.87964215183331
20.300000000000168,35.92644500732422,-75.45677947998047,0.5037743468441933,0.6746840709482885,33.18867561015624
20.333333333333503,35.90497589111328,-75.46331024169922,0.5248359184564972,0.6732135022080639,33.51191560375208
20.366666666666838,35.883514404296875,-75.4697265625,0.5302734375,0.6720030729768917,52.938494351219724
20.400000000000173,35.862060546875,-75.47602081298828,0.5239791870117188,0.6707436386121249,52.60322065085167
20.433333333333508,35.84061050415039,-75.4822006225586,0.5177993774414062,0.6696752506189878,52.292382056967114
20.466666666666843,35.81917190551758,-75.48825073242188,0.511749267578125,0.6682780907877668,51.97081296482339
20.500000000000178,35.7977409362793,-75.49417877197266,0.5058212280273438,0.6670721744061924,51.62529511208173
20.533333333333513,35.776309967041016,-75.49999237060547,0.5000076293945312,0.6661650954530994,51.3314732240181
20.566666666666848,35.75489044189453,-75.50568389892578,0.49431610107421875,0.6648838973156261,51.00963215857087
20.600000000000183,35.73347091674805,-75.5112533569336,0.48874664306640625,0.6639528808594002,50.67495880246746
20.633333333333518,35.71205520629883,-75.5167007446289,0.48329925537109375,0.6629298741745142,50.33431763111471
20.666666666666853,35.69063186645508,-75.52203369140625,0.47796630859375,0.6623139967203687,50.03834328331398
20.700000000000188,35.6692008972168,-75.5272445678711,0.47275543212890625,0.6616613245623608,49.709260521613665
20.733333333333523,35.647762298583984,-75.53233337402344,0.4676666259765625,0.6610283756810031,49.34507770412117
20.766666666666858,35.62631607055664,-75.53730010986328,0.46269989013671875,0.6604152067852858,49.04028601189749
20.800000000000193,35.604854583740234,-75.54215240478516,0.45784759521484375,0.6600955719755056,48.667637612056716
20.833333333333528,35.5833740234375,-75.54688262939453,0.45311737060546875,0.6598564587825827,48.35015272680661
20.866666666666863,35.56186294555664,-75.5514907836914,0.44850921630859375,0.6599737887660271,48.035243241700904
20.900000000000198,35.54032516479492,-75.55598449707031,0.4440155029296875,0.6600473574407074,47.69791867640094
20.933333333333533,35.51875305175781,-75.56035614013672,0.43964385986328125,0.6603185531145509,47.348823448520825
20.966666666666868,35.49713897705078,-75.56460571289062,0.435394287109375,0.6608361253962161,47.009688614027276
21.000000000000203,35.47549057006836,-75.56874084472656,0.4312591552734375,0.6611940382062141,46.671972165372324
21.033333333333537,35.45381164550781,-75.57274627685547,0.42725372314453125,0.6613753329063924,46.34660449133553
21.066666666666872,35.43209457397461,-75.5766372680664,0.42336273193359375,0.6618866275455857,45.999348398645296
21.100000000000207,35.41034698486328,-75.58040618896484,0.41959381103515625,0.6621526691061911,45.65964417555857
21.133333333333542,35.38856887817383,-75.58404541015625,0.41595458984375,0.6624023518009767,45.29808820283523
21.166666666666877,35.36676025390625,-75.58757019042969,0.4124298095703125,0.6627489355543097,44.9819891924795
21.200000000000212,35.34490966796875,-75.5909652709961,0.40903472900390625,0.6633831548042323,44.65534352464671
21.233333333333547,35.323020935058594,-75.59424591064453,0.40575408935546875,0.6639964626589148,44.29565123639743
21.266666666666882,35.30108642578125,-75.59739685058594,0.4026031494140625,0.6647901983159841,43.94139068596176
21.300000000000217,35.27910614013672,-75.60041809082031,0.3995819091796875,0.6656085671114019,43.618964152966534
21.333333333333552,35.2570686340332,-75.60331726074219,0.3966827392578125,0.6668216968189876,43.25494323888632
21.366666666666887,35.23497772216797,-75.60609436035156,0.3939056396484375,0.6679435622491988,42.9205488237385
21.400000000000222,35.212825775146484,-75.6087417602539,0.39125823974609375,0.6692874829077727,42.60323509463611
21.433333333333557,35.19061279296875,-75.61125946044922,0.38874053955078125,0.6706562848073814,42.25242141675181
21.466666666666892,35.168331146240234,-75.61365509033203,0.38634490966796875,0.6723018229358119,41.858788805218886
21.500000000000227,35.1459846496582,-75.61591339111328,0.38408660888671875,0.6738095047700023,41.50309595515332
21.533333333333562,35.123565673828125,-75.61804962158203,0.38195037841796875,0.6756156911267817,41.22398154773675
21.566666666666897,35.10107421875,-75.62004852294922,0.37995147705078125,0.6774031608919115,40.90780613206303
21.600000000000232,35.07850646972656,-75.62191772460938,0.378082275390625,0.679350785491616,40.542855245392616
21.633333333333567,35.05585861206055,-75.6236572265625,0.3763427734375,0.6814368580540134,40.19355280657382
21.666666666666902,35.03313064575195,-75.6252670288086,0.37473297119140625,0.683547163125187,39.84346242415946
21.700000000000237,35.01032257080078,-75.6267318725586,0.37326812744140625,0.6856519854643237,39.84346242415946
21.733333333333572,34.98743438720703,-75.6280746459961,0.37192535400390625,0.687826133447324,39.14227160213352
21.766666666666907,34.964473724365234,-75.6292724609375,0.3707275390625,0.6897565649500372,38.844832268575516
21.800000000000242,34.94144058227539,-75.63034057617188,0.369659423828125,0.6917368388457796,38.50563102900112
21.833333333333577,34.9183349609375,-75.63126373291016,0.36873626708984375,0.6937216734368896,38.175439182924165
21.866666666666912,34.895164489746094,-75.6320571899414,0.36794281005859375,0.6955215872731804,37.82376151643454
21.900000000000247,34.87193298339844,-75.63272094726562,0.367279052734375,0.6972295998234599,37.50904856722203
21.933333333333582,34.84864044189453,-75.63323974609375,0.36676025390625,0.6989495530735628,37.14330172312749
21.966666666666917,34.825294494628906,-75.63362121582031,0.3663787841796875,0.7004719092108294,36.806371991884824
22.000000000000252,34.801902770996094,-75.63386535644531,0.3661346435546875,0.701789929567808,36.49355387162293
22.033333333333587,34.778465270996094,-75.63397979736328,0.36602020263671875,0.7031333818532122,36.1651739567266
22.066666666666922,34.754981994628906,-75.63394927978516,0.36605072021484375,0.7044988858999377,35.829061864136655
22.100000000000257,34.731449127197266,-75.6337890625,0.3662109375,0.7060023847128786,35.49468410110738
22.133333333333592,34.707881927490234,-75.63348388671875,0.36651611328125,0.7070752653428769,35.18859837640238
22.166666666666927,34.68428039550781,-75.63304901123047,0.36695098876953125,0.7081661427566497,34.84600023471317
22.200000000000262,34.660675048828125,-75.63247680664062,0.367523193359375,0.7083684274195066,34.51855616521235
22.233333333333597,34.63705825805664,-75.63177490234375,0.36822509765625,0.7088165689284055,34.19586804597293
22.266666666666932,34.61345291137695,-75.63094329833984,0.36905670166015625,0.7085997187261592,33.846155678901134
22.300000000000267,34.589866638183594,-75.6299819946289,0.37001800537109375,0.708175648535588,33.53927451593568
22.333333333333602,34.566368103027344,-75.62890625,0.37109375,0.7056943693246561,33.20063812728144
22.366666666666937,34.54296112060547,-75.62771606445312,0.372283935546875,0.7031166553002139,32.852086649046285
22.400000000000272,34.51972961425781,-75.62642669677734,0.37357330322265625,0.6980177795486932,32.552139343666624
22.433333333333607,34.496673583984375,-75.62504577636719,0.3749542236328125,0.6929204325418375,32.222555463114965
22.466666666666942,34.47383117675781,-75.62358093261719,0.3764190673828125,0.6866798392296267,31.90285732917076
22.500000000000277,34.45119094848633,-75.62203216552734,0.37796783447265625,0.680794208344308,31.565789723168926
22.533333333333612,34.42878341674805,-75.62039184570312,0.379608154296875,0.674024713905229,31.24450122822578
22.566666666666947,34.40659713745117,-75.61868286132812,0.381317138671875,0.6675600759254889,30.878280417159917
22.600000000000282,34.38462829589844,-75.61688995361328,0.38311004638671875,0.6612564294725498,30.573373989641112
22.633333333333617,34.36286544799805,-75.6150131225586,0.38498687744140625,0.6553088120794947,30.223309840546097
22.666666666666952,34.34130859375,-75.61305236816406,0.3869476318359375,0.64937529255469,29.834414827532786
22.700000000000287,34.319950103759766,-75.61101531982422,0.38898468017578125,0.6436623295965221,29.5061402509186
22.733333333333622,34.29869079589844,-75.60887145996094,0.3911285400390625,0.6410139431170779,29.15245654653417
22.766666666666957,34.277530670166016,-75.60662078857422,0.39337921142578125,0.6383845223943068,28.840995856443623
22.800000000000292,34.25636291503906,-75.60423278808594,0.3957672119140625,0.6390608446008984,28.476848779591943
22.833333333333627,34.23518753051758,-75.6017074584961,0.39829254150390625,0.6397630649334599,28.127152791905576
22.866666666666962,34.21392822265625,-75.59901428222656,0.4009857177734375,0.6428765295492943,27.80500216524859
22.900000000000297,34.19258499145508,-75.5961685180664,0.40383148193359375,0.6459633910568895,27.45378966798425
22.933333333333632,34.17110061645508,-75.59314727783203,0.40685272216796875,0.650872979562824,27.10655750425593
22.966666666666967,34.14948272705078,-75.5899429321289,0.41005706787109375,0.6556225105297957,26.78090893496354
23.000000000000302,34.127716064453125,-75.58655548095703,0.41344451904296875,0.6608601845124583,26.436213260716187
23.033333333333637,34.10580825805664,-75.5829849243164,0.41701507568359375,0.6659059770318763,26.148811848700507
23.066666666666972,34.0837516784668,-75.57923126220703,0.42076873779296875,0.6712111546980001,25.795329029534543
23.100000000000307,34.061553955078125,-75.5752944946289,0.42470550537109375,0.6763234110569809,25.47695964559181
23.133333333333642,34.0391960144043,-75.57115936279297,0.42884063720703125,0.6821137323258503,25.168524056578192
23.166666666666977,34.01668167114258,-75.56684112548828,0.43315887451171875,0.6877416254186494,24.895577999991414
23.200000000000312,33.99401092529297,-75.56232452392578,0.43767547607421875,0.6934884039021577,24.546655431958094
23.233333333333647,33.971187591552734,-75.5576171875,0.4423828125,0.6991117373633825,24.236427665591602
23.266666666666982,33.94820785522461,-75.5527114868164,0.44728851318359375,0.7049260690430196,23.921977688992833
23.300000000000317,33.92508316040039,-75.54761505126953,0.45238494873046875,0.7103890831065962,23.6125357474536
23.333333333333652,33.90180587768555,-75.54232788085938,0.457672119140625,0.7161057571193769,23.32008330761209
23.366666666666987,33.878387451171875,-75.5368423461914,0.46315765380859375,0.7215694089086393,23.014672311231784
23.400000000000322,33.854820251464844,-75.53116607666016,0.46883392333984375,0.7272342428958098,22.697128355817117
23.433333333333657,33.83111572265625,-75.52529907226562,0.474700927734375,0.7325938738090908,22.697128355817117
23.466666666666992,33.80726623535156,-75.51922607421875,0.48077392578125,0.7383166088992026,22.13680179084396
23.500000000000327,33.78327941894531,-75.51296997070312,0.487030029296875,0.7436770624772716,21.845710599278192
23.533333333333662,33.7591552734375,-75.50650787353516,0.49349212646484375,0.7492394721725103,21.553202700593285
23.566666666666997,33.73489761352539,-75.4998550415039,0.5001449584960938,0.7546024215458269,21.29633927924783
23.600000000000332,33.710506439208984,-75.49301147460938,0.506988525390625,0.759991719123252,21.013276363997342
23.633333333333667,33.68598175048828,-75.48596954345703,0.5140304565429688,0.7654699445971469,20.73962943628506
23.666666666667002,33.66132354736328,-75.47872924804688,0.521270751953125,0.7709759873576352,20.477536578454238
23.700000000000337,33.63654327392578,-75.47129821777344,0.5287017822265625,0.7761146476557516,20.196875155326094
23.733333333333672,33.611629486083984,-75.46366882324219,0.5363311767578125,0.7816738686853872,19.919773025677397
23.766666666667007,33.58659362792969,-75.45584106445312,0.544158935546875,0.7869315097666612,19.650941686232805
23.80000000000034,33.561431884765625,-75.44782257080078,0.5521774291992188,0.7922553903611075,19.424110612041563
23.833333333333677,33.53614807128906,-75.43960571289062,0.560394287109375,0.7975645303359289,19.19219054961873
23.86666666666701,33.51074981689453,-75.43119812011719,0.5688018798828125,0.8026101471324394,18.93231074270876
23.900000000000347,33.48524475097656,-75.422607421875,0.577392578125,0.8073893951442693,18.693260078494195
23.93333333333368,33.459617614746094,-75.413818359375,0.586181640625,0.8127717747950647,18.464298163848525
23.966666666667017,33.43387222290039,-75.40483093261719,0.5951690673828125,0.8180703740597486,18.23452861245457
24.00000000000035,33.40802001953125,-75.3956527709961,0.6043472290039062,0.8229930514919865,18.00332863711502
24.033333333333687,33.38206100463867,-75.38629150390625,0.61370849609375,0.8278607359625386,17.774399395640994
24.06666666666702,33.35599136352539,-75.3767318725586,0.6232681274414062,0.8330134844950221,17.53862082614
24.100000000000357,33.3298225402832,-75.36698913574219,0.6330108642578125,0.8377084263030601,17.328019750227238
24.13333333333369,33.30355453491211,-75.35706329345703,0.6429367065429688,0.8424235313196358,17.328019750227238
24.166666666667027,33.27719497680664,-75.3469467163086,0.6530532836914062,0.8470267369122914,16.891607618101467
24.20000000000036,33.25074768066406,-75.33665466308594,0.6633453369140625,0.8513796153961493,16.73757340732894
24.233333333333697,33.22421646118164,-75.32618713378906,0.6738128662109375,0.8556443765518714,16.48224905445473
24.26666666666703,33.197608947753906,-75.31553649902344,0.6844635009765625,0.8598001003407854,16.274796054415727
24.300000000000367,33.17092514038086,-75.30471801757812,0.695281982421875,0.8638047262165203,16.065227983820485
24.3333333333337,33.14417266845703,-75.29373168945312,0.706268310546875,0.8676143980679668,15.892478128714624
24.366666666667037,33.11735534667969,-75.28257751464844,0.7174224853515625,0.8713357140590582,15.725071101462724
24.40000000000037,33.090476989746094,-75.27125549316406,0.7287445068359375,0.8749690381653997,15.584706583705769
24.433333333333707,33.063541412353516,-75.259765625,0.740234375,0.8785147465519247,15.365949902274572
24.46666666666704,33.036563873291016,-75.24812316894531,0.7518768310546875,0.881476577776539,15.165393384325064
24.500000000000377,33.00954055786133,-75.23633575439453,0.7636642456054688,0.884467323728763,15.165393384325064
24.53333333333371,32.98249053955078,-75.22439575195312,0.775604248046875,0.8870402662853235,14.82559718267272
24.566666666667047,32.955413818359375,-75.21231842041016,0.7876815795898438,0.8894434725761624,14.633187804321036
24.60000000000038,32.928340911865234,-75.20011138916016,0.7998886108398438,0.8909312488520438,14.512843618565109
24.633333333333717,32.901275634765625,-75.18777465820312,0.812225341796875,0.8923293896685974,14.320204459035851
24.66666666666705,32.87423324584961,-75.17533874511719,0.8246612548828125,0.8929437044458248,14.159942234818848
24.700000000000387,32.84722137451172,-75.16278839111328,0.8372116088867188,0.8935531998254556,13.997776274015033
24.73333333333372,32.82025146484375,-75.15013885498047,0.8498611450195312,0.8936711434786014,13.83519043933463
24.766666666667057,32.7933235168457,-75.13739013671875,0.86260986328125,0.8938007499616333,13.641651091257053
24.80000000000039,32.766456604003906,-75.12455749511719,0.8754425048828125,0.8932283730998339,13.511357029709927
24.833333333333727,32.73963928222656,-75.11162567138672,0.8883743286132812,0.8931745244211565,13.366433126565838
24.86666666666706,32.71293258666992,-75.09864807128906,0.9013519287109375,0.8907856771776239,13.180258127053705
24.900000000000396,32.68632888793945,-75.08560943603516,0.9143905639648438,0.8888118562909455,13.029880937488036
24.93333333333373,32.65990447998047,-75.07256317138672,0.9274368286132812,0.8840864898492207,12.86762265890741
24.966666666667066,32.6336555480957,-75.05950164794922,0.9404983520507812,0.8795730996565803,12.743457141188781
25.0000000000004,32.60761642456055,-75.04645538330078,0.9535446166992188,0.8737373050182637,12.57161428534213
25.033333333333736,32.581787109375,-75.03341674804688,0.966583251953125,0.8680112781610941,12.406431330755108
25.06666666666707,32.55617141723633,-75.02040100097656,0.9795989990234375,0.8619837701415312,12.224590289905523
25.100000000000406,32.5307731628418,-75.00740814208984,0.9925918579101562,0.8558604661424437,12.074656982345829
25.13333333333374,32.50560760498047,-74.99443817138672,1.0055618286132812,0.8493367402041414,11.915136012922455
25.166666666667076,32.48067092895508,-74.98150634765625,1.01849365234375,0.842711628359361,11.74306744137126
25.20000000000041,32.455970764160156,-74.96861267089844,1.0313873291015625,0.8358890698580327,11.59140488730983
25.233333333333746,32.4315071105957,-74.95574951171875,1.04425048828125,0.8291791656953297,11.403910735011587
25.26666666666708,32.40727615356445,-74.94293212890625,1.05706787109375,0.8223637411335746,11.18681369760187
25.300000000000416,32.38327407836914,-74.93014526367188,1.069854736328125,0.8158695867497165,11.04154354710564
25.33333333333375,32.35951232910156,-74.91740417480469,1.0825958251953125,0.8088636883920164,10.863379837552513
25.366666666667086,32.33598327636719,-74.90470123291016,1.0952987670898438,0.8021738900123546,10.669849984432206
25.40000000000042,32.312705993652344,-74.89205932617188,1.107940673828125,0.7946601329559373,10.47078109963938
25.433333333333756,32.289676666259766,-74.87946319580078,1.1205368041992188,0.7874713826115369,10.294266490475483
25.46666666666709,32.26691436767578,-74.866943359375,1.133056640625,0.7793469617951292,10.052308298053305
25.500000000000426,32.244407653808594,-74.85447692871094,1.1455230712890625,0.7718598683318074,9.879941502995162
25.53333333333376,32.222171783447266,-74.84208679199219,1.1562213361553797,0.763645517744717,97.93525773022806
25.566666666667096,32.2001953125,-74.82976531982422,1.1346222913033244,0.7558475749209193,97.75440562970878
25.60000000000043,32.17848205566406,-74.81751251220703,1.1132842945947086,0.7479553029656753,97.56816754502434
25.633333333333766,32.157020568847656,-74.80532836914062,1.0921959070330634,0.7403673971550148,97.2954848406107
25.6666666666671,32.135826110839844,-74.793212890625,1.0713723806136874,0.7323871127462228,97.12223157325028
25.700000000000436,32.11488723754883,-74.78116607666016,1.0508022763401037,0.7247109266877971,96.87723864290258
25.73333333333377,32.094215393066406,-74.76920318603516,1.030496577925343,0.7165140024940432,96.67592083561868
25.766666666667106,32.07380294799805,-74.75730895996094,1.0104481146552005,0.7087499381418476,96.45574582952129
25.80000000000044,32.05366134643555,-74.74549865722656,0.9906678702427103,0.7004645799482506,96.21896649720397
25.833333333333776,32.033782958984375,-74.73377227783203,0.9711482186902217,0.6923817120830498,96.00467388937375
25.86666666666711,32.0141716003418,-74.72212219238281,0.951893200638279,0.6843222127797182,95.73790360199345
25.900000000000446,31.994829177856445,-74.71056365966797,0.9329042673028564,0.6759852716662933,95.50219184481406
25.93333333333378,31.975749969482422,-74.69908905029297,0.9141759268274313,0.6679180842284625,95.26601572626585
25.966666666667116,31.956928253173828,-74.68769073486328,0.8957026873554916,0.660121761110973,95.01348853905579
26.00000000000045,31.938373565673828,-74.67638397216797,0.877493626100656,0.6518492001864311,94.73022982118842
26.033333333333786,31.920080184936523,-74.6651611328125,0.8595432512064086,0.6438477396083515,94.4516868564454
26.06666666666712,31.902063369750977,-74.65403747558594,0.8418663593846095,0.6352221985823446,94.23598936766128
26.100000000000456,31.884313583374023,-74.64300537109375,0.8244536457799141,0.6269657258244767,93.97945325902282
26.13333333333379,31.866851806640625,-74.632080078125,0.8073256266024215,0.6179385938959193,93.69188083913983
26.166666666667126,31.849668502807617,-74.62126922607422,0.7904725417133474,0.609037279165412,93.3981893234531
26.20000000000046,31.832778930664062,-74.6105728149414,0.7739096431079913,0.5997530929332873,93.11877442925017
26.233333333333796,31.816177368164062,-74.59998321533203,0.7576314389298339,0.5907422006217714,92.82435724242508
26.26666666666713,31.79986000061035,-74.58951568603516,0.7416336608966109,0.5815866987109072,92.52042101857822
26.300000000000466,31.78382110595703,-74.57915496826172,0.7259110447935295,0.5728276817970808,92.18222716014435
26.3333333333338,31.76805305480957,-74.56890106201172,0.7104559646229313,0.5642664506555922,91.90401923075152
26.366666666667136,31.752546310424805,-74.55874633789062,0.6952591155294826,0.5560753447609282,91.56799686254438
26.40000000000047,31.737300872802734,-74.54869842529297,0.6803202698714601,0.5477641137138489,91.2268581451526
26.433333333333806,31.722312927246094,-74.53874206542969,0.6656360699334805,0.5398063100431332,90.88734591331568
26.46666666666714,31.707578659057617,-74.52887725830078,0.6512027027167181,0.5319509102035871,90.51549852123591
26.500000000000476,31.69309425354004,-74.51911163330078,0.6370161275806244,0.5240695482037144,90.19626367225268
26.53333333333381,31.67885971069336,-74.50944519042969,0.6230763445252069,0.5161938541388023,89.83561115055727
26.566666666667146,31.66486930847168,-74.49987030029297,0.6093778616939384,0.5085950136495172,89.45375738018872
26.60000000000048,31.651121139526367,-74.49038696289062,0.5959187725874143,0.5010501510547545,89.05315003438456
26.633333333333816,31.637611389160156,-74.48099517822266,0.5826952642068082,0.4936061960572887,88.672955279078
26.66666666666715,31.624340057373047,-74.47168731689453,0.5697075641938393,0.48630039781644246,88.32139469316192
26.700000000000486,31.611299514770508,-74.46247863769531,0.5569475912674147,0.4789258518460705,87.8691752866504
26.73333333333382,31.598493576049805,-74.45335388183594,0.5444196137098052,0.47172864277086435,87.50921608879912
26.766666666667156,31.585914611816406,-74.4443130493164,0.5321160055233567,0.46472604236065557,87.13416933408871
26.80000000000049,31.573556900024414,-74.43535614013672,0.5200310472098336,0.4578704363773683,86.6850960020662
26.833333333333826,31.561412811279297,-74.42648315429688,0.5081571127715884,0.4512071500397735,86.25117398686925
26.86666666666716,31.549480438232422,-74.41767883300781,0.4964927509926437,0.4448683399633484,85.82859605037652
26.900000000000496,31.537750244140625,-74.40894317626953,0.4850284293759384,0.4387690017221755,85.40779386874608
26.93333333333383,31.526222229003906,-74.4002685546875,0.47376437556319967,0.43281609642603763,85.01135927801177
26.966666666667166,31.5148868560791,-74.39166259765625,0.4626908294156365,0.42696353262463155,84.54159596630919
27.0000000000005,31.50374984741211,-74.38312530517578,0.4518135104314908,0.42098276977942295,84.07641105319387
27.033333333333836,31.4928035736084,-74.37464141845703,0.4411252478965541,0.4154726460769131,83.62863663155127
27.06666666666717,31.482044219970703,-74.36621856689453,0.43062200117027766,0.40992353827318384,83.1992892823061
27.100000000000506,31.471467971801758,-74.35785675048828,0.42029995725383884,0.40447410182687304,82.72825698769684
27.13333333333384,31.461071014404297,-74.34954071044922,0.4101557584318548,0.3994094647730791,82.22069955668546
27.166666666667176,31.450849533081055,-74.34127807617188,0.40018536406377686,0.3943029610315807,81.76537113526847
27.20000000000051,31.44080352783203,-74.33306884765625,0.39038877414960854,0.38920725694241803,81.25770870233733
27.233333333333846,31.430932998657227,-74.32491302490234,0.3807659886893459,0.3841227823045971,80.79109680245018
27.26666666666718,31.42123031616211,-74.3167953491211,0.37130983696878084,0.37951921811878203,80.27406290647853
27.300000000000516,31.41169548034668,-74.30873107910156,0.3620198637044739,0.37463447582623804,79.78810343100918
27.33333333333385,31.402320861816406,-74.30070495605469,0.35288889818221675,0.37023223978545106,79.27466399880664
27.366666666667186,31.393104553222656,-74.29271697998047,0.34391503390259925,0.365886997953971,78.76079861662724
27.40000000000052,31.384050369262695,-74.28477478027344,0.3351018562227175,0.3613185644697254,78.28556654935653
27.433333333333856,31.375154495239258,-74.2768783569336,0.32644555214375287,0.35684880353254556,77.80013753525269
27.46666666666719,31.366413116455078,-74.26901245117188,0.3179427639503221,0.35278287777423706,77.22090124447297
27.500000000000526,31.357824325561523,-74.26118469238281,0.30959135750128963,0.34862160433004985,76.72021376964284
27.53333333333386,31.349382400512695,-74.2533950805664,0.30138561329841657,0.34460083531862606,76.19733971300292
27.566666666667196,31.341087341308594,-74.2456283569336,0.29332598662514897,0.3409061496500678,75.63181753153343
27.60000000000053,31.332935333251953,-74.23789978027344,0.28540820919921506,0.33699780309773686,75.10136074623169
27.633333333333866,31.324926376342773,-74.23019409179688,0.2776327363040614,0.33342004004533476,74.57036215411023
27.6666666666672,31.317052841186523,-74.2225112915039,0.26999194194203247,0.3300245120873765,74.04787664371649
27.700000000000536,31.309314727783203,-74.21485137939453,0.2624858261131358,0.32664566017229696,73.48800406929047
27.73333333333387,31.301706314086914,-74.20719909667969,0.25510912460256807,0.32372959510924837,72.9458438276228
27.766666666667206,31.29422378540039,-74.1995620727539,0.24785779676978797,0.3207508893032742,72.41978627254345
27.80000000000054,31.286865234375,-74.19192504882812,0.24073039139882102,0.318159027645939,71.79844944700513
27.833333333333876,31.27962875366211,-74.1843032836914,0.233724546706816,0.3152969413372186,71.27677344265221
27.86666666666721,31.27250862121582,-74.17666625976562,0.22683545376241915,0.31323853282456837,70.69538633950772
27.900000000000546,31.2655029296875,-74.16903686523438,0.22006052314105226,0.3107388569733463,70.12804860646638
27.93333333333388,31.25861167907715,-74.16139221191406,0.21340043776788084,0.30876698888675286,69.53229605513172
27.966666666667216,31.251832962036133,-74.15373992919922,0.20685306350176885,0.30668810202394037,68.98351357478666
28.00000000000055,31.245162963867188,-74.14608001708984,0.20041458734389095,0.30470775537779676,68.43051620050073
28.033333333333886,31.238603591918945,-74.1384048461914,0.19408714343538597,0.3028865262900408,67.81990050336634
28.06666666666722,31.232149124145508,-74.1307144165039,0.18786501227801236,0.3012018869712674,67.27091950904172
28.100000000000556,31.225797653198242,-74.12300109863281,0.181746515014077,0.2997545832794624,66.68914098479593
28.13333333333389,31.219541549682617,-74.11524963378906,0.17572448092937404,0.2988337908936955,66.08095998181825
28.166666666667226,31.213380813598633,-74.10745239257812,0.16979913766562293,0.29812157861893246,65.50646871657348
28.20000000000056,31.207307815551758,-74.099609375,0.16396285922517626,0.2975815972255556,64.90737866763577
28.233333333333896,31.20132827758789,-74.09171295166016,0.15822159274798867,0.29714901689391854,64.33937665601066
28.26666666666723,31.1954345703125,-74.08375549316406,0.1525679398781314,0.2970710993155381,63.73026563545541
28.300000000000566,31.18962860107422,-74.07574462890625,0.14700357947329754,0.2968078544406623,63.73026563545541
28.3333333333339,31.18390655517578,-74.06766510009766,0.14152515381810477,0.29701605264606423,63.13119618777056
28.366666666667236,31.178268432617188,-74.05951690673828,0.13613266291255263,0.2972597061606869,61.941809892903784
28.40000000000057,31.172712326049805,-74.0512924194336,0.13082442789895152,0.2977604077975651,61.3632632220137
28.433333333333906,31.167240142822266,-74.0429916381836,0.12560235527670696,0.2982666303368519,60.736309984300775
28.46666666666724,31.161848068237305,-74.03460693359375,0.12046285968871982,0.29906515251673116,60.16981012307777
28.500000000000576,31.156536102294922,-74.0261459350586,0.1154057134932675,0.2997080755442803,59.537747573046715
28.53333333333391,31.15130615234375,-74.01759338378906,0.11043327847320827,0.30074683496048793,58.97736450785613
28.566666666667246,31.146156311035156,-74.00894927978516,0.1055436481291228,0.3018563558725275,58.361372977460306
28.60000000000058,31.141084671020508,-74.00021362304688,0.10073491596160469,0.30303449965067614,57.77928060476266
28.633333333333916,31.136093139648438,-73.99137878417969,0.09600921611178734,0.30442205393626814,57.1595696828395
28.66666666666725,31.131183624267578,-73.9824447631836,0.09136845507907898,0.3058235850783665,56.568175831260476
28.700000000000585,31.126352310180664,-73.9734115600586,0.08680881986465433,0.3073211985098516,55.98051743496528
28.73333333333392,31.12160301208496,-73.96427154541016,0.08233435110906255,0.3090083011149559,55.35652373103761
28.766666666667255,31.116933822631836,-73.95502471923828,0.0779431423128937,0.31076456033763183,54.81070798443458
28.80000000000059,31.112348556518555,-73.9456787109375,0.07363877883324338,0.3123063925684033,54.15206724078815
28.833333333333925,31.107847213745117,-73.93623352050781,0.0694212606701191,0.3138890538316596,53.54703645310136
28.86666666666726,31.103429794311523,-73.92666625976562,0.0652912707486824,0.3161352009902796,52.9144417147122
28.900000000000595,31.099096298217773,-73.9169921875,0.06124835378548769,0.3180097110711766,52.36613633238526
28.93333333333393,31.094846725463867,-73.9072036743164,0.057292737422257954,0.32013508561624093,51.759428924333314
28.966666666667265,31.090686798095703,-73.89730072021484,0.05343014115723513,0.32223616507376784,51.16505329925251
29.0000000000006,31.086612701416016,-73.88729095458984,0.0496565243498665,0.3242133625571055,50.553888995408784
29.033333333333935,31.08262825012207,-73.87715911865234,0.04597615528242111,0.3266143848951161,49.94870885099228
29.06666666666727,31.078733444213867,-73.86689758300781,0.042389261596621576,0.3292746029712942,49.379351531490784
29.100000000000605,31.074926376342773,-73.85651397705078,0.03889370915133179,0.33178567570256595,48.75560619897796
29.13333333333394,31.071212768554688,-73.84599304199219,0.035495672728237025,0.3347131033882475,48.162930257945305
29.166666666667275,31.06759262084961,-73.8353500366211,0.032194697043886826,0.33725528826415985,47.59937574461579
29.20000000000061,31.064064025878906,-73.8245620727539,0.02898955852403846,0.3405114273857972,46.96934044653634
29.233333333333945,31.060632705688477,-73.81364440917969,0.02588552138348341,0.34332550524562844,46.41465241661778
29.26666666666728,31.05729866027832,-73.80258178710938,0.02288304090566501,0.34662331035404165,45.76982180104719
29.300000000000615,31.05406379699707,-73.79137420654297,0.01998402358999548,0.34995254298373074,45.16069696758779
29.33333333333395,31.050928115844727,-73.78001403808594,0.017188697078198274,0.3535496164545543,44.59106454402065
29.366666666667285,31.047895431518555,-73.76850891113281,0.014500646727376084,0.3569434246302329,44.01941748325997
29.40000000000062,31.044965744018555,-73.7568359375,0.011920555462686899,0.3610501960281879,43.41819025088597
29.433333333333955,31.04214096069336,-73.74501037597656,0.009449874500108823,0.3647478246145085,42.844610332863446
29.46666666666729,31.039426803588867,-73.73301696777344,0.007094778621318744,0.3689005830887047,42.26195113453997
29.500000000000625,31.036821365356445,-73.72086334228516,0.004853133685180992,0.3728927845951551,41.67556407522244
29.53333333333396,31.03432846069336,-73.70852661132812,0.0027294356156836682,0.3775825127424043,41.10005316659262
29.566666666667295,31.031949996948242,-73.69601440429688,0.0007253632705195292,0.38208791281814836,41.10005316659262
29.60000000000063,31.02968978881836,-73.6833267211914,0.001155270351485281,0.38662288995566074,39.96190514247513
29.633333333333965,31.02754783630371,-73.67045593261719,0.002912237608611717,0.3914340853675416,39.369089352412985
29.6666666666673,31.025529861450195,-73.65740203857422,0.004539819002620562,0.3962685137315716,38.790186274918284
29.700000000000635,31.023635864257812,-73.64417266845703,0.0060382421752321344,0.40092781539331845,38.26508651786118
29.73333333333397,31.021869659423828,-73.63074493408203,0.0074030112024614575,0.40630182988147096,37.645068191663405
29.766666666667305,31.020231246948242,-73.61714935302734,0.008635036651190383,0.41081844857462274,37.09784882429821
29.80000000000064,31.018726348876953,-73.60336303710938,0.009727916098018586,0.4160462742478381,36.53009791259315
29.833333333333975,31.017353057861328,-73.58941650390625,0.010684466609240141,0.4204194868693862,36.016896800550676
29.86666666666731,31.0161190032959,-73.57527923583984,0.011496151620329706,0.42573080126612756,35.46384668438958
29.900000000000645,31.01502227783203,-73.56097412109375,0.012165560555850809,0.43041282877930487,34.86090022364093
29.93333333333398,31.014066696166992,-73.54649353027344,0.012688652775265789,0.4353625869795081,34.335692395760134
29.966666666667315,31.013254165649414,-73.53184509277344,0.013063749420877917,0.44012865656539774,33.82110401407877
30.00000000000065,31.01258659362793,-73.51702880859375,0.013288943993280797,0.44493947494846325,33.25802660816784
30.033333333333985,31.012065887451172,-73.50204467773438,0.013362329993055528,0.44979526596002445,32.70599335157902
30.06666666666732,31.011695861816406,-73.48689270019531,0.013280094421378669,0.454694851612787,32.18580904511249
30.100000000000655,31.011478424072266,-73.4715805053711,0.013040558420561439,0.4594121576065087,31.65798592367496
30.13333333333399,31.01141929626465,-73.45608520507812,0.012637319567203088,0.4648623931231908,31.112430528696915
30.166666666667325,31.011516571044922,-73.44042205810547,0.0120727396441552,0.4699034708564272,30.56502428316472
30.20000000000066,31.01177978515625,-73.42456817626953,0.011336603229191307,0.4756820007553829,30.02184909211727
30.233333333333995,31.01220703125,-73.40853881835938,0.010431272105170945,0.4810515240729023,29.54196697415547
30.26666666666733,31.01280403137207,-73.39232635498047,0.0093507991321323,0.4867035444316339,29.036297817982334
30.300000000000665,31.013574600219727,-73.37592315673828,0.008091143669526632,0.4926386302649572,28.51314776620712
30.333333333334,31.01451873779297,-73.35934448242188,0.0066527610008031085,0.4981660908391982,27.973307110585647
30.366666666667335,31.01563835144043,-73.34258270263672,0.005033516984822935,0.5039739245805166,27.46806786994361
30.40000000000067,31.016944885253906,-73.32562255859375,0.0032215173416700106,0.510311831048042,26.997400797645593
30.433333333334005,31.018434524536133,-73.3084716796875,0.0012208027118891017,0.5164634596979765,26.486930470398736
30.46666666666734,31.020111083984375,-73.29113006591797,0.0009724399033419606,0.522674064540778,25.99042503294014
30.500000000000675,31.021974563598633,-73.27361297607422,0.0033577552205833897,0.5284779026412433,25.507548785562197
30.53333333333401,31.02403450012207,-73.25589752197266,0.005945358662058954,0.5350444722213692,25.000860369081895
30.566666666667345,31.026288986206055,-73.23799133300781,0.00873311608663924,0.5414267075725155,24.48143837352218
30.60000000000068,31.028745651245117,-73.21989440917969,0.011728653491968161,0.5478872782239056,24.039343528706954
30.633333333334015,31.031404495239258,-73.20159912109375,0.014932198519773137,0.5546244817706498,23.566350320395866
30.66666666666735,31.034271240234375,-73.18310546875,0.018349470668285434,0.5614357162584755,23.080274921778933
30.700000000000685,31.0373477935791,-73.16442108154297,0.021982148795201356,0.5680795324659208,22.618042546433642
30.73333333333402,31.040634155273438,-73.14553833007812,0.025830460542241224,0.5749979377894773,22.173160704540958
30.766666666667355,31.04413414001465,-73.12648010253906,0.0298975359830644,0.5813082978140349,21.713623882538847
30.80000000000069,31.047849655151367,-73.10721588134766,0.03418619218396935,0.5885777295806821,21.286726430838364
30.833333333334025,31.05178451538086,-73.0877685546875,0.03869955921861943,0.5952423668785825,21.286726430838364
30.86666666666736,31.055944442749023,-73.06813049316406,0.04344358422697246,0.6022147544655853,20.38416593247578
30.900000000000695,31.060325622558594,-73.04829406738281,0.04841468185192304,0.6094347150178956,19.912811911838126
30.93333333333403,31.0649356842041,-73.02827453613281,0.05362002280767928,0.6163042023713596,19.482526848319694
30.966666666667365,31.06976890563965,-73.00807189941406,0.05905388759600636,0.6231820792122749,19.08423680973729
31.0000000000007,31.074827194213867,-72.98770904541016,0.06471749979115142,0.6294512656560677,18.63684490626749
31.033333333334035,31.080108642578125,-72.96717071533203,0.07060940817714428,0.6361957476281196,18.210507184013785
31.06666666666737,31.08561897277832,-72.94646453857422,0.0767351046105043,0.6428052157200214,17.822525824257013
31.100000000000705,31.091360092163086,-72.92559814453125,0.08309626794891711,0.6492535459525162,17.377970001467013
31.13333333333404,31.097326278686523,-72.90457153320312,0.08968717869415187,0.6556999229974285,16.97955110704778
31.166666666667375,31.103519439697266,-72.8833999633789,0.09650928806217476,0.6617639691869545,16.618044476254042
31.20000000000071,31.109939575195312,-72.86207580566406,0.10356282369470923,0.668089857620014,16.219725359390214
31.233333333334045,31.116588592529297,-72.84061431884766,0.11084923680772545,0.6740358767087725,15.812300436688282
31.26666666666738,31.123464584350586,-72.81900787353516,0.11836684854352979,0.6802249394954867,15.45366972114413
31.300000000000715,31.130569458007812,-72.79727172851562,0.12611711011809326,0.6860359371022196,15.020907943919896
31.33333333333405,31.13790512084961,-72.775390625,0.13410238331427415,0.6923403616365397,14.68960133374773
31.366666666667385,31.145469665527344,-72.75338745117188,0.1423200787074903,0.6980156124492575,14.299297790779434
31.40000000000072,31.15326499938965,-72.73124694824219,0.15077255808060483,0.7041819296203684,13.960002955730568
31.433333333334055,31.16128921508789,-72.708984375,0.15945745965075858,0.7099360425010913,13.565505358438001
31.46666666666739,31.16954803466797,-72.68659210205078,0.1683807305579063,0.7160026465172709,13.249128972311787
31.500000000000725,31.178035736083984,-72.6640853881836,0.17753619602037696,0.7216189576114221,12.83088831415021
31.53333333333406,31.186756134033203,-72.6414566040039,0.18692789667870857,0.7275276575218652,12.521119760366295
31.566666666667395,31.19570541381836,-72.61872100830078,0.1965515642506405,0.7330056129280772,12.15361484514415
31.60000000000073,31.20488929748535,-72.59586334228516,0.20641337351785044,0.7390094406715205,11.851980691209192
31.633333333334065,31.21430206298828,-72.5728988647461,0.2165071496986532,0.7445607058861785,11.547342331578378
31.6666666666674,31.223947525024414,-72.5498275756836,0.22683670579188198,0.7501915656726089,11.168187121657423
31.700000000000735,31.233823776245117,-72.52664184570312,0.23740036293984318,0.7560466729055043,10.831299142536581
31.73333333333407,31.243934631347656,-72.50335693359375,0.24820147885791646,0.7615608121228881,10.519569411351563
31.766666666667405,31.254274368286133,-72.47997283935547,0.25923433404786667,0.7670419942685952,10.186630721873064
31.80000000000074,31.264848709106445,-72.45648956298828,0.27050464800793245,0.7726272435331611,9.890069176559232
31.833333333334075,31.275651931762695,-72.43290710449219,0.2820067012398756,0.7781759258885153,9.633390692216398
31.86666666666741,31.28668785095215,-72.40922546386719,0.2937443067425177,0.7838051119653476,9.306062153373542
31.900000000000745,31.297954559326172,-72.38545227050781,0.30571533037473075,0.7892357671056027,9.014651396979463
31.93333333333408,31.309452056884766,-72.36157989501953,0.31791999977823326,0.7949053310973733,8.753729196788465
31.966666666667415,31.321178436279297,-72.3376235961914,0.33035595317017064,0.8001693598996523,8.413821001443914
32.000000000000746,31.3331356048584,-72.31358337402344,0.34302509704995143,0.8054908727496016,8.160365722168127
32.03333333333408,31.345321655273438,-72.2894515991211,0.3559257525598936,0.8110229011499831,7.867703411546736
32.06666666666741,31.357738494873047,-72.26522827148438,0.3690598261994027,0.8166105293800864,7.6073319996356945
32.10000000000074,31.37038230895996,-72.24092864990234,0.3824230496862105,0.8217687505161831,7.324926900690927
32.13333333333407,31.382484436035156,-72.21666717529297,0.39524368913125457,0.8133711126963946,7.0537800443094945
32.1666666666674,31.39406394958496,-72.19243621826172,0.40754103717037593,0.8056686486579671,6.829532160424177
32.200000000000735,31.40514373779297,-72.1682357788086,0.4193379717965325,0.7984864925675388,6.5789761023036935
32.233333333334066,31.415742874145508,-72.1440658569336,0.43065355800384164,0.7917538338252532,6.346977643223298
32.2666666666674,31.425878524780273,-72.11991119384766,0.4415054095704579,0.7858506514132687,6.095461950446993
32.30000000000073,31.435569763183594,-72.09576416015625,0.45191281913223696,0.7805763281675335,5.875312576898133
32.33333333333406,31.444833755493164,-72.07164001464844,0.46189248990044074,0.7752524459777597,5.666805977276166
32.36666666666739,31.453689575195312,-72.04753112792969,0.4714637145109208,0.7705177254762102,5.4568881244527265
32.40000000000072,31.46215057373047,-72.0234146118164,0.4806405213847218,0.7667303053151502,5.219336622393524
32.433333333334055,31.470232009887695,-71.99929809570312,0.4894379348754312,0.7630362794945825,4.998562264636546
32.466666666667386,31.477951049804688,-71.97518157958984,0.49787311347775337,0.7596518505302582,4.812059908567242
32.50000000000072,31.485322952270508,-71.95106506347656,0.5059613091869944,0.7565422432798776,4.602938517442731
32.53333333333405,31.492359161376953,-71.92693328857422,0.5137144162830712,0.7540992764048448,4.360036439288402
32.56666666666738,31.499074935913086,-71.90279388427734,0.5211474591195624,0.7516855863227266,4.201219925943223
32.60000000000071,31.505481719970703,-71.8786392211914,0.5282721043346623,0.7496967171333222,3.993510551625053
32.63333333333404,31.511594772338867,-71.85447692871094,0.535103376281953,0.747707970033,3.8329696552889816
32.666666666667375,31.517425537109375,-71.8302993774414,0.5416529415996281,0.7461210510901206,3.6555086261578484
32.700000000000706,31.52298355102539,-71.80609893798828,0.547930560426471,0.7449144310412392,3.486593280485548
32.73333333333404,31.52828025817871,-71.7818832397461,0.5539474441172397,0.7436461747513031,3.309648438179541
32.76666666666737,31.533329010009766,-71.75763702392578,0.559717393451259,0.7429885523957117,3.174472361321461
32.8000000000007,31.53729820251465,-71.73342895507812,0.5644071259091781,0.7359392487334226,3.0363381275556875
32.83333333333403,31.540225982666016,-71.70926666259766,0.5680545438375203,0.7301708341708882,2.884167331981794
32.86666666666736,31.54214859008789,-71.68513488769531,0.5706963260085719,0.7262472590739554,2.7562863865448612
32.900000000000695,31.54310417175293,-71.6610336303711,0.572370602410579,0.7236058090107418,2.5755782513545555
32.933333333334026,31.543115615844727,-71.63694763183594,0.5731007063199384,0.7225800376169462,2.420352541606894
32.96666666666736,31.54221534729004,-71.61288452148438,0.5729188205849384,0.722398357511858,2.336820179117329
33.00000000000069,31.54043197631836,-71.58882904052734,0.5718539979802106,0.7236448842402264,2.2099796837582875
33.03333333333402,31.537790298461914,-71.56478118896484,0.5699310229981185,0.7257753536751854,2.086315215742641
33.06666666666735,31.534324645996094,-71.54073333740234,0.567184440269809,0.7288888259585903,2.000324233128016
33.10000000000068,31.53006362915039,-71.51668548583984,0.563642847286468,0.7326731101918914,1.8701169391657115
33.133333333334015,31.5250244140625,-71.49263763427734,0.5593234025428108,0.7371048555847752,1.7914326056192804
33.166666666667346,31.519237518310547,-71.46857452392578,0.554257065312879,0.742475116089356,1.7303989101103563
33.20000000000068,31.512733459472656,-71.44451141357422,0.5484738843038308,0.7477984053489254,1.580247547839934
33.23333333333401,31.50554084777832,-71.42044830322266,0.5420024570068529,0.753452220448832,1.5069486653573207
33.26666666666734,31.49768829345703,-71.39637756347656,0.5348716085548605,0.7595767302673744,1.4588605413850304
33.30000000000067,31.489200592041016,-71.372314453125,0.5271056681567673,0.7654847611853663,1.3789318452568082
33.333333333334004,31.480100631713867,-71.34825134277344,0.5187277414472508,0.7717890268541234,1.3144875647532472
33.366666666667335,31.470409393310547,-71.32418823242188,0.5097587999198446,0.7782403506779371,1.2501814411782912
33.40000000000067,31.46016502380371,-71.30013275146484,0.5002367459210799,0.7843799739922067,1.214858088473094
33.433333333334,31.449382781982422,-71.27609252929688,0.4901766038045387,0.7904240118570829,1.1415719205708883
33.46666666666733,31.438098907470703,-71.2520751953125,0.4796143694173328,0.7960793554300396,1.0876539289882972
33.50000000000066,31.42633056640625,-71.22808074951172,0.46856720125418,0.8017509292955827,1.0413756373494094
33.53333333333399,31.414112091064453,-71.2041244506836,0.45706896102106265,0.8067687735023397,1.012974656892151
33.566666666667324,31.40145492553711,-71.18020629882812,0.4451310877144578,0.8118211900603839,1.020943494562374
33.600000000000655,31.38840103149414,-71.15633392333984,0.4327952966797171,0.8162505834758661,0.9916118046448248
33.63333333333399,31.374963760375977,-71.13252258300781,0.4200744781292886,0.8202354327629219,0.9397575877269247
33.66666666666732,31.36118507385254,-71.1087875366211,0.4070101197668089,0.8233372130310667,0.9438712550448061
33.70000000000065,31.347076416015625,-71.08512878417969,0.39361366058874747,0.8263847250152779,0.9632666021342838
33.73333333333398,31.332666397094727,-71.06156158447266,0.3799132428028511,0.8287070607872062,0.9591538674056189
33.76666666666731,31.31796646118164,-71.03807830810547,0.3659205330473234,0.8311420734795505,0.9414511206067782
33.800000000000644,31.30301284790039,-71.01470947265625,0.35167084424411216,0.8323110706797402,0.9414511206067782
33.833333333333975,31.287817001342773,-70.99144744873047,0.33717584303141473,0.8335658094917515,1.0290724711248471
33.86666666666731,31.272409439086914,-70.96831512451172,0.322465350474671,0.8338151225461164,1.0307342272152906
33.90000000000064,31.256797790527344,-70.94530487060547,0.30754722021324743,0.8341917165855008,1.0871278797804917
33.93333333333397,31.24099349975586,-70.92242431640625,0.29243266360190623,0.8342456655732241,1.146927607980079
33.9666666666673,31.225006103515625,-70.89966583251953,0.27713144077942287,0.8343805394589854,1.2068917986163756
34.00000000000063,31.208852767944336,-70.87704467773438,0.26166025495707484,0.833895799547763,1.2184810293526387
34.033333333333964,31.192541122436523,-70.85455322265625,0.24602695977422948,0.8335117261523495,1.3138682419447787
34.066666666667295,31.176090240478516,-70.83220672607422,0.2302501649415717,0.8324648244931057,1.3701933442019978
34.10000000000063,31.15950584411621,-70.80999755859375,0.2143358175990605,0.8315409734882473,1.4814272772597052
34.13333333333396,31.14279556274414,-70.78792572021484,0.19829154374434346,0.8305176684830294,1.5859032440228404
34.16666666666729,31.125965118408203,-70.76599884033203,0.18212283523394338,0.8292446720638852,1.6988869673710045
34.20000000000062,31.109018325805664,-70.74420166015625,0.16583396035011697,0.8282993171650266,1.7630182431818062
34.23333333333395,31.091955184936523,-70.72254180908203,0.14942469145115275,0.8272061003097868,1.8800797462543128
34.266666666667284,31.07478904724121,-70.70101928710938,0.1329083740329365,0.825896913600063,2.055851186305614
34.300000000000615,31.057519912719727,-70.67961883544922,0.11628546337890411,0.8249740023429993,2.156575053056359
34.33333333333395,31.040149688720703,-70.65835571289062,0.09955741070503277,0.8236871714711996,2.276582206446873
34.36666666666728,31.022682189941406,-70.63722229003906,0.0827282566518677,0.8225336269873188,2.4406881416096535
34.40000000000061,31.005125045776367,-70.6162109375,0.0658058548587798,0.8214360730315294,2.588969536330217
34.43333333333394,30.98748207092285,-70.5953369140625,0.04879356304114875,0.8199387016942032,2.76013928489962
34.46666666666727,30.969768524169922,-70.57460021972656,0.03170663319427701,0.8181700358087526,2.9044008463115603
34.500000000000604,30.951984405517578,-70.55400085449219,0.014545065318168128,0.8164238187790925,3.0492794788982303
34.533333333333935,30.93415641784668,-70.53355407714844,0.0026649048788509933,0.8138286449399134,3.2170093627298404
34.56666666666727,30.916284561157227,-70.51325988769531,0.019923277396773253,0.8112531345880349,3.411239480909453
34.6000000000006,30.89838409423828,-70.49313354492188,0.03721525552374579,0.8080512053175466,3.614354284163917
34.63333333333393,30.880455017089844,-70.47315979003906,0.05454038397632256,0.8052095518322978,3.792848391033596
34.66666666666726,30.86251449584961,-70.45336151123047,0.07188218718495668,0.8015302436831075,3.986372825618968
34.70000000000059,30.84455680847168,-70.43373107910156,0.0892461570061639,0.7981535951043164,4.159969213185444
34.733333333333924,30.82659149169922,-70.41426086425781,0.10662253330116112,0.7947689510272682,4.416738621732076
34.766666666667255,30.808616638183594,-70.39496612548828,0.12401367785279904,0.7911030734255593,4.631296997607223
34.80000000000059,30.790653228759766,-70.37584686279297,0.14139861916754395,0.7870243044064147,4.811868372055638
34.83333333333392,30.772703170776367,-70.3569107055664,0.15877567838770312,0.7827543477393244,5.014163797344072
34.86666666666725,30.754770278930664,-70.3381576538086,0.17614104251444998,0.7784208400105898,5.261413134125752
34.90000000000058,30.736852645874023,-70.319580078125,0.19349639040547853,0.7743068534947027,5.517395576188222
34.93333333333391,30.71895408630371,-70.30118560791016,0.21083813670368168,0.7699632927998056,5.770059388152744
34.966666666667244,30.701072692871094,-70.28296661376953,0.22816796026675032,0.7658383515660181,6.030092918619483
35.000000000000576,30.683223724365234,-70.26493835449219,0.2454710643828343,0.7610804348850796,6.286380220139104
35.03333333333391,30.6654052734375,-70.2470932006836,0.262749127909613,0.7565395145825506,6.530549189100918
35.06666666666724,30.647621154785156,-70.22943115234375,0.279998337848271,0.7519312102976285,6.834389583576922
35.10000000000057,30.62986946105957,-70.21195983886719,0.2972208283399376,0.7472164895470318,6.834389583576922
35.1333333333339,30.61215591430664,-70.19467163085938,0.3144106522446578,0.742554164502938,7.392534213254594
35.16666666666723,30.5944766998291,-70.17756652832031,0.33157162256125056,0.7379872909970756,7.646012036583225
35.200000000000564,30.57683753967285,-70.16064453125,0.348698019791481,0.7333106846889332,7.985443020513988
35.233333333333896,30.559232711791992,-70.14391326904297,0.36579579107531024,0.7286141569991653,8.261435326925534
35.26666666666723,30.541662216186523,-70.12735748291016,0.38286448112929256,0.7242477015962847,8.625880037116568
35.30000000000056,30.524120330810547,-70.11097717285156,0.3999098094516699,0.7200201873167247,8.855907859564821
35.33333333333389,30.50660514831543,-70.09476470947266,0.41693345490013184,0.7160049077937052,9.17818293665632
35.36666666666722,30.48911476135254,-70.07872772216797,0.4339375516158079,0.7118909594384004,9.546449497494713
35.40000000000055,30.47163963317871,-70.06285858154297,0.4509314044540453,0.7081587081869235,9.862870869149857
35.433333333333884,30.454177856445312,-70.04715728759766,0.467916919914254,0.7044855217956901,10.173342754879513
35.466666666667216,30.436731338500977,-70.03160858154297,0.48489173621358206,0.7010912376584095,10.495497201690297
35.50000000000055,30.41929817199707,-70.01622772216797,0.5018582151348815,0.697450726947646,10.877728394526278
35.53333333333388,30.401872634887695,-70.00100708007812,0.5188218485346675,0.6941077439847473,11.197453104982307
35.56666666666721,30.384456634521484,-69.9859390258789,0.5357805022718113,0.6908885536002228,11.529154866783026
35.60000000000054,30.36704444885254,-69.97103118896484,0.552740123486271,0.6876663654007648,11.912830559398811
35.63333333333387,30.349634170532227,-69.9562759399414,0.5697023910357327,0.6846544007314618,12.240370898653234
35.666666666667204,30.33223533630371,-69.94168090820312,0.5866580000648589,0.6812935825013499,12.61770791849878
35.700000000000536,30.314844131469727,-69.92724609375,0.6036107635724718,0.6780384107750631,13.008232655812638
35.73333333333387,30.297447204589844,-69.91295623779297,0.6129562377929716,0.6754019124366036,74.91056034465834
35.7666666666672,30.280044555664062,-69.89881896972656,0.5988189697265653,0.6726388958526579,74.52305972104661
35.80000000000053,30.262630462646484,-69.88482666015625,0.5848266601562528,0.6701729824923487,74.16101044364605
35.83333333333386,30.245206832885742,-69.87098693847656,0.5709869384765653,0.6675392821321977,73.7860555503851
35.86666666666719,30.22776985168457,-69.85728454589844,0.5572845458984403,0.6652995477208509,73.38836342684675
35.900000000000524,30.210317611694336,-69.8437271118164,0.5437271118164091,0.6629828275368997,73.01111568553853
35.933333333333856,30.192859649658203,-69.830322265625,0.5303222656250028,0.6603206084041917,72.60819735195426
35.96666666666719,30.175390243530273,-69.81707000732422,0.5170700073242216,0.6578162741068783,72.19522322059188
36.00000000000052,30.157920837402344,-69.80396270751953,0.5039627075195341,0.6551971556480213,71.7636555343207
36.03333333333385,30.14044952392578,-69.791015625,0.49101562500000284,0.652369807952115,71.36857567238842
36.06666666666718,30.12298011779785,-69.7782211303711,0.4782211303710966,0.6496085890322667,70.92305327473967
36.10000000000051,30.105514526367188,-69.76557922363281,0.46557922363281534,0.6468216299738733,70.53189620465237
36.133333333333844,30.088056564331055,-69.75308990478516,0.4530899047851591,0.6439620884494122,70.11637134072589
36.166666666667176,30.070606231689453,-69.74076843261719,0.44076843261719034,0.6408584142536603,69.70968993765393
36.20000000000051,30.05316162109375,-69.72859954833984,0.4285995483398466,0.6380882110272775,69.23978697652284
36.23333333333384,30.035717010498047,-69.71658325195312,0.41658325195312784,0.6354803190660345,68.81315923388674
36.26666666666717,30.01828384399414,-69.70472717285156,0.40472717285156534,0.6324821858470667,68.40154705987112
36.3000000000005,30.000858306884766,-69.69302368164062,0.39302368164062784,0.6297292633086276,67.94826332976615
36.33333333333383,29.983430862426758,-69.68148040771484,0.3814804077148466,0.627109794163918,67.53040037351012
36.366666666667165,29.96599578857422,-69.67008972167969,0.37008972167969034,0.624785223685304,67.07985934678507
36.400000000000496,29.948543548583984,-69.65884399414062,0.35884399414062784,0.6228501920234176,66.63833822679169
36.43333333333383,29.931074142456055,-69.64774322509766,0.3477432250976591,0.6209400143549235,66.17479489832546
36.46666666666716,29.91357421875,-69.63678741455078,0.3367874145507841,0.6193943840648518,65.75390447539003
36.50000000000049,29.896045684814453,-69.6259765625,0.32597656250000284,0.6178281489169538,65.26335402365142
36.53333333333382,29.878475189208984,-69.61531066894531,0.31531066894531534,0.6166321764452037,64.80423967833286
36.56666666666715,29.860864639282227,-69.60477447509766,0.3047744750976591,0.6156529578962462,64.34041431010218
36.600000000000485,29.84320068359375,-69.5943832397461,0.2943832397460966,0.614811997627261,63.85715770836848
36.633333333333816,29.825485229492188,-69.5841293334961,0.2841293334960966,0.6140699607272131,63.42564138512315
36.66666666666715,29.807708740234375,-69.57400512695312,0.27400512695312784,0.6137204702566413,62.916093987792145
36.70000000000048,29.789871215820312,-69.56402587890625,0.26402587890625284,0.6131773005607765,62.50659536982286
36.73333333333381,29.771961212158203,-69.55416870117188,0.25416870117187784,0.6133016922016818,62.01030782573294
36.76666666666714,29.75398063659668,-69.5444564819336,0.2444564819335966,0.6130786817778652,61.55419618914244
36.80000000000047,29.735929489135742,-69.53487396240234,0.2348739624023466,0.6131082650731177,61.058603092732625
36.833333333333805,29.717809677124023,-69.52542114257812,0.22542114257812784,0.613119116462905,60.592431210164655
36.866666666667136,29.699607849121094,-69.51611328125,0.21611328125000284,0.6133094998747828,60.1182289261222
36.90000000000047,29.68132972717285,-69.5069351196289,0.2069351196289091,0.6135923348836407,59.64529101587472
36.9333333333338,29.662961959838867,-69.49789428710938,0.19789428710937784,0.6141664078516812,59.169637899838
36.96666666666713,29.64451026916504,-69.48898315429688,0.18898315429687784,0.614724213816395,58.69409946668692
37.00000000000046,29.62596321105957,-69.48020935058594,0.18020935058594034,0.6155287940731329,58.212900039676185
37.03333333333379,29.607322692871094,-69.47157287597656,0.17157287597656534,0.6163212237234527,57.702217014046006
37.066666666667125,29.588581085205078,-69.46307373046875,0.16307373046875284,0.6173613196847066,57.224962638692965
37.100000000000456,29.56974220275879,-69.45470428466797,0.1547042846679716,0.6184302736393019,56.744010310478174
37.13333333333379,29.550792694091797,-69.44647979736328,0.1464797973632841,0.619720471770007,56.24367857458787
37.16666666666712,29.531740188598633,-69.43838500976562,0.13838500976562784,0.6210243124358293,55.78280100065794
37.20000000000045,29.512563705444336,-69.43042755126953,0.1304275512695341,0.6228585607468824,55.284948829736024
37.23333333333378,29.49326515197754,-69.422607421875,0.12260742187500284,0.6246837045195164,54.81521657609602
37.26666666666711,29.473838806152344,-69.4149169921875,0.11491699218750284,0.6267958669364518,54.326917048684805
37.300000000000445,29.454286575317383,-69.4073715209961,0.10737152099609659,0.6287300529730904,53.83296557864219
37.333333333333776,29.434602737426758,-69.39997100830078,0.09997100830078409,0.6308715844227709,53.32289174658467
37.36666666666711,29.4147891998291,-69.3927001953125,0.09270019531250284,0.6331641921965167,52.8364804042887
37.40000000000044,29.394840240478516,-69.38558197021484,0.08558197021484659,0.6354267046174643,52.38020261479881
37.43333333333377,29.374757766723633,-69.37860107421875,0.07860107421875284,0.6378360251047688,51.88058880552851
37.4666666666671,29.354536056518555,-69.37176513671875,0.07176513671875284,0.6403771112476306,51.36278575182654
37.50000000000043,29.334178924560547,-69.36507415771484,0.06507415771484659,0.6428559865380515,50.91090049579049
37.533333333333765,29.313678741455078,-69.35852813720703,0.05852813720703409,0.6455982517493394,50.4826076904131
37.566666666667096,29.293041229248047,-69.35213470458984,0.05213470458984659,0.6481547667442498,49.95869849479842
37.60000000000043,29.272262573242188,-69.34589385986328,0.04589385986328409,0.6508691262303113,49.45579372984907
37.63333333333376,29.251346588134766,-69.33979797363281,0.03979797363281534,0.6535858289114299,48.965983095563885
37.66666666666709,29.230281829833984,-69.3338623046875,0.03386230468750284,0.656552044615514,48.5095833511505
37.70000000000042,29.209075927734375,-69.32807922363281,0.028079223632815342,0.6594094928866072,48.026656887782906
37.73333333333375,29.187725067138672,-69.32245635986328,0.022456359863284092,0.6623656547807035,47.56012631852381
37.766666666667085,29.16623306274414,-69.31698608398438,0.016986083984377842,0.6653173332908926,47.0496020439483
37.800000000000416,29.14459228515625,-69.31167602539062,0.011676025390627842,0.668481846567165,46.6002386325608
37.83333333333375,29.122804641723633,-69.30652618408203,0.006526184082034092,0.6716398176593679,46.1221772700044
37.86666666666708,29.100866317749023,-69.30154418945312,0.0015441894531278422,0.6749068797750057,45.64413674746865
37.90000000000041,29.078781127929688,-69.2967300415039,0.003269958496090908,0.6781139040380755,45.18247635469814
37.93333333333374,29.056543350219727,-69.29207611083984,0.007923889160153408,0.6815864180668384,44.704355725677964
37.966666666667074,29.034160614013672,-69.28759002685547,0.012409973144528408,0.6848362188335453,44.220680513255154
38.000000000000405,29.011613845825195,-69.28327941894531,0.016720581054684658,0.6886539672941704,43.70737024066276
38.03333333333374,28.988908767700195,-69.27913665771484,0.020863342285153408,0.6923978184162091,43.28299154747707
38.06666666666707,28.966041564941406,-69.2751693725586,0.024830627441403408,0.6962639457636124,42.79974837925403
38.1000000000004,28.943017959594727,-69.27137756347656,0.028622436523434658,0.7000127122751479,42.35397298126991
38.13333333333373,28.919832229614258,-69.26776123046875,0.03223876953124716,0.7039817790508086,41.849490799411136
38.16666666666706,28.896488189697266,-69.26432800292969,0.03567199707030966,0.7078545937429463,41.41060465255646
38.200000000000394,28.872974395751953,-69.26107788085938,0.03892211914062216,0.7121205089428984,40.935788884667964
38.233333333333725,28.849292755126953,-69.25800323486328,0.04199676513671591,0.7164120292287471,40.50659911451705
38.26666666666706,28.825441360473633,-69.25511932373047,0.04488067626952841,0.7207533373473598,40.02128489290553
38.30000000000039,28.80142593383789,-69.25242614746094,0.04757385253905966,0.7249789813670003,39.59925407713398
38.33333333333372,28.777246475219727,-69.24991607666016,0.05008392333984091,0.7292818433522109,39.09307181685806
38.36666666666705,28.752910614013672,-69.24760437011719,0.05239562988280966,0.7333623354134339,38.66985900724252
38.40000000000038,28.728408813476562,-69.24547576904297,0.05452423095702841,0.7378226445997118,38.219156830981035
38.433333333333714,28.703746795654297,-69.24354553222656,0.05645446777343466,0.7421231996844201,37.74868644411827
38.466666666667045,28.678926467895508,-69.24181365966797,0.05818634033202841,0.7464202886789938,37.35141736288149
38.50000000000038,28.65395164489746,-69.24027252197266,0.05972747802734091,0.7506698343890713,36.91251669370739
38.53333333333371,28.628828048706055,-69.23893737792969,0.06106262207030966,0.7547714393668363,36.46586002543277
38.56666666666704,28.603557586669922,-69.23779296875,0.06220703124999716,0.7588908561190894,36.04966288925646
38.60000000000037,28.578147888183594,-69.23685455322266,0.06314544677734091,0.762810632320538,35.53732638919101
38.6333333333337,28.55260467529297,-69.23611450195312,0.06388549804687216,0.7666179365183111,35.16787428445837
38.666666666667034,28.526935577392578,-69.23558044433594,0.06441955566405966,0.7702395887660429,34.731499055690115
38.700000000000365,28.501144409179688,-69.23524475097656,0.06475524902343466,0.7738005835067802,34.30230634317965
38.7333333333337,28.47522735595703,-69.23511505126953,0.06488494873046591,0.7775213326874065,33.877750354412505
38.76666666666703,28.449188232421875,-69.23519134521484,0.06480865478515341,0.7811770591362098,33.43331527288852
38.80000000000036,28.423025131225586,-69.2354736328125,0.06452636718749716,0.7849387208219171,33.05226326211472
38.83333333333369,28.396739959716797,-69.23596954345703,0.06403045654296591,0.788695474662074,32.61447770754075
38.86666666666702,28.370328903198242,-69.2366714477539,0.06332855224609091,0.7926114549143455,32.18024750232606
38.900000000000354,28.343799591064453,-69.23757934570312,0.06242065429687216,0.7963452849614813,31.801537096843006
38.933333333333685,28.317148208618164,-69.23870849609375,0.06129150390624716,0.8002587395416011,31.385910907823813
38.96666666666702,28.29037857055664,-69.24004364013672,0.05995635986327841,0.8040873823188592,30.953528801391705
39.00000000000035,28.26348114013672,-69.2416000366211,0.05839996337890341,0.8082726766939496,30.54166643817678
39.03333333333368,28.23646354675293,-69.24337005615234,0.05662994384765341,0.81226534411699,30.10254015983794
39.06666666666701,28.209320068359375,-69.24536895751953,0.05463104248046591,0.816509414140096,29.7333563166777
39.10000000000034,28.182058334350586,-69.24757385253906,0.05242614746093466,0.8205225974291067,29.35904623143894
39.133333333333674,28.154678344726562,-69.25000762939453,0.04999237060546591,0.8246383397796041,28.94772695491205
39.166666666667005,28.12718391418457,-69.2526626586914,0.04733734130859091,0.8286697787756759,28.535519235409463
39.20000000000034,28.099573135375977,-69.25553894042969,0.04446105957030966,0.8328056752625752,28.150438677347953
39.23333333333367,28.07185173034668,-69.25863647460938,0.04136352539062216,0.8368177300424463,27.755039614781683
39.266666666667,28.044015884399414,-69.26195526123047,0.03804473876952841,0.8409897727158336,27.38563067596433
39.30000000000033,28.016071319580078,-69.2655029296875,0.03449707031249716,0.8450657897351981,26.995347315575398
39.33333333333366,27.988012313842773,-69.26927947998047,0.030720520019528408,0.8493604191232822,26.623827411090804
39.366666666666994,27.959848403930664,-69.27327728271484,0.026722717285153408,0.8533870302602156,26.25139370359636
39.400000000000325,27.931581497192383,-69.27750396728516,0.022496032714840908,0.8574348903017925,25.91596621312858
39.43333333333366,27.903221130371094,-69.28195190429688,0.018048095703122158,0.8612114112739461,25.52623520399565
39.46666666666699,27.8747615814209,-69.28662872314453,0.013371276855465908,0.8652379469741952,25.141215599562475
39.50000000000032,27.846206665039062,-69.2915267944336,0.008473205566403408,0.8691587408142099,24.795259653626243
39.53333333333365,27.817554473876953,-69.29666137695312,0.003338623046872158,0.8732587225077921,24.430041081089787
39.56666666666698,27.788808822631836,-69.30201721191406,0.002017211914065342,0.8772101745142021,24.092116040779647
39.600000000000314,27.759967803955078,-69.30760955810547,0.007609558105471592,0.8813460301231668,23.73204137372994
39.633333333333645,27.731033325195312,-69.31342315673828,0.013423156738284092,0.8853822853132373,23.379149516828267
39.66666666666698,27.70200538635254,-69.31947326660156,0.019473266601565342,0.8895518852409966,23.039856548208757
39.70000000000031,27.67288589477539,-69.32575225830078,0.025752258300784092,0.8936629531447686,22.693886742835552
39.73333333333364,27.643672943115234,-69.33226013183594,0.03226013183594034,0.8978719654735811,22.367225495536985
39.76666666666697,27.614370346069336,-69.33899688720703,0.03899688720703409,0.902010787024097,22.003735327161973
39.8000000000003,27.58498764038086,-69.3459701538086,0.04597015380859659,0.9059651519815153,21.704123568202345
39.833333333333634,27.555524826049805,-69.35316467285156,0.05316467285156534,0.9098553067984256,21.388623251954936
39.866666666666966,27.525981903076172,-69.360595703125,0.06059570312500284,0.9138949928058866,21.051915476430377
39.9000000000003,27.496362686157227,-69.36824798583984,0.06824798583984659,0.9177526341424956,20.738789638142475
39.93333333333363,27.466670989990234,-69.37612915039062,0.07612915039062784,0.9215956913715052,20.415171050914083
39.96666666666696,27.43691635131836,-69.38423156738281,0.08423156738281534,0.925142645892089,20.10179767471842
40.00000000000029,27.407089233398438,-69.39257049560547,0.09257049560547159,0.9291260509642294,19.795892717851785
40.03333333333362,27.377195358276367,-69.401123046875,0.10112304687500284,0.9327973588774281,19.500430135991845
40.066666666666954,27.347232818603516,-69.409912109375,0.10991210937500284,0.9367503738715556,19.20899123638626
40.100000000000286,27.317203521728516,-69.41891479492188,0.11891479492187784,0.940492592249677,18.877074170701214
40.13333333333362,27.287113189697266,-69.42815399169922,0.1281539916992216,0.9443049057148934,18.653655732974077
40.16666666666695,27.256967544555664,-69.43760681152344,0.13760681152344034,0.9477890858567943,18.329153293022635
40.20000000000028,27.226760864257812,-69.44728088378906,0.14728088378906534,0.9515398509444751,18.043765021270072
40.23333333333361,27.19649887084961,-69.4571762084961,0.1571762084960966,0.9551623560872472,17.784361245179884
40.26666666666694,27.16618537902832,-69.46729278564453,0.1672927856445341,0.9587114412792214,17.503991106686247
40.300000000000274,27.13582420349121,-69.47762298583984,0.1776229858398466,0.9621136182714404,17.25562346130352
40.333333333333606,27.105409622192383,-69.48817443847656,0.18817443847656534,0.9657856477993189,17.010614750686955
40.36666666666694,27.074947357177734,-69.49893951416016,0.1989395141601591,0.9692537334808455,16.7350848928516
40.40000000000027,27.0444393157959,-69.50991821289062,0.20991821289062784,0.972699940008834,16.480456946270298
40.4333333333336,27.013893127441406,-69.52111053466797,0.2211105346679716,0.9759630734716072,16.22105637565856
40.46666666666693,26.98331069946289,-69.53251647949219,0.23251647949219034,0.979204999249287,16.02466316120205
40.50000000000026,26.95269203186035,-69.54412078857422,0.2441207885742216,0.982316911960432,15.736593178374338
40.533333333333594,26.922046661376953,-69.5559310913086,0.2559310913085966,0.9852714267997934,15.495005273051532
40.566666666666926,26.891376495361328,-69.56794738769531,0.26794738769531534,0.9882031248946352,15.26848324765254
40.60000000000026,26.86068344116211,-69.58015441894531,0.28015441894531534,0.9909428183367549,15.04398577208559
40.63333333333359,26.829971313476562,-69.59256744384766,0.2925674438476591,0.9937737050151744,14.810342193024121
40.66666666666692,26.79924201965332,-69.60517120361328,0.3051712036132841,0.9964084670426403,14.569887393996957
40.70000000000025,26.76850128173828,-69.61795806884766,0.3179580688476591,0.998822907764369,14.384188547262285
40.73333333333358,26.737751007080078,-69.63094329833984,0.3309432983398466,1.0013870474835067,14.142660754344385
40.766666666666914,26.706993103027344,-69.64411163330078,0.3441116333007841,1.0037471477541524,13.914783334115928
40.800000000000246,26.676239013671875,-69.65745544433594,0.35745544433594034,1.0057256954674583,13.747756649284279
40.83333333333358,26.645490646362305,-69.67098236083984,0.3709823608398466,1.0077676349621043,13.514294874815896
40.86666666666691,26.6147518157959,-69.68467712402344,0.38467712402344034,1.0095444610914626,13.325296332763712
40.90000000000024,26.58402442932129,-69.69854736328125,0.39854736328125284,1.0113853048992127,13.116313554249972
40.93333333333357,26.55350685119629,-69.7117691040039,0.4117691040039091,0.997759140332657,12.93162744910649
40.9666666666669,26.523191452026367,-69.72435760498047,0.4243576049804716,0.9847560130823033,12.750677067025052
41.000000000000234,26.493074417114258,-69.7363510131836,0.4363510131835966,0.9725172846801238,12.509727200577455
41.033333333333566,26.463144302368164,-69.74776458740234,0.4477645874023466,0.9609751821171698,12.39915874247298
41.0666666666669,26.43340492248535,-69.75861358642578,0.4586135864257841,0.9496938170075145,12.164977700446807
41.10000000000023,26.40384864807129,-69.76893615722656,0.46893615722656534,0.9392102760611474,12.00670438858975
41.13333333333356,26.374475479125977,-69.77874755859375,0.47874755859375284,0.9290543501917029,11.803299969995178
41.16666666666689,26.345279693603516,-69.78805541992188,0.48805541992187784,0.9193079773935556,11.671088733843696
41.20000000000022,26.316253662109375,-69.7968978881836,0.4968978881835966,0.9102910382578268,11.468769138095197
41.233333333333555,26.28739356994629,-69.8052749633789,0.5052749633789091,0.9015388386757172,11.358650152896834
41.266666666666886,26.258699417114258,-69.81321716308594,0.5132171630859403,0.8931907123570536,11.178545828551506
41.30000000000022,26.23016357421875,-69.82073974609375,0.5207397460937528,0.8853221031804638,11.027361990342335
41.33333333333355,26.201791763305664,-69.8278579711914,0.5278579711914091,0.8775339906384966,10.86632849356852
41.36666666666688,26.173574447631836,-69.83458709716797,0.5345870971679716,0.8702575688957971,10.731169775040781
41.40000000000021,26.145517349243164,-69.8409423828125,0.5409423828125028,0.8630361423797263,10.620830627941798
41.43333333333354,26.117610931396484,-69.84693908691406,0.5469390869140653,0.8563035416274192,10.45227498047264
41.466666666666875,26.089860916137695,-69.85259246826172,0.5525924682617216,0.8496008832225564,10.340086805116378
41.500000000000206,26.062259674072266,-69.85791778564453,0.5579177856445341,0.8433082543790955,10.234968368016665
41.53333333333354,26.034801483154297,-69.86292266845703,0.5629226684570341,0.8373177356350644,10.066798949911835
41.56666666666687,26.007482528686523,-69.86763000488281,0.5676300048828153,0.8316464756697937,9.98076331731074
41.6000000000002,25.98044204711914,-69.87126922607422,0.5712692260742216,0.818528201620662,9.83218139207776
41.63333333333353,25.953664779663086,-69.87388610839844,0.5738861083984403,0.8071450383671479,9.759015049839702
41.66666666666686,25.92715072631836,-69.87551879882812,0.5755187988281278,0.7969282480409255,9.759015049839702
41.700000000000195,25.90088653564453,-69.87620544433594,0.5762054443359403,0.7881949469668905,9.530554595055236
41.733333333333526,25.87486457824707,-69.8759765625,0.5759765625000028,0.7806889190459185,9.462478270749882
41.76666666666686,25.84907341003418,-69.87487030029297,0.5748703002929716,0.7744464839294533,9.366027493384962
41.80000000000019,25.82351303100586,-69.87291717529297,0.5729171752929716,0.7690467515069026,9.253709226523297
41.83333333333352,25.79817008972168,-69.87014770507812,0.5701477050781278,0.7648144705638468,9.20168930252398
41.86666666666685,25.773040771484375,-69.86659240722656,0.5665924072265653,0.7613872208650162,9.120728669441084
41.90000000000018,25.74811363220215,-69.8622817993164,0.5622817993164091,0.7589132045336685,9.034241184306527
41.933333333333515,25.723388671875,-69.85723876953125,0.5572387695312528,0.757020628076761,8.995469544397018
41.966666666666846,25.698856353759766,-69.85150146484375,0.5515014648437528,0.7558281335501077,8.902416448426091
42.00000000000018,25.674510955810547,-69.84508514404297,0.5450851440429716,0.7553018049309338,8.8625404880909
42.03333333333351,25.650346755981445,-69.8380126953125,0.5380126953125028,0.7553378555211403,8.788071544823616
42.06666666666684,25.626352310180664,-69.83031463623047,0.5303146362304716,0.7559723464686824,8.69262028941999
42.10000000000017,25.60252571105957,-69.82200622558594,0.5220062255859403,0.7570091556935881,8.697118938250448
42.1333333333335,25.578857421875,-69.8131103515625,0.5131103515625028,0.7585460030932774,8.658692842496711
42.166666666666835,25.555341720581055,-69.80364227294922,0.5036422729492216,0.7605060472974567,8.63586310713505
42.200000000000166,25.53197479248047,-69.79363250732422,0.4936325073242216,0.7626190812278736,8.521736939407612
42.2333333333335,25.50874900817871,-69.78308868408203,0.4830886840820341,0.7652113031672008,8.541416349680237
42.26666666666683,25.485660552978516,-69.77203369140625,0.47203369140625284,0.7679587644748269,8.50823275689119
42.30000000000016,25.462705612182617,-69.76048278808594,0.46048278808594034,0.7709198447391064,8.472409321229474
42.33333333333349,25.43987464904785,-69.74845123291016,0.4484512329101591,0.774215782484448,8.434600901870203
42.36666666666682,25.41716766357422,-69.7359619140625,0.43596191406250284,0.7774517651406896,8.431693510726587
42.400000000000155,25.39457893371582,-69.72303009033203,0.4230300903320341,0.7808549823433634,8.394494950133813
42.433333333333486,25.37210464477539,-69.70966339111328,0.4096633911132841,0.7844654742206357,8.406467000090313
42.46666666666682,25.34974479675293,-69.69588470458984,0.3958847045898466,0.7879298860360848,8.36073898727288
42.50000000000015,25.327499389648438,-69.68171691894531,0.38171691894531534,0.7912179589611067,8.353122264428485
42.53333333333348,25.305360794067383,-69.66716766357422,0.3671676635742216,0.7947442491388755,8.364804252827613
42.56666666666681,25.2833251953125,-69.65225219726562,0.35225219726562784,0.7982699248500406,8.337620163318526
42.60000000000014,25.26139259338379,-69.63697814941406,0.33697814941406534,0.8018117039689582,8.355781062140961
42.633333333333475,25.23955535888672,-69.6213607788086,0.3213607788085966,0.8054131657712936,8.338859075149646
42.666666666666806,25.217819213867188,-69.60541534423828,0.3054153442382841,0.8087306075273701,8.356901296983528
42.70000000000014,25.196182250976562,-69.58916473388672,0.2891647338867216,0.8117982815550513,8.372762868864456
42.73333333333347,25.174636840820312,-69.57260131835938,0.27260131835937784,0.8152890833681287,8.388773786330589
42.7666666666668,25.153182983398438,-69.55574798583984,0.2557479858398466,0.8184574110867514,8.374752520347853
42.80000000000013,25.131824493408203,-69.53862762451172,0.2386276245117216,0.8211958840627795,8.390686648703722
42.833333333333464,25.110559463500977,-69.52123260498047,0.2212326049804716,0.8242022696541355,8.415985579567302
42.866666666666795,25.089380264282227,-69.50357818603516,0.2035781860351591,0.8271718618640861,8.435884117822777
42.90000000000013,25.068288803100586,-69.48567962646484,0.1856796264648466,0.8298718892225538,8.488894049141182
42.93333333333346,25.047286987304688,-69.46754455566406,0.16754455566406534,0.8324430032781692,8.500244986224644
42.96666666666679,25.02637481689453,-69.44918823242188,0.14918823242187784,0.8347730989985116,8.524866577602758
43.00000000000012,25.005544662475586,-69.43061828613281,0.13061828613281534,0.8371764536023429,8.532356297122007
43.03333333333345,24.984800338745117,-69.41182708740234,0.11182708740234659,0.8396978653576614,8.590801359765223
43.066666666666784,24.964134216308594,-69.39283752441406,0.09283752441406534,0.8419755977120422,8.633809378056753
43.100000000000115,24.943546295166016,-69.37364959716797,0.07364959716797159,0.844295649684968,8.660308764642105
43.13333333333345,24.923036575317383,-69.3542709350586,0.05427093505859659,0.8465004654912224,8.691069523876742
43.16666666666678,24.902599334716797,-69.33470916748047,0.03470916748047159,0.8487103149674443,8.707966717572386
43.20000000000011,24.88223648071289,-69.31495666503906,0.014956665039065342,0.8510737090839692,8.789693871124635
43.23333333333344,24.861942291259766,-69.29503631591797,0.004963684082028408,0.8531160479085079,8.853177795093304
43.26666666666677,24.841718673706055,-69.27494812011719,0.025051879882809658,0.8551475227937935,8.853082849841545
43.300000000000104,24.821561813354492,-69.25469207763672,0.04530792236327841,0.8572897109977771,8.941258440553986
43.333333333333435,24.80147933959961,-69.23429107666016,0.06570892333984091,0.858810767087334,9.010340710094882
43.36666666666677,24.781465530395508,-69.21373748779297,0.08626251220702841,0.8606406432196884,9.041920702200274
43.4000000000001,24.76152229309082,-69.19304656982422,0.10695343017577841,0.8621265107410622,9.150663756785091
43.43333333333343,24.741647720336914,-69.17221069335938,0.12778930664062216,0.8638397717098283,9.198122565273463
43.46666666666676,24.721839904785156,-69.15125274658203,0.1487472534179659,0.8651165129905848,9.257145701022463
43.50000000000009,24.702096939086914,-69.13015747070312,0.16984252929687216,0.8667847616751337,9.30869596503343
43.533333333333424,24.682416915893555,-69.10893249511719,0.19106750488280966,0.8683447537489504,9.364457618657775
43.566666666666755,24.662799835205078,-69.08759307861328,0.2124069213867159,0.869586393821136,9.467790273169022
43.60000000000009,24.643245697021484,-69.06612396240234,0.2338760375976534,0.8711822678886644,9.527571524725271
43.63333333333342,24.623750686645508,-69.04454040527344,0.25545959472655966,0.8725335701888921,9.564669051971311
43.66666666666675,24.60431480407715,-69.0228500366211,0.2771499633789034,0.8737293981188163,9.645709109988633
43.70000000000008,24.584938049316406,-69.00104522705078,0.2989547729492159,0.8751099993200757,9.743842904371418
43.73333333333341,24.56562042236328,-68.97913360595703,0.3208663940429659,0.876333763500274,9.8112539712058
43.766666666666744,24.54636001586914,-68.95711517333984,0.3428848266601534,0.8776087795330244,9.887160848648156
43.800000000000075,24.52715492248535,-68.93499755859375,0.36500244140624716,0.8787616540012507,9.982469384806336
43.83333333333341,24.508005142211914,-68.91278076171875,0.38721923828124716,0.8799262089035371,10.036556961060581
43.86666666666674,24.48890495300293,-68.89045715332031,0.40954284667968466,0.8813879099302493,10.107831605700591
43.90000000000007,24.4698543548584,-68.86802673339844,0.43197326660155966,0.8828613281724701,10.219318952260364
43.9333333333334,24.450855255126953,-68.84551239013672,0.4544876098632784,0.8837846450356077,10.306521792986738
43.96666666666673,24.43191146850586,-68.82290649414062,0.47709350585937216,0.88481875364312,10.376046663135835
44.000000000000064,24.413021087646484,-68.80020904541016,0.4997909545898409,0.8858998820950644,10.456510269203932
44.033333333333395,24.394184112548828,-68.77742767333984,0.5225723266601534,0.8868146874134204,10.571644771190178
44.06666666666673,24.375396728515625,-68.75456237792969,0.5454376220703097,0.8878112297691956,10.678033290980277
44.10000000000006,24.35666275024414,-68.73162078857422,0.5683792114257784,0.8885666084364555,10.733315541246998
44.13333333333339,24.337980270385742,-68.7085952758789,0.5914047241210909,0.8895439054298075,10.833030798243769
44.16666666666672,24.319347381591797,-68.68549346923828,0.6145065307617159,0.8903876758926542,10.943601331118028
44.20000000000005,24.30076789855957,-68.66231536865234,0.6376846313476534,0.8911674269546481,11.009361442981671
44.233333333333384,24.282236099243164,-68.6390609741211,0.6609390258789034,0.8920622208269592,11.11419306828021
44.266666666666715,24.263755798339844,-68.61573791503906,0.6842620849609347,0.892713809559964,11.228902291208048
44.30000000000005,24.245325088500977,-68.59233856201172,0.7076614379882784,0.8935875494524861,11.327159908882985
44.33333333333338,24.226943969726562,-68.5688705444336,0.7311294555664034,0.8942885657334947,11.388606837693514
44.36666666666671,24.2086124420166,-68.54533386230469,0.7546661376953097,0.8949962471633143,11.511217940450836
44.40000000000004,24.19032859802246,-68.521728515625,0.7782714843749972,0.8957456161005061,11.61644245969042
44.43333333333337,24.172094345092773,-68.49805450439453,0.8019454956054659,0.8964664571972338,11.718966733463457
44.466666666666704,24.15390968322754,-68.47431945800781,0.8256805419921847,0.8970122177090679,11.810152996447293
44.500000000000036,24.135774612426758,-68.45052337646484,0.8494766235351534,0.8975638477423599,11.883325660157448
44.53333333333337,24.117687225341797,-68.4266586303711,0.8733413696289034,0.8983383048230388,12.005595988624231
44.5666666666667,24.09964942932129,-68.4027328491211,0.8972671508789034,0.8989018769199835,12.095701588148918
44.60000000000003,24.0816593170166,-68.37874603271484,0.9212539672851534,0.899505615234375,12.220109697404755
44.63333333333336,24.063718795776367,-68.35470581054688,0.9452941894531222,0.8998972862671257,12.332973245634133
44.66666666666669,24.045820236206055,-68.3305892944336,0.9694107055664034,0.9009818564881101,12.432334490655474
44.700000000000024,24.027963638305664,-68.30641174316406,0.9935882568359347,0.9017044230624259,12.542657842382814
44.733333333333356,24.010150909423828,-68.28216552734375,1.0178344726562472,0.9025824409108943,12.653823424654384
44.76666666666669,23.992380142211914,-68.25785827636719,1.0421417236328097,0.9033152027968282,12.780578756394796
44.80000000000002,23.974653244018555,-68.23348999023438,1.0665100097656222,0.9040191700110761,12.877476791768919
44.83333333333335,23.95697021484375,-68.20905303955078,1.090946960449216,0.9049136265735245,12.962798430110155
44.86666666666668,23.9393310546875,-68.18456268310547,1.1154373168945284,0.905442310063246,13.08879729280408
44.90000000000001,23.921735763549805,-68.16000366210938,1.1399963378906222,0.9063475074474191,13.2091449248857
44.933333333333344,23.904184341430664,-68.13539123535156,1.1618755654741733,0.9068856446000505,41.82189917896973
44.966666666666676,23.886676788330078,-68.1107177734375,1.1616348500899492,0.9076148547457099,41.70975996479535
45.00000000000001,23.869213104248047,-68.08599090576172,1.1614606706642798,0.9081621122329034,41.570598432766126
45.03333333333334,23.851795196533203,-68.06120300292969,1.1613589568643294,0.9088681270545979,41.472979688416004
45.06666666666667,23.834423065185547,-68.03636169433594,1.1613253432909554,0.9093917770626281,41.341911077663084
45.1,23.817094802856445,-68.01146697998047,1.1613582656761254,0.9099527077644683,41.25498375733761
45.13333333333333,23.79981231689453,-67.98651885986328,1.1614592882878862,0.9104854290788157,41.13932943281299
45.166666666666664,23.782575607299805,-67.96151733398438,1.1616284111262207,0.9110227266835345,41.06011835318144
45.199999999999996,23.765378952026367,-67.93645477294922,1.1618653067861924,0.9118504408130427,40.92816212946853
45.23333333333333,23.74822235107422,-67.91133117675781,1.1621699752678094,0.91268265987587,40.85913038747092
45.26666666666666,23.731107711791992,-67.88614654541016,1.162543980839096,0.9134872087173822,40.70882539543281
45.29999999999999,23.714035034179688,-67.86090850830078,1.162982958100908,0.914106861471399,40.573994027919
45.33333333333332,23.697002410888672,-67.83560943603516,1.1634897081843596,0.9149524481127244,40.48467128547773
45.36666666666665,23.68001365661621,-67.81025695800781,1.1640629942263636,0.9155486456061779,40.33433363796016
45.399999999999984,23.663066864013672,-67.78484344482422,1.1647056173580426,0.9163713159312383,40.27209640925412
45.433333333333316,23.646162033081055,-67.7593765258789,1.1654132121802443,0.917007929346709,40.120782969934254
45.46666666666665,23.629301071166992,-67.73385620117188,1.16618734296099,0.9176170818145215,40.03092310010423
45.49999999999998,23.612483978271484,-67.70828247070312,1.167028009700299,0.9182305120120821,39.933793783270666
45.53333333333331,23.5957088470459,-67.68265533447266,1.1679336481301357,0.9188795487492195,39.81335016511433
45.56666666666664,23.5789794921875,-67.65697479248047,1.168907386786549,0.9194701712897774,39.68951657446097
45.59999999999997,23.562294006347656,-67.6312484741211,1.1699432960023675,0.9199043453727063,39.57298323210497
45.633333333333304,23.545654296875,-67.60546875,1.1710473054447734,0.9205035015602593,39.46325792645168
45.666666666666636,23.529052734375,-67.57962799072266,1.1722175234407894,0.9214233802785395,39.3910882074498
45.69999999999997,23.51249122619629,-67.5537338256836,1.173451148859309,0.9221237458179592,39.264473222910574
45.7333333333333,23.4959716796875,-67.52777862548828,1.174754111367498,0.9229902765637975,39.13149604042538
45.76666666666663,23.4794921875,-67.50177001953125,1.1761204812981905,0.9236986098979447,39.02899628475482
45.79999999999996,23.463054656982422,-67.47570037841797,1.1775561883185528,0.9245738140151043,38.90186227896412
45.83333333333329,23.446659088134766,-67.4495849609375,1.1790525016302957,0.9250658015599041,38.81051449094795
45.866666666666625,23.430307388305664,-67.42340850830078,1.18061971629973,0.925919156270718,38.657390603337554
45.899999999999956,23.413997650146484,-67.39718627929688,1.182247537260564,0.9264186782869146,38.56131866456628
45.93333333333329,23.397724151611328,-67.37089538574219,1.1839443679061226,0.9275958466001653,38.47212300200018
45.96666666666662,23.38149070739746,-67.34455108642578,1.1857046059741763,0.9283276015316074,38.34109594447705
45.99999999999995,23.36529541015625,-67.31814575195312,1.1875310525958591,0.9292881185131019,38.24504025566061
46.03333333333328,23.349140167236328,-67.29167938232422,1.1894252720391765,0.9302228419158602,38.12876182219062
46.06666666666661,23.333024978637695,-67.2651596069336,1.191382898905,0.9309661708702599,38.01335564381631
46.099999999999945,23.31694984436035,-67.23858642578125,1.193403933193324,0.9317132116326988,37.91567344581705
46.133333333333276,23.300914764404297,-67.21195220947266,1.195492740303288,0.9326600349607703,37.78064127516007
46.16666666666661,23.284921646118164,-67.18526458740234,1.1976465191037853,0.9333852922849492,37.69618056754754
46.19999999999994,23.268970489501953,-67.15853118896484,1.1998609041956658,0.9339178713739853,37.609104444347174
46.23333333333327,23.25305938720703,-67.1317367553711,1.202143062109189,0.934876656604716,37.4829870592939
46.2666666666666,23.237192153930664,-67.10489654541016,1.2044873905821225,0.9353872814692727,37.38942489402693
46.29999999999993,23.22136688232422,-67.0780029296875,1.2068966907455947,0.9361277739978133,37.28456889990835
46.333333333333265,23.20557975769043,-67.0510482788086,1.2093721994626716,0.9371274499158905,37.15682107558128
46.366666666666596,23.189830780029297,-67.02404022216797,1.2119095513342328,0.9379333018859398,37.044903172387244
46.39999999999993,23.174121856689453,-66.9969711303711,1.2145146760274341,0.938911818481512,36.97385877794579
46.43333333333326,23.158451080322266,-66.9698486328125,1.2171816438751113,0.9397248507886197,36.86636894800001
46.46666666666659,23.142826080322266,-66.94268035888672,1.2199123465502344,0.9402287805612296,36.76734867922923
46.49999999999992,23.12724494934082,-66.91546630859375,1.2227052197847625,0.9407648794509013,36.657275257408905
46.53333333333325,23.11170768737793,-66.8882064819336,1.2255602635787037,0.9413045165942464,36.57761978188689
46.566666666666585,23.096216201782227,-66.86090087890625,1.2284790422000826,0.9418194489305716,36.44851985265701
46.599999999999916,23.08077049255371,-66.83355712890625,1.2314571902497653,0.9421388102986298,36.39601146600261
46.63333333333325,23.06536865234375,-66.80616760253906,1.2344975088588528,0.9426890011158644,36.272971627188895
46.66666666666658,23.050006866455078,-66.77873229980469,1.237596869491313,0.9432986121237446,36.18342689208386
46.69999999999991,23.034687042236328,-66.7512435913086,1.2407612018142928,0.9440834168594184,36.05800686797312
46.73333333333324,23.019407272338867,-66.72370147705078,1.243988941559776,0.9448997213031534,35.98251139908738
46.76666666666657,23.00417137145996,-66.69611358642578,1.2472788518646805,0.9454638788742472,35.85399089469711
46.799999999999905,22.988969802856445,-66.66846466064453,1.250631842187146,0.9465704973101668,35.76278180780246
46.833333333333236,22.97380828857422,-66.64076232910156,1.254048239932107,0.9473972870037413,35.70256681517819
46.86666666666657,22.958677291870117,-66.61299133300781,1.2575289545577382,0.9487664395248966,35.6084108296801
46.8999999999999,22.94358253479004,-66.58516693115234,1.261069948069816,0.9496547409080118,35.50683964692897
46.93333333333323,22.928260803222656,-66.55799865722656,1.264049369360908,0.9357261937641258,35.404669135839505
46.96666666666656,22.912721633911133,-66.53147888183594,1.2664794051702892,0.9221105371349207,35.295537001784396
46.99999999999989,22.8969669342041,-66.50557708740234,1.268379081362527,0.9095065508092787,35.195473317930215
47.033333333333225,22.881000518798828,-66.48027801513672,1.2697602572719704,0.8974812145975882,35.14327713129417
47.066666666666556,22.864826202392578,-66.4555435180664,1.270647888430353,0.886602205545253,35.08158642443293
47.09999999999989,22.84844970703125,-66.43136596679688,1.2710510330408955,0.8760532102214867,35.024433134861326
47.13333333333322,22.831872940063477,-66.40771484375,1.270988716968179,0.8664573515378918,34.901236846758586
47.16666666666655,22.815099716186523,-66.38458251953125,1.2704684341473858,0.857205294365931,34.83592067950583
47.19999999999988,22.798137664794922,-66.36194610595703,1.2695095378480477,0.8485909298495752,34.72621528728235
47.23333333333321,22.780996322631836,-66.33978271484375,1.2681329456077095,0.8405577702413057,34.66509244830556
47.266666666666545,22.763687133789062,-66.31807708740234,1.2663567738327908,0.8328673681432887,34.546636547015325
47.299999999999876,22.7462158203125,-66.29682159423828,1.2641900807265096,0.8254323144991598,34.515285459790626
47.33333333333321,22.728588104248047,-66.2760009765625,1.261646289891217,0.8184198461945007,34.411872538654386
47.36666666666654,22.710811614990234,-66.25558471679688,1.258749119995579,0.8121234572622202,34.33949034110917
47.39999999999987,22.692888259887695,-66.23558044433594,1.2554957699084746,0.8057765306465695,34.26980348828096
47.4333333333332,22.674827575683594,-66.21595001220703,1.2519158879657248,0.8002424392264451,34.1941475511446
47.466666666666534,22.65662956237793,-66.19670104980469,1.2480051087682018,0.7946830925947604,34.13724273803736
47.499999999999865,22.638301849365234,-66.17780303955078,1.243787150984548,0.7897695045069923,34.031414800592344
47.533333333333196,22.619850158691406,-66.15925598144531,1.2392667074188568,0.784864592003769,34.0031243508642
47.56666666666653,22.601276397705078,-66.14104461669922,1.2344540731374192,0.7803682225611573,33.926651665125675
47.59999999999986,22.582578659057617,-66.1231460571289,1.229360780069626,0.776509805925657,33.86354028215656
47.63333333333319,22.563762664794922,-66.10556030273438,1.2239915210195695,0.7726385687672486,33.796278506306265
47.66666666666652,22.544832229614258,-66.08826446533203,1.2183625207207025,0.769257194194421,33.71302397533491
47.699999999999854,22.525789260864258,-66.07125854492188,1.212475343441049,0.7659323658320237,33.65729608763241
47.733333333333185,22.506633758544922,-66.05452728271484,1.2063387199788982,0.7630082330695162,33.636412515871164
47.76666666666652,22.487369537353516,-66.03805541992188,1.1999645096685831,0.7603875549899752,33.54868297624834
47.79999999999985,22.467998504638672,-66.02183532714844,1.1933586421772509,0.7579548048641288,33.50867119616945
47.83333333333318,22.448524475097656,-66.005859375,1.1865286114401004,0.7556599673478558,33.40738845664105
47.86666666666651,22.42894744873047,-65.99011993408203,1.1794787828562814,0.7535854069795972,33.3636815075584
47.89999999999984,22.40926742553711,-65.97460174560547,1.1722178872240563,0.7518681651970325,33.32270191193803
47.933333333333174,22.389488220214844,-65.95930480957031,1.1647490530794762,0.7501279182376845,33.265887188297654
47.966666666666505,22.36961555480957,-65.94420623779297,1.1570900694240542,0.748732749399275,33.21002441739857
47.99999999999984,22.349645614624023,-65.92931365966797,1.1492334423225747,0.7473477469031359,33.15682966420371
48.03333333333317,22.329580307006836,-65.91461181640625,1.1411894668413676,0.7462470693798784,33.121333764328284
48.0666666666665,22.309425354003906,-65.90008544921875,1.1329715665827627,0.7453279323859686,33.09094581464079
48.09999999999983,22.289180755615234,-65.8857421875,1.1245753761476374,0.7443222612457977,33.04164961723973
48.13333333333316,22.268844604492188,-65.87156677246094,1.116008062066243,0.7436741831112412,32.97057402230212
48.166666666666494,22.24842071533203,-65.85755157470703,1.1072771182737533,0.7431049151073502,32.95892777270377
48.199999999999825,22.227947235107422,-65.84370422363281,1.0984094647315563,0.7414993404259538,32.92627252861389
48.23333333333316,22.20742416381836,-65.83001708984375,1.0894094668387693,0.7400545100504923,32.886068927413525
48.26666666666649,22.18682098388672,-65.81648254394531,1.0802564617061408,0.7395319197811703,32.81542495312925
48.29999999999982,22.166139602661133,-65.8030776977539,1.0709651097991177,0.73937033192572,32.82248091123658
48.33333333333315,22.145366668701172,-65.78980255126953,1.0615244612415207,0.7395741136207116,32.765609517503485
48.36666666666648,22.124507904052734,-65.77664947509766,1.0519435742365657,0.7397853255491398,32.72763163743445
48.399999999999814,22.103572845458984,-65.76361846923828,1.0422302701243689,0.7397806518338595,32.66213374855379
48.433333333333145,22.082563400268555,-65.75070190429688,1.0323904785721045,0.7398722818066039,32.67026367691127
48.46666666666648,22.06148910522461,-65.73789978027344,1.0224320209199007,0.7397420239513639,32.63417077782872
48.49999999999981,22.040355682373047,-65.72521209716797,1.0123595899718223,0.7394856169033763,32.63417077782872
48.53333333333314,22.019153594970703,-65.7126235961914,1.002174095186031,0.7397289911502622,32.59437110118221
48.56666666666647,21.997886657714844,-65.70014190673828,0.991874299699439,0.7397754204243476,32.52959657861378
48.5999999999998,21.9765567779541,-65.68775177001953,0.9814704985783358,0.7400211704169906,32.5351320319787
48.633333333333134,21.955167770385742,-65.67545318603516,0.9709658203587892,0.740182633883053,32.48971101221719
48.666666666666465,21.9337215423584,-65.66324615478516,0.960361829308818,0.7403087718549409,32.485104886597476
48.6999999999998,21.912220001220703,-65.651123046875,0.9496644550955831,0.740511590069708,32.4304910281275
48.73333333333313,21.89034080505371,-65.63985443115234,0.9381684311097629,0.7383175690018213,32.40597235565267
48.76666666666646,21.868101119995117,-65.6294174194336,0.9259009319609972,0.7370083612894,32.409683358028644
48.79999999999979,21.845497131347656,-65.6197738647461,0.912880656108936,0.7372547760488307,32.37636224423071
48.83333333333312,21.822546005249023,-65.61090850830078,0.8991304127640827,0.7381150727955699,32.40891794618073
48.866666666666454,21.799257278442383,-65.60279083251953,0.8846754848631215,0.7398887150967036,32.38876792640851
48.899999999999785,21.77564239501953,-65.59539794921875,0.8695383542116218,0.742351465490879,32.38927739769578
48.93333333333312,21.75170135498047,-65.58870697021484,0.8537321170069985,0.7457535372791987,32.38927739769578
48.96666666666645,21.727445602416992,-65.58269500732422,0.8372792550548319,0.7496910745080048,32.329247589610084
48.99999999999978,21.702884674072266,-65.57733917236328,0.820200685892645,0.7541430582822027,32.37575356577747
49.03333333333311,21.67803192138672,-65.57262420654297,0.8025160901949148,0.7588815433663578,32.362697513421445
49.06666666666644,21.65289306640625,-65.56851196289062,0.784251987761402,0.7641893219790185,32.36149030828324
49.099999999999774,21.62748146057129,-65.56500244140625,0.7654193284682829,0.7695841779458823,32.394898543155435
49.133333333333105,21.601802825927734,-65.56206512451172,0.7460402667161984,0.7753825487631631,32.34931627212995
49.16666666666644,21.575868606567383,-65.55968475341797,0.7261329189115597,0.7812969412056564,32.379398123578376
49.19999999999977,21.549684524536133,-65.5578384399414,0.7057150740558824,0.7874728711172652,32.433969843480064
49.2333333333331,21.52326202392578,-65.55651092529297,0.6848048485555827,0.793674839138334,32.433969843480064
49.26666666666643,21.496606826782227,-65.5556869506836,0.6634156660130207,0.800037887869565,32.42096450378038
49.29999999999976,21.4697265625,-65.55535125732422,0.641562514298564,0.8064708104590558,32.48185659524745
49.333333333333094,21.4426326751709,-65.55548095703125,0.619267875217796,0.8128259329982336,32.458085413671746
49.366666666666426,21.415328979492188,-65.55606842041016,0.5965392427059016,0.8193004454066243,32.50962472461324
49.39999999999976,21.3878231048584,-65.55709075927734,0.5733959700323963,0.8257460169544716,32.510988135401554
49.43333333333309,21.36012077331543,-65.55854034423828,0.5498471154004951,0.8322069589519087,32.53466847974199
49.46666666666642,21.332231521606445,-65.5604019165039,0.5259092309486094,0.8385393437212764,32.57901836074952
49.49999999999975,21.304161071777344,-65.56266784667969,0.5015913748799491,0.8448527290910893,32.613611672207014
49.53333333333308,21.27591323852539,-65.56531524658203,0.47690977192798,0.8511485937871075,32.611840936217035
49.566666666666414,21.24749755859375,-65.5683364868164,0.45187660883196396,0.8572752665731849,32.64623301053491
49.599999999999746,21.21891975402832,-65.57172393798828,0.4265009437951295,0.8633360674149773,32.65991127782446
49.63333333333308,21.190183639526367,-65.57545471191406,0.40079900155093734,0.8693185007114395,32.74396652781214
49.66666666666641,21.16129493713379,-65.57952880859375,0.3747754749034584,0.8752370254474788,32.75623849472768
49.69999999999974,21.13225746154785,-65.58393096923828,0.34844222318701956,0.8810780930597234,32.804384718976834
49.73333333333307,21.103078842163086,-65.58865356445312,0.32180986887287966,0.8867498301594745,32.79597675443618
49.7666666666664,21.07376480102539,-65.59368133544922,0.2948918355633766,0.892262483863627,32.86341345124827
49.799999999999734,21.0443172454834,-65.59900665283203,0.267694052925671,0.8977559687151958,32.894654421151166
49.833333333333066,21.014741897583008,-65.60462951660156,0.24022121376384475,0.9031533758780192,32.9435581570086
49.8666666666664,20.985044479370117,-65.61052703857422,0.21249110707939933,0.908320247785087,32.99747655354672
49.89999999999973,20.955230712890625,-65.61669921875,0.18450842567639686,0.9133787997509024,33.01503634766447
49.93333333333306,20.92530059814453,-65.62313079833984,0.15628190035313233,0.9184003953948136,33.093744211220454
49.96666666666639,20.895263671875,-65.62982177734375,0.12781935244971154,0.9231941972178842,33.103238293326534
49.99999999999972,20.86511993408203,-65.63676452636719,0.09912514736528687,0.9279881588254913,33.19913858497779
50.033333333333054,20.834877014160156,-65.6439437866211,0.07021427297022943,0.932501144704303,33.1960767418409
50.066666666666386,20.804533004760742,-65.65135955810547,0.04108516499652526,0.9371111544668426,33.274460548793535
50.09999999999972,20.774097442626953,-65.65900421142578,0.011750010183425018,0.9414285687765959,33.32522965802888
50.13333333333305,20.743568420410156,-65.6668701171875,0.017788390337940403,0.94578237659058,33.33274998211337
50.16666666666638,20.712953567504883,-65.6749496459961,0.04751941409634767,0.9498911536393962,33.42966423743503
50.19999999999971,20.682254791259766,-65.68323516845703,0.07743713142462519,0.953917329153121,33.46036332015119
50.23333333333304,20.651473999023438,-65.69172668457031,0.10753997805474273,0.9579179061580912,33.531556792314234
50.266666666666374,20.620615005493164,-65.70040893554688,0.13781609465237338,0.9617136098388805,33.532786038351205
50.299999999999706,20.58968162536621,-65.70928192138672,0.16826235268147355,0.9654239977405686,33.614628462106886
50.33333333333304,20.558677673339844,-65.71834564208984,0.19887562360598918,0.9690492592297779,33.69346201024947
50.36666666666637,20.527605056762695,-65.72759246826172,0.2296499777587539,0.972579130807883,33.737041546779096
50.3999999999997,20.496475219726562,-65.73699951171875,0.26056293333420355,0.9756040684872088,33.81551886563688
50.43333333333303,20.465293884277344,-65.74658203125,0.29161852832653773,0.978616536170907,33.846171023826
50.46666666666636,20.43406105041504,-65.7563247680664,0.32280803193747837,0.98151400834103,33.89723160558033
50.499999999999694,20.40277862548828,-65.76622009277344,0.3541255144998643,0.9843052394050533,33.95731119720836
50.533333333333026,20.371448516845703,-65.77627563476562,0.38557377714480207,0.9871274837026649,34.00783407309689
50.56666666666636,20.34007453918457,-65.7864761352539,0.41714096053796473,0.989716634215783,34.1053806629787
50.59999999999969,20.308656692504883,-65.79682922363281,0.44883143007849946,0.9923914429663404,34.12854998585211
50.63333333333302,20.277198791503906,-65.80731201171875,0.4806289610329374,0.9947560219962097,34.223408186225036
50.66666666666635,20.24570083618164,-65.81794738769531,0.5125466495986823,0.9973510768438844,34.25695568010936
50.69999999999968,20.21416473388672,-65.82870483398438,0.5445654699111693,0.9996117039911334,34.35235123443613
50.733333333333015,20.18290138244629,-65.83881378173828,0.5759895409692098,0.9857125195416365,34.40114668378852
50.766666666666346,20.151897430419922,-65.84829711914062,0.6068429088463977,0.9726565974618036,34.432153886828246
50.79999999999968,20.12114715576172,-65.85716247558594,0.637134631745959,0.9600815292524046,34.51343980456065
50.83333333333301,20.090639114379883,-65.86544036865234,0.6668915568725943,0.94833416700929,34.568150326812884
50.86666666666634,20.060373306274414,-65.87315368652344,0.6961267804237155,0.936996783117121,34.609528346314065
50.89999999999967,20.03034019470215,-65.88032531738281,0.7248612199368784,0.9263250357761932,34.6655734983313
50.933333333333,20.000534057617188,-65.88697052001953,0.7531082990144374,0.9161375843231647,34.73983630529426
50.966666666666335,19.970945358276367,-65.89310455322266,0.7808845697947824,0.9065350201821496,34.80295739559916
50.999999999999666,19.941574096679688,-65.89875030517578,0.8082031284753494,0.8972686167514861,34.83354675186959
51.033333333333,19.912412643432617,-65.90392303466797,0.8350789629265039,0.8885002742218894,34.908469922855595
51.06666666666633,19.883455276489258,-65.90863800048828,0.861525496750608,0.8801613503677435,34.953422999248865
51.09999999999966,19.854692459106445,-65.91291809082031,0.887563647485207,0.8723857824051419,35.03704102966891
51.13333333333299,19.826128005981445,-65.91677856445312,0.9131990173925196,0.8647243000517371,35.0579056632431
51.16666666666632,19.79775047302246,-65.92023468017578,0.9202346801757812,0.8576165818441086,19.997856493224184
51.199999999999655,19.76955795288086,-65.92329406738281,0.9232940673828125,0.8507409933789724,19.94081991713181
51.233333333332986,19.741540908813477,-65.92597198486328,0.9259719848632812,0.8443419924860326,19.898170803953157
51.26666666666632,19.713695526123047,-65.92829132080078,0.9282913208007812,0.8382542518417155,19.811253370939117
51.29999999999965,19.68601417541504,-65.93025207519531,0.9302520751953125,0.8325212077381924,19.821232569707366
51.33333333333298,19.658498764038086,-65.93187713623047,0.9318771362304688,0.8269007304083424,19.72760015140292
51.36666666666631,19.631145477294922,-65.93317413330078,0.9331741333007812,0.821520570252954,19.708595726702026
51.39999999999964,19.603944778442383,-65.93415832519531,0.9341583251953125,0.8165549501268135,19.71633289956483
51.433333333332975,19.576894760131836,-65.93484497070312,0.934844970703125,0.8117619573427226,19.64231100629903
51.466666666666306,19.54998779296875,-65.93522644042969,0.9352264404296875,0.8072901343141149,19.652359329842668
51.49999999999964,19.52322006225586,-65.93533325195312,0.935333251953125,0.803038314526418,19.541207173613575
51.53333333333297,19.4965877532959,-65.93516540527344,0.9351654052734375,0.7989851361208342,19.549948950247074
51.5666666666663,19.47008514404297,-65.93473815917969,0.9347381591796875,0.7951815847932402,19.512790440593687
51.59999999999963,19.443706512451172,-65.93405151367188,0.934051513671875,0.7916270068903846,19.48166114604699
51.63333333333296,19.417449951171875,-65.93312072753906,0.9331207275390625,0.7881916237404818,19.420841005554372
51.666666666666295,19.39130210876465,-65.93195343017578,0.9319534301757812,0.7852165440938769,19.38558720882519
51.699999999999626,19.36526107788086,-65.93055725097656,0.9305572509765625,0.7823529544023645,19.3427018548337
51.73333333333296,19.33932876586914,-65.9289321899414,0.9289321899414062,0.7794953923385334,19.341970039181707
51.76666666666629,19.31350326538086,-65.9271011352539,0.9271011352539062,0.7767099285221915,19.31251224352986
51.79999999999962,19.287778854370117,-65.92506408691406,0.9250640869140625,0.7741481763910631,19.24740297314763
51.83333333333295,19.26215362548828,-65.92283630371094,0.9228363037109375,0.7716565530868925,19.27017135301614
51.86666666666628,19.236621856689453,-65.92041015625,0.92041015625,0.7694034497902411,19.220175336049856
51.899999999999615,19.211183547973633,-65.91780090332031,0.9178009033203125,0.7671532937133335,19.201921300744463
51.933333333332946,19.185832977294922,-65.91500854492188,0.915008544921875,0.7651168729321547,19.201932781740478
51.96666666666628,19.160568237304688,-65.91205596923828,0.9120559692382812,0.7631004592760691,19.14647880530921
51.99999999999961,19.135385513305664,-65.90892791748047,0.9089279174804688,0.7612876369871576,19.134306246716527
52.03333333333294,19.11028289794922,-65.90564727783203,0.9056472778320312,0.7594823926944521,19.118130997871592
52.06666666666627,19.085256576538086,-65.90220642089844,0.9022064208984375,0.7578526465149452,19.11225189401415
52.0999999999996,19.060304641723633,-65.89862060546875,0.89862060546875,0.7562482469086805,19.065006125564466
52.133333333332935,19.035425186157227,-65.89488983154297,0.8948898315429688,0.7547286830573388,19.045272520237727
52.166666666666266,19.01061248779297,-65.89102172851562,0.891021728515625,0.7533717535395187,19.034900843514016
52.1999999999996,18.985868453979492,-65.88702392578125,0.88702392578125,0.7519472537744273,19.0574031046419
52.23333333333293,18.96118927001953,-65.88288879394531,0.8828887939453125,0.7506965382943759,19.001841664615284
52.26666666666626,18.936573028564453,-65.87863159179688,0.878631591796875,0.7494496661928878,19.01007981751265
52.29999999999959,18.912015914916992,-65.87425994873047,0.8742599487304688,0.7482959203516567,18.985106037733363
52.333333333332924,18.88751792907715,-65.86976623535156,0.8697662353515625,0.7472016415445374,18.983867109108356
52.366666666666255,18.863075256347656,-65.86515808105469,0.8651580810546875,0.7461979647294555,18.970566536953672
52.39999999999959,18.838687896728516,-65.8604507446289,0.8604507446289062,0.7451255551092716,18.969953926056977
52.43333333333292,18.81435203552246,-65.85562896728516,0.8556289672851562,0.7442683048832273,18.95406821212686
52.46666666666625,18.790067672729492,-65.85071563720703,0.8507156372070312,0.7432926609656654,18.947753368739043
52.49999999999958,18.765830993652344,-65.84569549560547,0.8456954956054688,0.7425338988555209,18.913004081947516
52.53333333333291,18.74164390563965,-65.84058380126953,0.8405838012695312,0.7416401964336429,18.91710632964424
52.566666666666244,18.717500686645508,-65.83538818359375,0.83538818359375,0.7408782084720341,18.895760691474845
52.599999999999575,18.693401336669922,-65.8301010131836,0.8301010131835938,0.7401753550157052,18.894117753973887
52.63333333333291,18.66934585571289,-65.82472229003906,0.8247222900390625,0.7394843771613084,18.905585973913215
52.66666666666624,18.64533042907715,-65.81926727294922,0.8192672729492188,0.7388153593100799,18.930527509134
52.69999999999957,18.621355056762695,-65.81373596191406,0.8137359619140625,0.7381547882699523,18.912473520342182
52.7333333333329,18.5974178314209,-65.80812072753906,0.8081207275390625,0.7376106376233532,18.89531346953446
52.76666666666623,18.573516845703125,-65.80243682861328,0.8024368286132812,0.7370260801028254,18.867850166151918
52.799999999999564,18.549654006958008,-65.79668426513672,0.7966842651367188,0.7363927984266361,18.900902593759586
52.833333333332895,18.52582359313965,-65.79085540771484,0.7908554077148438,0.7359876231560696,18.929564239661588
52.86666666666623,18.50202751159668,-65.78496551513672,0.7849655151367188,0.7354249779843781,18.91153342184404
52.89999999999956,18.47826385498047,-65.77900695800781,0.7790069580078125,0.7349790479656293,18.885956618408667
52.93333333333289,18.454530715942383,-65.77299499511719,0.7729949951171875,0.734482830132491,18.908566635513118
52.96666666666622,18.430830001831055,-65.76691436767578,0.7669143676757812,0.7340491070230123,18.885026017537495
52.99999999999955,18.40715789794922,-65.76077270507812,0.760772705078125,0.7336754524244992,18.87992810700866
53.033333333332884,18.383514404296875,-65.75458526611328,0.7545852661132812,0.7331911576995983,18.909527215090385
53.066666666666215,18.35988998413086,-65.74832916259766,0.7483291625976562,0.7331622285966423,18.930133595707392
53.09999999999955,18.336286544799805,-65.74202728271484,0.7420272827148438,0.73290683888265,18.9206816440288
53.13333333333288,18.312700271606445,-65.73567199707031,0.7356719970703125,0.7328244980197041,18.960627128089104
53.16666666666621,18.289134979248047,-65.72926330566406,0.7292633056640625,0.7326355823529191,18.915598512462562
53.19999999999954,18.26558494567871,-65.7228012084961,0.7228012084960938,0.7326162043202481,18.939029480565498
53.23333333333287,18.242053985595703,-65.71630096435547,0.7163009643554688,0.7323683026211969,18.924125132233286
53.266666666666204,18.218538284301758,-65.70974731445312,0.709747314453125,0.7323555700270848,18.9417358425995
53.299999999999535,18.195039749145508,-65.7031478881836,0.7031478881835938,0.7322296247891414,18.912179682122503
53.33333333333287,18.171546936035156,-65.69650268554688,0.696502685546875,0.7324369510946754,18.908484810926847
53.3666666666662,18.14806365966797,-65.6898193359375,0.6898193359375,0.7324740868078242,18.90400672990418
53.39999999999953,18.12458038330078,-65.68309020996094,0.6830902099609375,0.7328511887221987,18.91713731785435
53.43333333333286,18.101097106933594,-65.67630767822266,0.6763076782226562,0.7332941464014625,18.933773118994655
53.46666666666619,18.07761573791504,-65.66949462890625,0.66949462890625,0.7334937619202984,18.908411700283178
53.499999999999524,18.05413246154785,-65.66263580322266,0.6626358032226562,0.7339325465096019,18.93513143041645
53.533333333332855,18.030651092529297,-65.6557388305664,0.6557388305664062,0.734199312534369,18.90689939644049
53.56666666666619,18.00716781616211,-65.6488037109375,0.6488037109375,0.7345775233999833,18.9153507361632
53.59999999999952,17.983686447143555,-65.64183044433594,0.6418304443359375,0.7348476197646735,18.929074972672318
53.63333333333285,17.960205078125,-65.63482666015625,0.63482666015625,0.7351087779635492,18.901537083957855
53.66666666666618,17.936716079711914,-65.6277847290039,0.6277847290039062,0.7356559363750643,18.885082692046627
53.69999999999951,17.913219451904297,-65.6207046508789,0.6207046508789062,0.7362045382413868,18.899762975115237
53.733333333332844,17.88971710205078,-65.61359405517578,0.6135940551757812,0.7366335031080999,18.90669749728938
53.766666666666175,17.866207122802734,-65.60645294189453,0.6064529418945312,0.7371181457712976,18.86603635912042
53.79999999999951,17.84269142150879,-65.59927368164062,0.599273681640625,0.7376157445617882,18.896940705890813
53.83333333333284,17.819169998168945,-65.59207153320312,0.592071533203125,0.7379806692882525,18.84913658217554
53.86666666666617,17.79564094543457,-65.5848388671875,0.5848388671875,0.7384680103047923,18.843349401212556
53.8999999999995,17.77210807800293,-65.57757568359375,0.57757568359375,0.7388468832745538,18.82967027654528
53.93333333333283,17.748567581176758,-65.5702896118164,0.5702896118164062,0.7392683203619995,18.81542995792393
53.966666666666164,17.725021362304688,-65.56297302246094,0.5629730224609375,0.7397034626600033,18.795449373926257
53.999999999999496,17.70146942138672,-65.5556411743164,0.5556411743164062,0.7400033286385685,18.783704393017366
54.03333333333283,17.677913665771484,-65.54827880859375,0.54827880859375,0.740385201415392,18.780851482769357
54.06666666666616,17.654083251953125,-65.54168701171875,0.54168701171875,0.7417589688813758,18.751909392978135
54.09999999999949,17.629987716674805,-65.53583526611328,0.5358352661132812,0.7438776594856922,18.717161765190514
54.13333333333282,17.605636596679688,-65.53070068359375,0.53070068359375,0.7465968687315965,18.732290889438378
54.16666666666615,17.581039428710938,-65.5262680053711,0.5262680053710938,0.7498015587324828,18.706313101077985
54.199999999999484,17.55619239807129,-65.52250671386719,0.5225067138671875,0.7539031906329134,18.686780744855778
54.233333333332816,17.531105041503906,-65.51940155029297,0.5194015502929688,0.7583638640688877,18.64909554209335
54.26666666666615,17.505786895751953,-65.51692962646484,0.5169296264648438,0.7631559608338749,18.627011133504954
54.29999999999948,17.480243682861328,-65.51507568359375,0.51507568359375,0.7683121410276967,18.579446582903067
54.33333333333281,17.454484939575195,-65.51380920410156,0.5138092041015625,0.7736957692701449,18.56272895631604
54.36666666666614,17.428518295288086,-65.51311492919922,0.5131149291992188,0.7792777231872889,18.55723786403972
54.39999999999947,17.4023494720459,-65.51297760009766,0.5129776000976562,0.7850755073537129,18.524100779644122
54.433333333332804,17.375986099243164,-65.51337432861328,0.5133743286132812,0.790990731390677,18.53431141090628
54.466666666666136,17.34943389892578,-65.51429748535156,0.5142974853515625,0.7970473035222391,18.490241236495212
54.49999999999947,17.322702407836914,-65.51571655273438,0.515716552734375,0.8030739264003242,18.441457562421387
54.5333333333328,17.295795440673828,-65.51762390136719,0.5176239013671875,0.8092345609588292,18.390717214178334
54.56666666666613,17.268720626831055,-65.52000427246094,0.5200042724609375,0.81537754448373,18.38920031715778
54.59999999999946,17.24148178100586,-65.52283477783203,0.5228347778320312,0.8215654777862174,18.347972048652004
54.63333333333279,17.214086532592773,-65.52611541748047,0.5261154174804688,0.8277294297690695,18.331071700705525
54.666666666666124,17.186538696289062,-65.52981567382812,0.529815673828125,0.8338571003769064,18.276120458853544
54.699999999999456,17.158843994140625,-65.533935546875,0.533935546875,0.8399838646734425,18.22896798101553
54.73333333333279,17.131010055541992,-65.5384521484375,0.5384521484375,0.8459403317185883,18.204953174393786
54.76666666666612,17.103038787841797,-65.5433578491211,0.5433578491210938,0.8519459750228894,18.158731081002248
54.79999999999945,17.07493782043457,-65.54863739013672,0.5486373901367188,0.8577786021473772,18.132307018616377
54.83333333333278,17.046709060668945,-65.55428314208984,0.5542831420898438,0.8636339813366686,18.086507971991402
54.86666666666611,17.018360137939453,-65.5602798461914,0.5602798461914062,0.8692868870539655,18.05120719859242
54.899999999999444,16.989892959594727,-65.56661987304688,0.566619873046875,0.8749391779402043,18.04669871392101
54.933333333332776,16.961313247680664,-65.57328796386719,0.5732879638671875,0.8804186682771258,17.933042575552562
54.96666666666611,16.93262481689453,-65.58027648925781,0.5802764892578125,0.8858210842464346,17.922840247132036
54.99999999999944,16.90382957458496,-65.58757781982422,0.5875778198242188,0.8911946290996854,17.873063138683463
55.03333333333277,16.874935150146484,-65.59517669677734,0.5951766967773438,0.8963077736590314,17.837022978330875
55.0666666666661,16.845943450927734,-65.60307312011719,0.6030731201171875,0.9014349186919978,17.76438051094342
55.09999999999943,16.816858291625977,-65.61125183105469,0.6112518310546875,0.9063961737491117,17.715137913399023
55.133333333332764,16.787683486938477,-65.61970520019531,0.6197052001953125,0.9112441004161831,17.715835955970782
55.166666666666096,16.7584228515625,-65.62841796875,0.62841796875,0.9159079684357277,17.632454076573108
55.19999999999943,16.729076385498047,-65.63739776611328,0.6373977661132812,0.9206881383193348,17.60888705456038
55.23333333333276,16.69965171813965,-65.64662170410156,0.6466217041015625,0.9250961425968929,17.560793007214347
55.26666666666609,16.670148849487305,-65.65608978271484,0.6560897827148438,0.9295468757465914,17.487651787523028
55.29999999999942,16.64057159423828,-65.6657943725586,0.6657943725585938,0.9338596162652982,17.444611221708247
55.33333333333275,16.610923767089844,-65.67572784423828,0.6757278442382812,0.938030256874107,17.429720014412595
55.366666666666084,16.581207275390625,-65.68588256835938,0.685882568359375,0.942109054619864,17.365843459238906
55.399999999999416,16.551427841186523,-65.69625091552734,0.6962509155273438,0.945983928013973,17.336575040406743
55.43333333333275,16.521583557128906,-65.70683288574219,0.7068328857421875,0.9499439173370317,17.267800530667174
55.46666666666608,16.491680145263672,-65.71762084960938,0.717620849609375,0.9536953313419463,17.23144438908833
55.49999999999941,16.461719512939453,-65.72859954833984,0.7285995483398438,0.9572639048732987,17.162839320749967
55.53333333333274,16.431713104248047,-65.73976135253906,0.7397613525390625,0.9604547839350159,17.103381738429217
55.56666666666607,16.401662826538086,-65.75111389160156,0.7511138916015625,0.9636956989891712,17.084050271287133
55.599999999999405,16.371816635131836,-65.7618408203125,0.7618408203125,0.951459892441737,17.01346154330554
55.633333333332736,16.342166900634766,-65.77196502685547,0.7719650268554688,0.9399179126308358,16.941730609777963
55.66666666666607,16.312713623046875,-65.78150939941406,0.7815093994140625,0.9288334336068657,16.919903488346552
55.6999999999994,16.283451080322266,-65.79049682617188,0.790496826171875,0.9183480940215262,16.828718596715103
55.73333333333273,16.254371643066406,-65.79894256591797,0.7989425659179688,0.9084325907179844,16.813022588751245
55.76666666666606,16.2254695892334,-65.80687713623047,0.8068771362304688,0.8991426525469021,16.750766020680324
55.79999999999939,16.196739196777344,-65.81430053710938,0.814300537109375,0.8902180059733027,16.690670835490273
55.833333333332725,16.168174743652344,-65.82124328613281,0.8212432861328125,0.8818825158146,16.639348152460602
55.866666666666056,16.1397762298584,-65.82772064208984,0.8277206420898438,0.873835541340069,16.617190238669426
55.89999999999939,16.111539840698242,-65.83374786376953,0.8337478637695312,0.8661749053060219,16.617190238669426
55.93333333333272,16.083465576171875,-65.83934020996094,0.8393402099609375,0.8587751732315493,16.546347766097636
55.96666666666605,16.055551528930664,-65.84452056884766,0.8445205688476562,0.8517201045072176,16.486003917656475
55.99999999999938,16.027788162231445,-65.84929656982422,0.8492965698242188,0.8451350449620896,16.449079212341353
56.03333333333271,16.000171661376953,-65.85367584228516,0.8536758422851562,0.8388469658167478,16.381472187988432
56.066666666666045,15.972696304321289,-65.8576889038086,0.8576889038085938,0.8330065529840753,16.336688988527243
56.099999999999376,15.945357322692871,-65.86133575439453,0.8613357543945312,0.8274342826518702,16.328310136882916
56.13333333333271,15.918158531188965,-65.86463928222656,0.8646392822265625,0.8219603395961214,16.292854142672475
56.16666666666604,15.891094207763672,-65.86759948730469,0.8675994873046875,0.8167719234376736,16.24110314309139
56.19999999999937,15.864160537719727,-65.8702392578125,0.8702392578125,0.8118816867826434,16.224620701984914
56.2333333333327,15.83735179901123,-65.87256622314453,0.8725662231445312,0.8072861419083094,16.200275321649702
56.26666666666603,15.810672760009766,-65.87459564208984,0.8745956420898438,0.8026834350897919,16.18350265246076
56.299999999999365,15.784116744995117,-65.87633514404297,0.8763351440429688,0.7983877632158718,16.129646212165582
56.333333333332696,15.757681846618652,-65.87779235839844,0.8777923583984375,0.7942509636548306,16.081860183484004
56.36666666666603,15.731362342834473,-65.87898254394531,0.8789825439453125,0.7903920160105966,16.078026439873405
56.39999999999936,15.705155372619629,-65.8799057006836,0.8799057006835938,0.7866967367319045,16.04238763718074
56.43333333333269,15.679056167602539,-65.88058471679688,0.880584716796875,0.7832410924265689,16.04837467943625
56.46666666666602,15.653061866760254,-65.88101959228516,0.8810195922851562,0.7799381473377112,16.021308742218878
56.49999999999935,15.627167701721191,-65.88121795654297,0.8812179565429688,0.7768477446089972,15.965284039685233
56.533333333332685,15.60137939453125,-65.88119506835938,0.881195068359375,0.773649520411251,15.956602889857699
56.566666666666016,15.575691223144531,-65.88095092773438,0.880950927734375,0.7706799455379582,15.956602889857699
56.59999999999935,15.550102233886719,-65.88050079345703,0.8805007934570312,0.7677884427976727,15.940244861321203
56.63333333333268,15.524606704711914,-65.87984466552734,0.8798446655273438,0.7651191152932265,15.927005789361095
56.66666666666601,15.499202728271484,-65.87899780273438,0.878997802734375,0.7625426388199018,15.885296587722564
56.69999999999934,15.47388744354248,-65.87796020507812,0.877960205078125,0.7600961944557508,15.897067153249921
56.73333333333267,15.448657035827637,-65.87673950195312,0.876739501953125,0.7577976185096973,15.908296571727869
56.766666666666005,15.42350959777832,-65.87535095214844,0.8753509521484375,0.7555723260574555,15.894530955139581
56.799999999999336,15.398441314697266,-65.873779296875,0.873779296875,0.7535250660975884,15.874390074624245
56.83333333333267,15.373449325561523,-65.87205505371094,0.8720550537109375,0.7515419362250417,15.870672357541919
56.866666666666,15.348532676696777,-65.87016296386719,0.8701629638671875,0.7496515558332999,15.820206272100965
56.89999999999933,15.323686599731445,-65.86812591552734,0.8681259155273438,0.7478832768924953,15.874177204875387
56.93333333333266,15.298910140991211,-65.86593627929688,0.865936279296875,0.7461907752548848,15.843319517332564
56.96666666666599,15.274200439453125,-65.86360168457031,0.8636016845703125,0.7445923142060505,15.859717547979706
56.999999999999325,15.249555587768555,-65.86112976074219,0.8611297607421875,0.7430553208004559,15.856968515984695
57.033333333332656,15.224973678588867,-65.85852813720703,0.8585281372070312,0.7415759121919853,15.835777537484024
57.06666666666599,15.20045280456543,-65.85578918457031,0.8557891845703125,0.7402010618592306,15.899458303946346
57.09999999999932,15.175989151000977,-65.8529281616211,0.8529281616210938,0.7389115090684288,15.851705025333098
57.13333333333265,15.151582717895508,-65.8499526977539,0.8499526977539062,0.7376141443471603,15.867781866996902
57.16666666666598,15.12723159790039,-65.84684753417969,0.8468475341796875,0.7364490323541243,15.879193797167986
57.199999999999314,15.10293197631836,-65.84363555908203,0.8436355590820312,0.7353295545210288,15.862363563865054
57.233333333332645,15.07868480682373,-65.84031677246094,0.8403167724609375,0.7341972594772144,15.864745180887956
57.26666666666598,15.054707527160645,-65.83613586425781,0.8361358642578125,0.7301718565518074,15.881023850863874
57.29999999999931,15.03099250793457,-65.83113098144531,0.8311309814453125,0.727121647301148,15.931410293582402
57.33333333333264,15.00753116607666,-65.82532501220703,0.8253250122070312,0.7250720353955431,15.942938567063578
57.36666666666597,14.984315872192383,-65.8187484741211,0.8187484741210938,0.7238650778952086,15.95413659076734
57.3999999999993,14.961337089538574,-65.8114242553711,0.8114242553710938,0.7235342212321015,15.925845080534351
57.433333333332634,14.938589096069336,-65.80337524414062,0.803375244140625,0.7239005524229468,15.976274904746791
57.466666666665965,14.91606330871582,-65.79463195800781,0.7946319580078125,0.7248934635285603,15.986786108372069
57.4999999999993,14.893754005432129,-65.78520202636719,0.7852020263671875,0.7266125249233777,16.003863116274495
57.53333333333263,14.871651649475098,-65.77513122558594,0.7751312255859375,0.7286574301441291,16.069799058532194
57.56666666666596,14.849752426147461,-65.76441955566406,0.7644195556640625,0.7313578258158032,16.07994548718989
57.59999999999929,14.828047752380371,-65.75309753417969,0.7530975341796875,0.7344065157973494,16.087275283854634
57.63333333333262,14.806532859802246,-65.7411880493164,0.7411880493164062,0.7377355821168483,16.09431080905857
57.666666666665954,14.785201072692871,-65.72870635986328,0.7287063598632812,0.741453937608773,16.11345675216026
57.699999999999285,14.764046669006348,-65.7156753540039,0.7156753540039062,0.745375286775404,16.167263979845114
57.73333333333262,14.743070602416992,-65.70211029052734,0.7021102905273438,0.7494035528444072,16.164593641404686
57.76666666666595,14.72226619720459,-65.68804168701172,0.6880416870117188,0.7534414330321375,16.20843926162924
57.79999999999928,14.70163345336914,-65.67349243164062,0.673492431640625,0.7573980822720053,16.26364286419498
57.83333333333261,14.681166648864746,-65.65847778320312,0.658477783203125,0.7615095395926061,16.25753209582644
57.86666666666594,14.660872459411621,-65.64302825927734,0.6430282592773438,0.7651716954928192,16.301056455951297
57.899999999999274,14.640745162963867,-65.62715911865234,0.6271591186523438,0.7689238699797355,16.28307432810719
57.933333333332605,14.620790481567383,-65.61090087890625,0.61090087890625,0.7721837231831529,16.355350015578697
57.96666666666594,14.60100269317627,-65.59427642822266,0.5942764282226562,0.7753296311559661,16.378424047898466
57.99999999999927,14.581387519836426,-65.57730865478516,0.5773086547851562,0.7780708994176577,16.43783248625854
58.0333333333326,14.561939239501953,-65.56001281738281,0.5600128173828125,0.7807966697386036,16.43783248625854
58.06666666666593,14.54266357421875,-65.54241180419922,0.5424118041992188,0.7830786955850676,16.597500576797813
58.09999999999926,14.523555755615234,-65.52452087402344,0.5245208740234375,0.7852863827328118,16.589133609912547
58.133333333332594,14.504620552062988,-65.5063705444336,0.5063705444335938,0.7868791254102854,16.59721716945878
58.166666666665925,14.48585319519043,-65.48796081542969,0.4879608154296875,0.7886815741357949,16.642344420299985
58.19999999999926,14.467253684997559,-65.46931457519531,0.4693145751953125,0.7901023027832957,16.694039637631114
58.23333333333259,14.448816299438477,-65.45044708251953,0.45044708251953125,0.7914085667418663,16.740912946482485
58.26666666666592,14.430548667907715,-65.43136596679688,0.431365966796875,0.7924744822822823,16.815464732669625
58.29999999999925,14.412444114685059,-65.41209411621094,0.4120941162109375,0.7932598345805888,16.831296744794564
58.33333333333258,14.394508361816406,-65.39265441894531,0.3926544189453125,0.7934946469070014,16.910935211201352
58.366666666665914,14.376736640930176,-65.37303924560547,0.37303924560546875,0.7940593048187128,16.92690533922765
58.399999999999245,14.358948707580566,-65.35389709472656,0.3538970947265625,0.7839319242184625,16.981285959123824
58.43333333333258,14.341145515441895,-65.335205078125,0.335205078125,0.7744098536715558,17.044773808996222
58.46666666666591,14.323342323303223,-65.31695556640625,0.31695556640625,0.7648519434958216,17.056365940392116
58.49999999999924,14.305538177490234,-65.29913330078125,0.29913330078125,0.7557504112631263,17.14149374324151
58.53333333333257,14.287750244140625,-65.28172302246094,0.2817230224609375,0.7467098014870301,17.139347577825227
58.5666666666659,14.269975662231445,-65.26470947265625,0.26470947265625,0.738144277971758,17.233496563845044
58.599999999999234,14.252223014831543,-65.24809265136719,0.2480926513671875,0.7294845546768692,17.249559396629273
58.633333333332565,14.234490394592285,-65.23184204101562,0.231842041015625,0.7215783683102214,17.249559396629273
58.6666666666659,14.216793060302734,-65.2159652709961,0.21596527099609375,0.713260625920341,17.373504518478452
58.69999999999923,14.199129104614258,-65.20044708251953,0.20044708251953125,0.7053697992845473,17.378638882442907
58.73333333333256,14.181512832641602,-65.18527221679688,0.185272216796875,0.6975303786386063,17.441421744633477
58.76666666666589,14.163941383361816,-65.1704330444336,0.17043304443359375,0.6899718686999559,17.497817221334547
58.79999999999922,14.146430015563965,-65.15592193603516,0.15592193603515625,0.6822743159408483,17.506916979659874
58.833333333332554,14.128976821899414,-65.1417236328125,0.1417236328125,0.6749705216861887,17.56990289392944
58.866666666665886,14.111592292785645,-65.12784576416016,0.12784576416015625,0.6673345351136004,17.593345145554135
58.89999999999922,14.094276428222656,-65.11426544189453,0.11426544189453125,0.6601801924942805,17.64744187105923
58.93333333333255,14.077033996582031,-65.1009750366211,0.10097503662109375,0.6531023572859443,17.666928455418063
58.96666666666588,14.059863090515137,-65.08796691894531,0.0879669189453125,0.6462553880336931,17.70031075014105
58.99999999999921,14.042774200439453,-65.07524108886719,0.0752410888671875,0.639202021020348,17.760085547591235
59.03333333333254,14.025765419006348,-65.06278228759766,0.06278228759765625,0.6325095552017725,17.743989091373965
59.066666666665874,14.00886344909668,-65.05059051513672,0.05059051513671875,0.6252074154310199,17.818394145956542
59.099999999999206,13.992063522338867,-65.03865814208984,0.03865814208984375,0.6181886112165833,17.827359990652887
59.13333333333254,13.97537899017334,-65.0269775390625,0.0269775390625,0.6110066207484315,17.83935911945893
59.16666666666587,13.9588041305542,-65.01554870605469,0.0155487060546875,0.603994847480684,17.87010297175663
59.1999999999992,13.942211151123047,-65.00479125976562,0.004791259765625,0.5932492354468216,17.87916495807127
59.23333333333253,13.925601959228516,-64.99468231201172,0.00531768798828125,0.5833099279735533,17.905886994543952
59.26666666666586,13.908995628356934,-64.98519897460938,0.014801025390625,0.5737015966274064,17.921957894655055
59.299999999999194,13.892391204833984,-64.97631072998047,0.02368927001953125,0.5650106156537903,17.90148118026764
59.333333333332526,13.875807762145996,-64.9679946899414,0.03200531005859375,0.5565522293418421,17.941702461196474
59.36666666666586,13.859244346618652,-64.9602279663086,0.03977203369140625,0.548818601113288,17.954507697968083
59.39999999999919,13.842729568481445,-64.9529800415039,0.04701995849609375,0.541057556832929,17.954264900946075
59.43333333333252,13.826262474060059,-64.94622802734375,0.05377197265625,0.5339282765612199,17.99235876351369
59.46666666666585,13.809868812561035,-64.93994903564453,0.06005096435546875,0.5266498710652829,17.93385857378325
59.49999999999918,13.793546676635742,-64.93412017822266,0.06587982177734375,0.5199508919190907,17.931246046397774
59.533333333332514,13.777313232421875,-64.92872619628906,0.0712738037109375,0.5131839601256127,17.940622893202978
59.566666666665846,13.761165618896484,-64.92374420166016,0.07625579833984375,0.5069606727775302,17.906574779345817
59.59999999999918,13.745109558105469,-64.91915893554688,0.080841064453125,0.5009386969569781,17.90105609987202
59.63333333333251,13.729143142700195,-64.91495513916016,0.08504486083984375,0.4953165578286964,17.884200414640134
59.66666666666584,13.713282585144043,-64.9111099243164,0.08889007568359375,0.48960051763448414,17.867236294748206
59.69999999999917,13.697525024414062,-64.9076156616211,0.09238433837890625,0.4842102154525323,17.82373948288353
59.7333333333325,13.681884765625,-64.90444946289062,0.095550537109375,0.4787256609486292,17.80220665781818
59.766666666665834,13.666359901428223,-64.90160369873047,0.09839630126953125,0.4735058645732363,17.77368198633124
59.799999999999166,13.650973320007324,-64.8990478515625,0.1009521484375,0.46792234217993456,17.703845223347415
59.8333333333325,13.635722160339355,-64.89677429199219,0.1032257080078125,0.46259080179341294,17.668177478688378
59.86666666666583,13.62061882019043,-64.89476776123047,0.10523223876953125,0.4570813323870155,17.630702670593543
59.89999999999916,13.605660438537598,-64.89302062988281,0.1069793701171875,0.4518020414473252,17.592467402051966
59.93333333333249,13.590861320495605,-64.8915023803711,0.10849761962890625,0.44630379648910407,17.54025498367138
59.96666666666582,13.576215744018555,-64.89022064208984,0.10977935791015625,0.4410466948409073,17.459926417395383
59.999999999999154,13.561728477478027,-64.88916015625,0.11083984375,0.43578087363893453,17.409438367210917
60.033333333332486,13.547394752502441,-64.8883056640625,0.1116943359375,0.4307751684078496,17.34467276954079
60.06666666666582,13.533238410949707,-64.88764190673828,0.11235809326171875,0.4251568204190251,17.221247636117212
60.09999999999915,13.51925277709961,-64.88716125488281,0.1128387451171875,0.4198167247212129,17.169320437904425
60.13333333333248,13.505453109741211,-64.88685607910156,0.1131439208984375,0.4140912415324888,17.085149897114363
60.16666666666581,13.491830825805664,-64.88670349121094,0.11359064358831461,0.408694155104427,17.011987948155213
60.19999999999914,13.478643417358398,-64.88658905029297,0.1154042769379815,0.3956371499882771,16.909725980093242
60.233333333332475,13.465876579284668,-64.88648986816406,0.1185282998727623,0.3830166998265134,16.778754398964438
60.266666666665806,13.45354175567627,-64.88642883300781,0.12270606520303214,0.37004923843529486,16.61789514210027
60.29999999999914,13.44162654876709,-64.88639831542969,0.12772158214669013,0.357457379711238,16.421179800129167
60.33333333333247,13.430160522460938,-64.88632202148438,0.13341752292082218,0.3439884038997856,16.22276791953391
60.3666666666658,13.419130325317383,-64.88619232177734,0.13961408204656148,0.3309287898260249,16.141174639611098
60.39999999999913,13.408540725708008,-64.8860092163086,0.14614615157642308,0.31773547606398184,16.09905901366629
60.43333333333246,13.398375511169434,-64.88577270507812,0.15289019469947354,0.3050389676084691,16.05062023106992
60.466666666665795,13.388632774353027,-64.8854751586914,0.15974541691410837,0.2924183801907918,16.01798374609496
60.499999999999126,13.37929916381836,-64.88512420654297,0.16662874835192681,0.2802061878706857,16.112641818024315
60.53333333333246,13.370366096496582,-64.88470458984375,0.17348769564620828,0.26828751919294075,16.1671105130631
60.56666666666579,13.361823081970215,-64.88423919677734,0.18025932497089994,0.25667044846180054,16.321998895612257
60.59999999999912,13.353658676147461,-64.88370513916016,0.18692318669622648,0.24545562934955167,16.45970630808901
60.63333333333245,13.345861434936523,-64.88312530517578,0.19343834038287722,0.23456312616411054,16.62594093369479
60.66666666666578,13.338421821594238,-64.88248443603516,0.1997934321015069,0.2240149636615855,16.8839451184567
60.699999999999115,13.331328392028809,-64.88179016113281,0.20597008846090664,0.21381974786198488,17.1537452679326
60.733333333332446,13.32457160949707,-64.88105010986328,0.21195328862271953,0.20391568712697059,17.404223165646968
60.76666666666578,13.318140029907227,-64.88025665283203,0.2177418607276358,0.1944101619587857,17.72670732840367
60.79999999999911,13.312024116516113,-64.8794174194336,0.2233273192146487,0.18519675584142004,18.081369923501825
60.83333333333244,13.306215286254883,-64.8785400390625,0.22870294574450944,0.1762415240158536,18.45348695902707
60.86666666666577,13.300704002380371,-64.87760925292969,0.2338768685347748,0.1676799078406237,18.855059499670382
60.8999999999991,13.295480728149414,-64.87664031982422,0.238842507212106,0.1593715236458125,19.324356774890997
60.933333333332435,13.290538787841797,-64.8756332397461,0.2436002677642953,0.15130527373170755,19.780387301112903
60.966666666665766,13.285867691040039,-64.87458801269531,0.24815481518647842,0.1435983301684572,20.239596774545976
60.9999999999991,13.281460762023926,-64.87350463867188,0.2525083661439678,0.13614422633717632,20.784302741453395
61.03333333333243,13.27730941772461,-64.87239074707031,0.25666167783178206,0.12894561874041502,21.322540946624382
61.06666666666576,13.273406982421875,-64.87124633789062,0.2606183054233443,0.12200330444837344,21.880904574323267
61.09999999999909,13.269744873046875,-64.87007141113281,0.26438392858344917,0.11537914960952873,22.517585201293453
61.13333333333242,13.266317367553711,-64.86886596679688,0.2679621379433029,0.10899908695692025,23.118212973862985
61.166666666665755,13.263116836547852,-64.86763763427734,0.27135480277082896,0.10284444344836861,23.756834247473208
61.199999999999086,13.260138511657715,-64.86639404296875,0.274561623946269,0.09682584698630853,24.3736736618716
61.23333333333242,13.25737476348877,-64.86511993408203,0.2775961771605764,0.09129891377726153,25.079845969198004
61.26666666666575,13.2548189163208,-64.86383056640625,0.2804565535681938,0.08587980772234577,25.770414579125376
61.29999999999908,13.25246524810791,-64.8625259399414,0.2831476127098237,0.08073180192605764,26.489913262213243
